Title: JWST Observations of Starbursts: Massive Star Clusters in the
    Central Starburst of M82
Authors: Levy R.C., Bolatto A.D., Mayya D., Cuevas-Otahola B., Tarantino E., 
    Boyer M.L., Boogaard L.A., Boker T., Cronin S.A., Dale D.A., Donaghue K., 
    Emig K.L., Fisher D.B., Glover S.C.O., Herrera-Camus R., 
    Jimenez-Donaire M.J., Klessen R.S., Lenkic L., Leroy A.K., Looze I.D., 
    Meier D.S., Mills E.A.C., Ott J., no M.R., Veilleux S., Villanueva V., 
    Walter F., van der Werf P.P.
Table: NIRCam Catalog of Massive Star Cluster Candidates
================================================================================
Byte-by-byte Description of file: apjlad7af3t1_mrt.txt
--------------------------------------------------------------------------------
   Bytes Format Units Label  Explanations
--------------------------------------------------------------------------------
   1-  4 I4     ---         Seq          Star cluster identification number
   6- 15 F10.6  deg         RAdeg        Right Ascension (J2000) (decimal degrees)
  17- 25 F9.6   deg         DEdeg        Declination (J2000) (decimal degrees)
  27- 31 F5.2   mJy         Flux         Flux measured from Gaussian fit of F250M (mJy) (1)
  33- 38 F6.2   mJy       e_Flux         Uncertainty on Flux (1)
  40- 42 F3.1   pc          Rad          HWHM Gaussian radius of F250M (pc) (1)
  44- 48 F5.1   pc        e_Rad          ?="" Uncertainty on Rad (1)
  50- 52 F3.1   [Msun]      logMassAge0  Stellar mass for 0 Myr (log Solar units) (2)
  54- 58 F5.1   [Msun]    e_logMassAge0  Uncertainty on logMassAge0 (2)
  60- 62 F3.1   [Msun]      logMassAge8  Stellar mass for 8 Myr (log Solar units) (2)
  64- 68 F5.1   [Msun]    e_logMassAge8  Uncertainty on logMassAge8 (2)
  70- 74 F5.2   mag         ABmagF140M   ?="" AB magnitude in F140M from aperture photometry (mag) (3)
  76- 80 F5.2   mag         ABmagF250M   ?="" AB magnitude in F250M from aperture photometry (mag) (3)
  82- 86 F5.2   mag         ABmagF360M   ?="" AB magnitude in F360M from aperture photometry (mag) (3)
  88- 90 A3     ---         Match        Cross-match (4)
--------------------------------------------------------------------------------
Note (1): Properties are derived from the radial profile fitting described 
    in Section 3.2
Note (2): Stellar masses are derived as described in Section 3.3 for the 
    ages given.
Note (3): Magnitudes are calculated as described in Appendix B.
Note (4): Cross Match as follows:
   1 = McCrady et al. (2003) [2003ApJ...596..240M];
   2 = Mayya et al. (2008) [2008ApJ...679..404M].
--------------------------------------------------------------------------------
   0 148.944378 69.677191 10.03   0.61 1.0   0.1 6.2   0.1 6.0   0.1 14.29 14.28 14.35 1 2 
   1 148.960152 69.679407  9.85   0.58 1.6   0.1 6.2   0.1 5.9   0.1 16.91 15.09 14.25 1   
   2 148.958686 69.679427  5.5    0.34 1.4   0.1 6.0   0.1 5.7   0.1 16.25 15.43 14.82 1   
   3 148.961867 69.679835  5.44   0.49 2.9   0.3 6.0   0.1 5.7   0.1 18.0  17.39 16.44 1   
   4 148.97244  69.680689  5.28   0.28 2.1   0.1 6.0   0.1 5.7   0.1 16.67 16.23 15.75 1 2 
   5 148.963417 69.679907  5.22   0.46 1.4   0.1 6.0   0.1 5.7   0.1 16.1  15.64 15.01 1 2 
   6 148.973568 69.680628  4.42   0.36 1.6   0.1 5.9   0.1 5.6   0.1 16.62 16.02 15.29 1 2 
   7 148.967025 69.679836  4.34  13.61 2.2   7.6 5.9   1.4 5.6   1.4                       
   8 148.969952 69.679241  4.23   0.47 1.8   0.2 5.9   0.1 5.6   0.1 16.7  16.14 15.58 1 2 
   9 148.972803 69.680354  4.13   0.35 1.7   0.2 5.8   0.1 5.6   0.1 16.42 16.38 15.83 1 2 
  10 148.978046 69.681895  4.1    0.22 1.9   0.1 5.8   0.1 5.6   0.1 16.83 16.25 15.75 1 2 
  11 148.969852 69.679966  4.11   0.33 2.7   0.2 5.8   0.1 5.6   0.1 19.41 17.83 17.41 2   
  12 148.945731 69.678235  3.94   0.32 1.7   0.1 5.8   0.1 5.5   0.1 15.74 16.07 16.06 1 2 
  13 148.967029 69.68016   3.14   0.25 1.6   0.1 5.7   0.1 5.4   0.1 16.68 16.44 15.96 2   
  14 148.963509 69.679485  3.08   0.49 2.8   0.5 5.7   0.1 5.4   0.1 19.53 18.05 17.31     
  15 148.960688 69.679777  3.0    0.49 2.7   0.4 5.7   0.1 5.4   0.1 19.18 17.71 16.93     
  16 148.960512 69.678803  2.57   0.32 1.8   0.2 5.6   0.1 5.4   0.1 17.73 16.82 16.33 1   
  17 148.947563 69.676749  2.54   0.23 1.0   0.1 5.6   0.1 5.4   0.1 16.14 16.04 16.09 2   
  18 148.970854 69.680143  2.4    0.92 2.2   0.9 5.6   0.2 5.3   0.2 19.17 18.04 17.95 2   
  19 148.972478 69.680733  2.35   1.63 1.8   1.4 5.6   0.3 5.3   0.3                   1 2 
  20 148.947897 69.677921  2.33   0.34 2.2   0.3 5.6   0.1 5.3   0.1 18.6  17.47 16.9      
  21 148.958591 69.678796  2.25   0.16 1.0   0.1 5.6   0.1 5.3   0.1 16.57 16.15 15.57     
  22 148.968059 69.678682  2.24   0.24 1.7   0.2 5.6   0.1 5.3   0.1 18.14 16.71 16.07 2   
  23 148.972952 69.680715  2.22  43.54 2.5  53.3 5.6   8.5 5.3   8.5 19.53 18.71 17.28 1   
  24 148.950666 69.678284  2.14   0.12 1.9   0.1 5.6   0.1 5.3   0.1 18.22 17.13 16.63 1 2 
  25 148.968179 69.678895  2.19   0.12 1.5   0.1 5.6   0.1 5.3   0.1 17.52 16.54 15.96 1 2 
  26 148.958338 69.679106  2.12   0.2  1.7   0.1 5.6   0.1 5.3   0.1 18.06 16.97 16.5      
  27 148.963653 69.678846  2.01   0.41 2.7   0.6 5.5   0.1 5.2   0.1 19.74 18.43 17.65     
  28 148.966712 69.679469  1.96   1.46 2.7   2.2 5.5   0.3 5.2   0.3                       
  29 148.970098 69.68036   1.83   0.16 1.1   0.1 5.5   0.1 5.2   0.1 16.91 16.63 16.53     
  30 148.963168 69.679648  1.83   0.19 2.2   0.2 5.5   0.1 5.2   0.1 20.14 18.09 17.45     
  31 148.966974 69.679502  1.82   0.98 2.4   1.4 5.5   0.2 5.2   0.2 21.11 18.78 18.11     
  32 148.969543 69.680963  1.79   0.12 1.8   0.1 5.5   0.1 5.2   0.1 17.69 17.19 16.72 1 2 
  33 148.968597 69.679425  1.78   0.24 2.9   0.4 5.5   0.1 5.2   0.1 20.47 19.76 18.6  2   
  34 148.960434 69.678758  1.77   0.54 2.8   0.9 5.5   0.1 5.2   0.1                   1   
  35 148.968628 69.680351  1.7  127.3  2.1 176.3 5.5  32.5 5.2  32.5 20.08 18.03 17.32     
  36 148.963359 69.680108  1.61   0.38 1.5   0.4 5.4   0.1 5.2   0.1 19.39 17.08 16.64     
  37 148.968902 69.678843  1.59   0.13 1.5   0.1 5.4   0.1 5.2   0.1 17.91 16.96 16.52 1   
  38 148.963526 69.679083  1.58  25.06 3.0  50.0 5.4   6.9 5.1   6.9                       
  39 148.966981 69.680389  1.58   0.78 1.5   0.9 5.4   0.2 5.1   0.2 18.57 17.3  16.78 2   
  40 148.956639 69.679172  1.59   0.11 2.8   0.2 5.4   0.1 5.1   0.1 20.89 18.79 17.28     
  41 148.958843 69.678917  1.44   0.14 1.0   0.1 5.4   0.1 5.1   0.1 18.51 16.61 15.43     
  42 148.960655 69.679972  1.44   0.49 2.7   1.0 5.4   0.2 5.1   0.2 19.62 19.77 18.58     
  43 148.962054 69.679137  1.43   0.12 2.1   0.2 5.4   0.1 5.1   0.1 19.67 18.22 17.91     
  44 148.968721 69.679668  1.32   2.28 2.0   3.9 5.4   0.8 5.1   0.8 20.6  18.47 17.77 2   
  45 148.971078 69.680096  1.29  37.19 1.5  53.5 5.4  12.5 5.1  12.5 18.13 17.92 17.4  2   
  46 148.972288 69.680105  1.3    2.86 2.3   5.6 5.4   1.0 5.1   1.0 21.98 18.97 18.2      
  47 148.979053 69.682773  1.24   0.07 2.3   0.1 5.3   0.1 5.0   0.1 18.86 18.1  17.77 2   
  48 148.963471 69.680304  1.25   0.43 2.9   1.0 5.3   0.2 5.0   0.2 20.35 19.6  18.91     
  49 148.96375  69.679526  1.23  30.91 2.1  59.4 5.3  11.0 5.0  11.0 19.73 18.53 18.21     
  50 148.960017 69.679934  1.21   0.38 1.5   0.5 5.3   0.1 5.0   0.1 18.48 17.15 16.54 2   
  51 148.970067 69.679939  1.2    0.63 1.3   0.9 5.3   0.2 5.0   0.2 18.69 18.13 17.34 2   
  52 148.9625   69.679358  1.18   0.11 1.1   0.1 5.3   0.1 5.0   0.1 17.78 16.84 16.62     
  53 148.962252 69.679583  1.18   0.46 2.2   1.0 5.3   0.2 5.0   0.2 19.56 19.66 18.94     
  54 148.972478 69.679562  1.17   0.12 2.5   0.3 5.3   0.1 5.0   0.1                       
  55 148.967915 69.680764  1.16   0.27 2.4   0.6 5.3   0.1 5.0   0.1 19.41 18.67 18.27 2   
  56 148.968495 69.679589  1.13   1.37 2.1   2.9 5.3   0.5 5.0   0.5 20.77 19.2  18.94 2   
  57 148.964158 69.678731  1.13   2.35 2.6   5.8 5.3   0.9 5.0   0.9 21.68 19.39 18.06 2   
  58 148.960633 69.678907  1.14   0.25 1.5   0.4 5.3   0.1 5.0   0.1 19.03 17.54 17.15 1   
  59 148.969441 69.680817  1.13   0.35 2.6   0.9 5.3   0.1 5.0   0.1 20.83 19.55 18.41 1   
  60 148.971104 69.678927  1.12   0.12 1.2   0.2 5.3   0.1 5.0   0.1 17.63 17.07 16.57 2   
  61 148.957278 69.679053  1.11   1.31 2.8   3.6 5.3   0.5 5.0   0.5                       
  62 148.962775 69.679177  1.09   2.16 2.0   4.5 5.3   0.9 5.0   0.9 20.33 19.96 18.63     
  63 148.968844 69.68069   1.09   0.79 2.5   2.0 5.3   0.3 5.0   0.3 20.81 19.69 19.24     
  64 148.98296  69.681434  1.09   0.09 1.9   0.1 5.3   0.1 5.0   0.1 18.84 17.8  17.32 1   
  65 148.973435 69.680204  1.1    0.26 2.2   0.6 5.3   0.1 5.0   0.1 19.67 18.78 18.32     
  66 148.964091 69.679691  1.06   9.01 2.2  20.5 5.3   3.7 5.0   3.7 22.74 18.9  18.08     
  67 148.961543 69.67861   1.05   1.11 2.6   3.0 5.3   0.5 5.0   0.5                   2   
  68 148.955517 69.679253  1.04   1.62 2.8   4.6 5.2   0.7 5.0   0.7 21.06 19.72 18.84     
  69 148.963777 69.680113  1.04  13.4  2.4  33.7 5.2   5.6 5.0   5.6 21.14 19.58 19.35     
  70 148.977097 69.683615  1.02   0.06 2.3   0.1 5.2   0.1 5.0   0.1 18.63 18.33 18.06 2   
  71 148.953171 69.678146  1.01   0.06 2.1   0.1 5.2   0.1 5.0   0.1 18.81 18.14 17.91 1   
  72 148.970878 69.679905  1.02   1.44 1.7   2.9 5.2   0.6 5.0   0.6 18.9  18.91 18.91 2   
  73 148.965623 69.678648  1.0    0.13 1.7   0.2 5.2   0.1 4.9   0.1 19.53 18.04 17.52     
  74 148.971065 69.679958  0.96   1.47 1.7   3.1 5.2   0.7 4.9   0.7 19.34 18.78 18.47 2   
  75 148.966611 69.680214  0.97  22.1  1.7  45.8 5.2  10.0 4.9  10.0 19.19 19.86 19.56     
  76 148.967465 69.678456  0.97   0.55 2.9   1.7 5.2   0.2 4.9   0.2                   2   
  77 148.973648 69.680171  0.96   0.1  1.7   0.2 5.2   0.1 4.9   0.1                   2   
  78 148.962733 69.679294  0.96   2.91 1.9   6.5 5.2   1.3 4.9   1.3 20.27 19.04 18.13     
  79 148.970619 69.680041  0.95   1.1  1.4   2.0 5.2   0.5 4.9   0.5 18.63 18.48 18.78 2   
  80 148.956094 69.679297  0.94   0.08 1.6   0.1 5.2   0.1 4.9   0.1 20.27 17.8  17.07     
  81 148.961412 69.679704  0.94   2.68 1.6   5.6 5.2   1.2 4.9   1.2 19.07 18.85 18.56 2   
  82 148.94963  69.67719   0.94   0.05 2.2   0.1 5.2   0.1 4.9   0.1 18.97 18.47 18.27 2   
  83 148.968469 69.680173  0.92 256.0  1.5 513.8 5.2 120.4 4.9 120.4 19.27 18.97 18.13     
  84 148.96675  69.680266  0.91   2.68 1.2   5.0 5.2   1.3 4.9   1.3 18.68 17.85 17.29     
  85 148.961318 69.679774  0.9   14.16 1.8  33.0 5.2   6.9 4.9   6.9 20.52 19.56 19.82 2   
  86 148.955073 69.679007  0.9    0.16 2.4   0.4 5.2   0.1 4.9   0.1 20.11 19.11 18.57     
  87 148.957654 69.678908  0.88   0.11 1.9   0.3 5.2   0.1 4.9   0.1 21.14 18.39 16.9      
  88 148.953072 69.67868   0.88   0.22 2.1   0.5 5.2   0.1 4.9   0.1 19.85 18.17 17.5  1   
  89 148.957693 69.679216  0.86  32.55 2.6 105.4 5.2  16.5 4.9  16.5                       
  90 148.981345 69.682215  0.85   0.11 2.7   0.4 5.2   0.1 4.9   0.1 20.3  19.14 19.05 2   
  91 148.977599 69.681562  0.84   0.43 2.9   1.6 5.2   0.2 4.9   0.2 21.31 19.82 18.35 2   
  92 148.965218 69.680342  0.84   3.2  2.0   8.7 5.2   1.6 4.9   1.6 20.16 19.49 18.71 2   
  93 148.970455 69.679988  0.82 113.14 1.3 239.3 5.2  60.3 4.9  60.3 19.25 18.4  18.15 2   
  94 148.961355 69.678997  0.83   1.28 1.9   3.4 5.2   0.7 4.9   0.7                       
  95 148.955017 69.679359  0.82   0.15 2.7   0.5 5.2   0.1 4.9   0.1 20.45 20.1  19.32     
  96 148.961684 69.679074  0.8    0.06 0.8   0.1 5.1   0.1 4.8   0.1 21.58 17.12 15.38     
  97 148.95686  69.679036  0.8    0.36 2.4   1.2 5.1   0.2 4.8   0.2 21.06 19.2  18.48     
  98 148.969261 69.680722  0.8    0.1  1.9   0.3 5.1   0.1 4.8   0.1 20.57 18.71 18.54     
  99 148.969318 69.678783  0.8    0.16 2.6   0.6 5.1   0.1 4.8   0.1 21.07 19.75 18.7      
 100 148.969917 69.680863  0.79   0.21 2.4   0.7 5.1   0.1 4.8   0.1 21.41 19.56 18.96 1   
 101 148.956316 69.679528  0.77   0.08 1.8   0.2 5.1   0.1 4.8   0.1 19.73 18.44 17.93     
 102 148.977578 69.681444  0.76   0.41 2.9   1.7 5.1   0.2 4.8   0.2 21.28 19.84 19.29     
 103 148.966181 69.68037   0.77   0.95 1.3   2.1 5.1   0.5 4.8   0.5 18.59 17.93 17.36 2   
 104 148.977744 69.68362   0.77   0.04 2.0   0.1 5.1   0.1 4.8   0.1 19.27 18.32 18.07     
 105 148.963667 69.679017  0.76 112.3  2.2 367.0 5.1  64.2 4.8  64.2                       
 106 148.960948 69.679323  0.77   0.08 0.9   0.2 5.1   0.1 4.8   0.1 17.53 17.25 17.09     
 107 148.96152  69.679612  0.76   0.08 1.2   0.2 5.1   0.1 4.8   0.1 18.66 17.89 17.96 2   
 108 148.961553 69.679243  0.78   0.09 1.5   0.2 5.1   0.1 4.8   0.1 20.71 18.43 17.56     
 109 148.973171 69.681069  0.76   0.69 2.8   2.7 5.1   0.4 4.8   0.4 21.52 19.87 19.15     
 110 148.959838 69.680248  0.75   0.1  2.1   0.3 5.1   0.1 4.8   0.1 19.76 19.21 18.25     
 111 148.961218 69.679972  0.73  27.78 1.6  75.7 5.1  16.6 4.8  16.6 18.78 18.38 18.7  2   
 112 148.96239  69.679106  0.74   1.39 1.6   3.7 5.1   0.8 4.8   0.8 19.91 18.89 18.24 2   
 113 148.96196  69.679513  0.73  21.3  1.6  55.6 5.1  12.6 4.8  12.6 19.28 18.79 18.35     
 114 148.964517 69.678936  0.73   0.07 1.3   0.1 5.1   0.1 4.8   0.1 18.65 17.89 17.36     
 115 148.948748 69.677999  0.74   0.19 2.4   0.7 5.1   0.1 4.8   0.1 20.78 19.44 18.7      
 116 148.978508 69.682101  0.73   0.21 1.4   0.4 5.1   0.1 4.8   0.1 18.36 17.67 17.45     
 117 148.95749  69.679227  0.74   0.23 1.9   0.6 5.1   0.1 4.8   0.1 19.99 18.59 18.36     
 118 148.961118 69.678865  0.72   2.29 1.7   6.5 5.1   1.4 4.8   1.4 20.29 18.94 19.05 2   
 119 148.967598 69.679452  0.72   2.89 1.5   7.5 5.1   1.7 4.8   1.7 19.48 18.88 19.19     
 120 148.965974 69.67883   0.72   0.05 1.6   0.1 5.1   0.1 4.8   0.1 19.74 18.43 18.02     
 121 148.96435  69.679678  0.72   0.37 1.5   1.0 5.1   0.2 4.8   0.2 20.49 18.68 18.13     
 122 148.964749 69.680329  0.7   43.62 1.7 128.4 5.1  27.0 4.8  27.0 19.94 19.18 18.59     
 123 148.967053 69.679073  0.7    0.14 1.9   0.4 5.1   0.1 4.8   0.1 20.14 19.51 19.42     
 124 148.955415 69.679382  0.7    0.06 1.5   0.1 5.1   0.1 4.8   0.1 18.65 18.08 17.97     
 125 148.962789 69.680566  0.69   1.87 2.8   8.1 5.1   1.2 4.8   1.2 24.27 19.72 19.03     
 126 148.949072 69.678447  0.69   0.12 2.4   0.4 5.1   0.1 4.8   0.1 20.59 19.46 18.62     
 127 148.983587 69.682052  0.69   0.05 1.5   0.1 5.1   0.1 4.8   0.1 18.67 17.8  17.42     
 128 148.980694 69.681432  0.69   0.06 1.8   0.2 5.1   0.1 4.8   0.1 20.96 18.43 17.73     
 129 148.965262 69.680629  0.69   0.69 2.4   2.6 5.1   0.4 4.8   0.4 20.22 20.51 19.71 2   
 130 148.961558 69.679936  0.68   0.54 1.4   1.4 5.1   0.3 4.8   0.3 18.76 18.45 18.61 1   
 131 148.965482 69.680408  0.67   0.06 1.2   0.1 5.1   0.1 4.8   0.1 18.48 17.9  17.56 2   
 132 148.955711 69.679383  0.66   0.06 1.1   0.1 5.0   0.1 4.8   0.1 20.12 17.63 17.04     
 133 148.966619 69.678678  0.66   0.05 1.0   0.1 5.0   0.1 4.8   0.1 18.37 17.4  17.03     
 134 148.95963  69.676788  0.65   0.03 2.2   0.1 5.0   0.1 4.8   0.1 19.59 18.75 18.4      
 135 148.977005 69.680647  0.64   0.21 2.9   1.0 5.0   0.1 4.8   0.1 21.64 20.01 19.29     
 136 148.977268 69.681173  0.64   0.06 1.7   0.2 5.0   0.1 4.8   0.1 20.3  18.38 17.54     
 137 148.967393 69.679104  0.64   0.09 1.7   0.3 5.0   0.1 4.8   0.1 20.46 19.18 18.42 2   
 138 148.962113 69.679981  0.64   0.26 1.3   0.7 5.0   0.2 4.8   0.2 20.8  18.35 17.24 1   
 139 148.971099 69.679378  0.64   0.05 1.9   0.2 5.0   0.1 4.8   0.1 20.65 18.94 18.22     
 140 148.962176 69.680319  0.63   0.16 2.3   0.6 5.0   0.1 4.8   0.1                       
 141 148.970078 69.679009  0.63   9.8  2.3  39.1 5.0   6.8 4.7   6.8 21.3  19.62 19.2  2   
 142 148.972895 69.679464  0.62   0.06 1.9   0.2 5.0   0.1 4.7   0.1                       
 143 148.96771  69.678862  0.63   0.45 1.8   1.5 5.0   0.3 4.7   0.3 21.68 19.44 19.14 1 2 
 144 148.968485 69.68038   0.63  75.9  1.0 190.0 5.0  52.4 4.7  52.4 19.43 17.85 17.1      
 145 148.949358 69.678351  0.63   0.06 1.9   0.2 5.0   0.1 4.7   0.1 19.35 18.78 18.34     
 146 148.961326 69.678557  0.61   0.41 1.9   1.5 5.0   0.3 4.7   0.3 19.6  19.94 19.77 2   
 147 148.975294 69.67961   0.62   0.07 2.3   0.3 5.0   0.1 4.7   0.1 20.47 19.31 18.56     
 148 148.969073 69.679456  0.61   5.34 1.7  17.7 5.0   3.8 4.7   3.8 19.58 19.5  20.29 2   
 149 148.95958  69.678766  0.6    0.29 2.0   1.1 5.0   0.2 4.7   0.2                       
 150 148.962843 69.678736  0.59   0.31 1.8   1.1 5.0   0.2 4.7   0.2 21.12 19.16 18.58 2   
 151 148.964034 69.678298  0.59   0.06 1.3   0.1 5.0   0.1 4.7   0.1 18.67 18.02 17.58 2   
 152 148.977814 69.682311  0.6    0.05 1.9   0.2 5.0   0.1 4.7   0.1 20.01 18.65 18.19     
 153 148.966156 69.680538  0.58   0.8  1.6   2.7 5.0   0.6 4.7   0.6 19.23 19.17 18.77 2   
 154 148.965919 69.680486  0.59  11.6  1.5  37.3 5.0   8.6 4.7   8.6 19.25 18.78 18.51 2   
 155 148.958519 69.679709  0.58   1.63 1.7   5.8 5.0   1.2 4.7   1.2 20.07 19.26 19.34 2   
 156 148.979642 69.681744  0.58   0.06 2.2   0.3 5.0   0.1 4.7   0.1 21.22 19.68 18.46     
 157 148.959242 69.678673  0.58   0.09 1.9   0.3 5.0   0.1 4.7   0.1 20.56 19.5  18.18     
 158 148.972467 69.681178  0.59   1.39 2.5   6.4 5.0   1.0 4.7   1.0 20.89 20.32 19.97     
 159 148.984095 69.682005  0.59   0.06 2.0   0.2 5.0   0.1 4.7   0.1 19.7  18.8  18.26     
 160 148.954831 69.678953  0.57   0.08 2.2   0.3 5.0   0.1 4.7   0.1 21.18 19.34 18.67     
 161 148.97279  69.680981  0.57   0.18 2.0   0.7 5.0   0.1 4.7   0.1 19.78 19.64 19.58 2   
 162 148.969271 69.679177  0.56   0.07 1.1   0.2 5.0   0.1 4.7   0.1 19.3  17.98 17.63 2   
 163 148.965917 69.679303  0.56   1.48 1.1   4.3 5.0   1.1 4.7   1.1 19.88 18.85 18.18     
 164 148.974254 69.679953  0.58   0.13 2.3   0.6 5.0   0.1 4.7   0.1 20.3  19.9  19.12     
 165 148.967648 69.679501  0.57   2.33 1.2   6.8 5.0   1.8 4.7   1.8 19.47 18.67 18.23     
 166 148.970652 69.681072  0.56   0.06 2.0   0.2 5.0   0.1 4.7   0.1 19.91 19.4  18.85     
 167 148.952819 69.678007  0.55   0.22 2.5   1.1 5.0   0.2 4.7   0.2 20.98 19.92 19.2  1   
 168 148.967592 69.679137  0.54   0.12 1.5   0.4 5.0   0.1 4.7   0.1 19.64 19.15 18.94 2   
 169 148.980477 69.681508  0.54   0.15 2.8   0.8 5.0   0.1 4.7   0.1 21.6  20.29 19.42     
 170 148.964438 69.678768  0.55   0.08 1.2   0.2 5.0   0.1 4.7   0.1 18.2  18.13 20.05 2   
 171 148.972741 69.680117  0.54   0.06 1.0   0.2 5.0   0.1 4.7   0.1 19.5  17.95 17.6      
 172 148.961434 69.679557  0.53   0.06 0.9   0.2 5.0   0.1 4.7   0.1 18.49 18.1  17.62     
 173 148.962173 69.678286  0.53   0.08 1.9   0.3 5.0   0.1 4.7   0.1 21.32 19.43 18.68     
 174 148.962612 69.678434  0.53   0.24 2.0   1.0 5.0   0.2 4.7   0.2 21.63 19.55 19.02     
 175 148.955851 69.67969   0.53   0.11 2.3   0.5 5.0   0.1 4.7   0.1 20.95 19.99 19.19     
 176 148.955865 69.678962  0.54   6.86 2.4  33.4 5.0   5.6 4.7   5.6                       
 177 148.969025 69.678636  0.54   0.48 2.2   2.2 5.0   0.4 4.7   0.4 20.02 19.84 19.0  2   
 178 148.947612 69.67779   0.52   0.45 2.1   2.1 5.0   0.4 4.7   0.4 20.46 19.54 19.01     
 179 148.949852 69.678337  0.52   0.05 1.8   0.2 5.0   0.1 4.7   0.1 19.57 19.16 18.64     
 180 148.966599 69.679426  0.5    4.51 1.2  15.0 4.9   3.9 4.6   3.9 20.3  19.22 18.3      
 181 148.961029 69.679129  0.51   0.13 1.0   0.4 4.9   0.1 4.6   0.1 20.51 17.86 17.1      
 182 148.958695 69.678641  0.51   6.52 1.9  27.7 4.9   5.6 4.6   5.6 23.35 19.25 17.71     
 183 148.962358 69.67963   0.51  26.43 1.1  82.0 4.9  22.4 4.6  22.4 19.34 18.55 17.6      
 184 148.971287 69.678426  0.5    0.24 2.6   1.3 4.9   0.2 4.6   0.2 20.57 20.26 19.71     
 185 148.951333 69.679242  0.51   0.04 2.4   0.2 4.9   0.1 4.6   0.1 20.1  19.53 19.21 2   
 186 148.963836 69.6803    0.51   1.58 1.7   6.3 4.9   1.4 4.6   1.4 19.83 19.38 18.97     
 187 148.951611 69.677321  0.49   0.06 2.8   0.4 4.9   0.1 4.6   0.1 23.69 20.84 19.98     
 188 148.957946 69.678468  0.5    0.04 2.0   0.2 4.9   0.1 4.6   0.1 22.91 19.33 17.56     
 189 148.96742  69.680695  0.49   0.17 1.7   0.7 4.9   0.2 4.6   0.2 19.84 19.41 18.78     
 190 148.961369 69.678819  0.49   0.07 1.1   0.2 4.9   0.1 4.6   0.1 18.91 18.41 18.75     
 191 148.965148 69.680656  0.49   0.41 2.1   2.0 4.9   0.4 4.6   0.4                       
 192 148.958226 69.680768  0.49   0.04 2.7   0.2 4.9   0.1 4.6   0.1 20.54 20.07 19.91     
 193 148.955533 69.679108  0.49   0.06 1.7   0.3 4.9   0.1 4.6   0.1 21.24 19.14 18.57     
 194 148.947625 69.677954  0.49   1.77 2.0   8.4 4.9   1.6 4.6   1.6                       
 195 148.956571 69.679529  0.49   0.09 1.8   0.4 4.9   0.1 4.6   0.1 19.73 19.2  18.91     
 196 148.972087 69.681231  0.48   0.65 2.2   3.3 4.9   0.6 4.6   0.6 20.34 20.07 19.66 2   
 197 148.946418 69.677654  0.48   0.11 2.5   0.6 4.9   0.1 4.6   0.1 20.33 19.84 19.28     
 198 148.967137 69.678673  0.48   9.02 1.5  34.8 4.9   8.1 4.6   8.1 19.68 18.87 18.16 2   
 199 148.964879 69.67891   0.48   5.02 1.6  20.3 4.9   4.6 4.6   4.6 21.17 19.53 18.27     
 200 148.967319 69.678709  0.47   0.05 1.1   0.1 4.9   0.1 4.6   0.1 18.84 18.41 17.83 2   
 201 148.954342 69.679353  0.47   0.36 2.5   2.1 4.9   0.3 4.6   0.3                   2   
 202 148.966866 69.680511  0.48   0.59 1.0   1.9 4.9   0.5 4.6   0.5 21.19 18.07 17.48     
 203 148.980901 69.681477  0.46   0.07 1.8   0.3 4.9   0.1 4.6   0.1 20.22 19.06 18.37     
 204 148.956172 69.678724  0.46   0.04 0.8   0.1 4.9   0.1 4.6   0.1 20.75 17.62 16.74     
 205 148.953787 69.678792  0.46   0.12 2.4   0.7 4.9   0.1 4.6   0.1                   2   
 206 148.964941 69.678702  0.47  44.77 1.6 187.5 4.9  41.7 4.6  41.7                       
 207 148.956076 69.677729  0.45   0.07 3.0   0.5 4.9   0.1 4.6   0.1                       
 208 148.959702 69.680277  0.45   0.06 1.6   0.3 4.9   0.1 4.6   0.1 19.14 19.1  18.38     
 209 148.958724 69.678531  0.44   0.09 1.5   0.4 4.9   0.1 4.6   0.1 19.44 18.95 19.04     
 210 148.972816 69.679168  0.45   0.07 2.2   0.4 4.9   0.1 4.6   0.1 21.11 19.92 19.63     
 211 148.97907  69.681922  0.44   0.06 1.5   0.2 4.9   0.1 4.6   0.1 19.45 18.6  18.13     
 212 148.968313 69.678195  0.44   0.03 2.2   0.2 4.9   0.1 4.6   0.1 20.47 19.64 19.23     
 213 148.968791 69.679287  0.44   0.23 1.4   0.9 4.9   0.2 4.6   0.2 19.91 19.01 18.19 2   
 214 148.961814 69.678538  0.44   0.67 1.6   3.0 4.9   0.7 4.6   0.7 19.89 19.24 18.67     
 215 148.976136 69.681079  0.44   0.05 1.0   0.2 4.9   0.1 4.6   0.1 21.07 18.02 17.96     
 216 148.959024 69.677877  0.44   0.09 2.8   0.6 4.9   0.1 4.6   0.1 22.07 21.12 20.18     
 217 148.966582 69.678863  0.44   0.06 1.3   0.2 4.9   0.1 4.6   0.1 19.59 18.88 18.93     
 218 148.973083 69.680032  0.43   0.25 1.3   1.0 4.9   0.2 4.6   0.2 20.06 19.03 18.22     
 219 148.955241 69.679217  0.43   0.11 1.3   0.4 4.9   0.1 4.6   0.1 19.05 18.46 17.88     
 220 148.970461 69.678741  0.43   0.11 1.9   0.5 4.9   0.1 4.6   0.1 20.04 19.74 19.21     
 221 148.972512 69.681139  0.44   1.12 2.0   5.9 4.9   1.1 4.6   1.1 20.53 20.39 19.9      
 222 148.950175 69.678482  0.43   0.3  2.1   1.6 4.9   0.3 4.6   0.3 20.8  19.81 19.26     
 223 148.96592  69.67872   0.42   1.79 1.5   7.9 4.9   1.9 4.6   1.9 20.36 19.45 18.66     
 224 148.94913  69.677508  0.42   0.08 2.2   0.5 4.9   0.1 4.6   0.1 23.69 19.85 19.38     
 225 148.964461 69.680416  0.42   8.01 1.1  31.2 4.9   8.3 4.6   8.3 19.08 18.26 17.76     
 226 148.960882 69.679892  0.43  13.42 1.1  51.1 4.9  13.7 4.6  13.7 19.43 20.07 19.12     
 227 148.967471 69.678869  0.42  13.56 1.4  57.3 4.9  14.0 4.6  14.0 19.52 19.37 19.33 2   
 228 148.957959 69.679049  0.42  26.64 1.5 116.9 4.9  27.6 4.6  27.6 22.45 19.15 18.13     
 229 148.978284 69.68189   0.42   0.9  1.9   4.6 4.9   0.9 4.6   0.9                   1 2 
 230 148.950457 69.678537  0.43   0.64 2.3   3.8 4.9   0.6 4.6   0.6 21.89 20.04 20.04     
 231 148.977167 69.680383  0.41   0.02 1.7   0.1 4.8   0.1 4.6   0.1 19.12 19.02 18.83 2   
 232 148.956645 69.678869  0.41   0.04 1.3   0.2 4.8   0.1 4.6   0.1 19.57 18.78 18.28     
 233 148.962137 69.678841  0.42   0.05 0.8   0.2 4.8   0.1 4.6   0.1 20.51 17.9  16.69     
 234 148.955308 69.678025  0.41   0.12 2.8   0.9 4.8   0.1 4.6   0.1                       
 235 148.957788 69.678858  0.42  16.62 1.4  72.8 4.8  17.3 4.6  17.3 20.73 19.28 20.06     
 236 148.973795 69.679533  0.4    0.03 1.1   0.1 4.8   0.1 4.6   0.1 19.59 18.14 17.42     
 237 148.957458 69.678379  0.4    8.66 2.5  58.7 4.8   9.3 4.6   9.3                       
 238 148.964702 69.68071   0.41   0.17 1.7   0.9 4.8   0.2 4.6   0.2 19.88 19.3  18.91     
 239 148.957747 69.679759  0.4    0.04 1.1   0.1 4.8   0.1 4.6   0.1 18.4  18.17 17.96 2   
 240 148.960192 69.678952  0.4   12.55 1.5  58.9 4.8  13.6 4.6  13.6 20.31 19.42 21.25 1   
 241 148.955919 69.679507  0.41   0.19 1.5   0.9 4.8   0.2 4.6   0.2 20.24 19.1  18.68     
 242 148.970607 69.678852  0.41   0.67 1.7   3.4 4.8   0.7 4.6   0.7 20.31 19.73 18.94     
 243 148.970799 69.678811  0.4    0.1  1.5   0.5 4.8   0.1 4.6   0.1 19.78 19.03 19.1      
 244 148.974822 69.680488  0.39   0.74 2.0   4.3 4.8   0.8 4.5   0.8 23.43 20.25 19.42     
 245 148.946615 69.677577  0.39   0.22 2.2   1.4 4.8   0.2 4.5   0.2 20.36 19.82 19.5      
 246 148.959052 69.67865   0.4    0.6  1.5   2.8 4.8   0.7 4.5   0.7 20.04 19.54 19.16     
 247 148.948438 69.677576  0.4    0.26 2.5   1.7 4.8   0.3 4.5   0.3 20.94 20.71 20.16     
 248 148.953698 69.678835  0.4    0.05 1.9   0.3 4.8   0.1 4.5   0.1 19.97 19.74 19.01 2   
 249 148.949656 69.677738  0.39   0.09 2.3   0.6 4.8   0.1 4.5   0.1 21.72 20.27 20.11     
 250 148.978663 69.681864  0.39   0.31 1.5   1.5 4.8   0.3 4.5   0.3 19.81 18.93 18.56     
 251 148.965401 69.678587  0.38   2.35 1.4  11.2 4.8   2.7 4.5   2.7 22.45 19.03 18.6      
 252 148.960522 69.678531  0.39   0.04 0.8   0.1 4.8   0.1 4.5   0.1 19.5  17.79 17.29     
 253 148.96856  69.681675  0.39   0.73 2.7   5.4 4.8   0.8 4.5   0.8 23.26 21.23 20.69     
 254 148.978024 69.681678  0.38   0.04 1.1   0.2 4.8   0.1 4.5   0.1 19.14 18.5  18.79     
 255 148.968881 69.679216  0.39   0.81 1.3   3.6 4.8   0.9 4.5   0.9 19.6  19.34 18.84     
 256 148.950357 69.678154  0.39   4.66 2.3  31.0 4.8   5.2 4.5   5.2                   1 2 
 257 148.969372 69.678971  0.38  13.43 1.7  70.6 4.8  15.3 4.5  15.3 21.9  20.18 20.24 2   
 258 148.97242  69.679471  0.38   0.66 1.6   3.4 4.8   0.8 4.5   0.8 20.11 19.55 20.55     
 259 148.976308 69.680454  0.37   0.03 1.4   0.1 4.8   0.1 4.5   0.1 23.77 18.61 17.63     
 260 148.965089 69.678261  0.38   0.28 1.9   1.7 4.8   0.3 4.5   0.3 20.64 19.86 19.06     
 261 148.974885 69.679721  0.38   0.03 1.7   0.1 4.8   0.1 4.5   0.1 19.39 19.12 18.8  2   
 262 148.970509 69.680702  0.37   1.14 1.3   5.2 4.8   1.3 4.5   1.3 20.28 19.3  19.54     
 263 148.949801 69.678179  0.38   2.46 2.0  14.5 4.8   2.8 4.5   2.8 21.97 19.44 18.75     
 264 148.967186 69.679009  0.37  16.22 1.3  76.9 4.8  19.1 4.5  19.1                   2   
 265 148.952906 69.67899   0.37   0.06 1.9   0.3 4.8   0.1 4.5   0.1 20.2  19.75 19.23     
 266 148.969583 69.678417  0.37   0.07 2.1   0.4 4.8   0.1 4.5   0.1 20.8  19.59 18.81     
 267 148.96425  69.678631  0.37   0.33 1.5   1.7 4.8   0.4 4.5   0.4                       
 268 148.978617 69.680488  0.37   0.23 2.8   1.9 4.8   0.3 4.5   0.3 22.61 20.88 20.25     
 269 148.954633 69.678701  0.37   0.08 1.8   0.4 4.8   0.1 4.5   0.1 21.24 19.41 19.26     
 270 148.974414 69.680578  0.36   0.4  1.6   2.1 4.8   0.5 4.5   0.5 21.16 19.61 19.37     
 271 148.969144 69.680649  0.37   0.3  1.0   1.3 4.8   0.4 4.5   0.4 19.68 18.46 18.56     
 272 148.947228 69.677851  0.36   0.99 2.0   6.3 4.8   1.2 4.5   1.2 20.67 19.92 19.82     
 273 148.976311 69.681553  0.36   0.04 1.8   0.2 4.8   0.1 4.5   0.1 21.35 19.41 18.23     
 274 148.95797  69.678685  0.35   4.97 1.4  25.8 4.8   6.1 4.5   6.1 20.61 19.28 19.09     
 275 148.976112 69.680766  0.35   0.05 2.8   0.4 4.8   0.1 4.5   0.1 22.49 21.47 19.85     
 276 148.967021 69.680615  0.35  36.15 1.3 180.8 4.8  45.0 4.5  45.0 20.75 19.32 18.72     
 277 148.970252 69.679341  0.35  10.91 1.4  55.7 4.8  13.5 4.5  13.5 19.82 19.83 22.03 1 2 
 278 148.969744 69.680589  0.35  24.9  1.4 130.6 4.8  31.1 4.5  31.1 21.9  19.51 19.86     
 279 148.97302  69.67943   0.35   5.06 2.1  34.2 4.8   6.3 4.5   6.3                       
 280 148.9772   69.680686  0.35   0.07 1.9   0.4 4.8   0.1 4.5   0.1 22.3  19.65 18.83     
 281 148.983618 69.681209  0.35   0.02 2.1   0.1 4.8   0.1 4.5   0.1 20.58 19.6  19.45     
 282 148.982324 69.68118   0.35   0.13 2.2   0.9 4.8   0.2 4.5   0.2 21.93 20.26 19.38     
 283 148.965197 69.677933  0.35   0.02 1.6   0.1 4.8   0.1 4.5   0.1 21.13 18.88 18.58     
 284 148.953921 69.679088  0.35   0.03 1.5   0.1 4.8   0.1 4.5   0.1 20.57 19.13 18.55     
 285 148.973134 69.681391  0.34   0.17 2.1   1.2 4.8   0.2 4.5   0.2 21.22 20.93 20.62     
 286 148.957455 69.679534  0.34   0.22 0.9   0.9 4.8   0.3 4.5   0.3 18.86 18.25 17.57     
 287 148.951389 69.676585  0.35   0.02 2.1   0.1 4.8   0.1 4.5   0.1 20.3  19.48 19.35     
 288 148.958291 69.678822  0.35   0.12 0.8   0.5 4.8   0.2 4.5   0.2 19.36 17.98 17.06 2   
 289 148.966907 69.678724  0.34   0.1  1.2   0.5 4.8   0.1 4.5   0.1 19.94 19.1  18.77 2   
 290 148.957177 69.678656  0.34   0.09 1.2   0.4 4.8   0.1 4.5   0.1 20.14 18.82 17.69 2   
 291 148.982969 69.681527  0.34   0.06 2.0   0.4 4.8   0.1 4.5   0.1 22.26 19.65 19.98 1 2 
 292 148.975013 69.681304  0.34   0.29 1.9   1.8 4.8   0.4 4.5   0.4 20.48 19.87 19.73     
 293 148.96709  69.678449  0.33   1.29 1.5   7.3 4.8   1.7 4.5   1.7 19.3  19.39 19.05 2   
 294 148.95226  69.678577  0.34   0.03 1.3   0.1 4.8   0.1 4.5   0.1 21.94 18.68 18.11     
 295 148.960553 69.67902   0.33  18.85 1.1  90.5 4.8  24.7 4.5  24.7 20.25 18.86 18.36     
 296 148.952874 69.678433  0.33   0.06 1.9   0.4 4.8   0.1 4.5   0.1                       
 297 148.958634 69.679086  0.33   3.12 1.4  16.6 4.8   4.1 4.5   4.1                       
 298 148.958685 69.679822  0.34   0.26 1.2   1.3 4.8   0.3 4.5   0.3 19.24 18.87 18.63     
 299 148.961047 69.679915  0.34  73.74 0.8 326.4 4.8  94.8 4.5  94.8 18.57 18.73 18.74 2   
 300 148.979882 69.68182   0.33   0.25 2.1   1.8 4.8   0.3 4.5   0.3 20.94 21.03 19.75     
 301 148.956873 69.678588  0.33   0.11 1.5   0.6 4.8   0.2 4.5   0.2 20.01 19.38 18.49 2   
 302 148.961956 69.678271  0.32   0.03 1.4   0.2 4.8   0.1 4.5   0.1 20.28 19.25 18.71     
 303 148.971767 69.679117  0.33   5.86 1.8  36.9 4.8   7.7 4.5   7.7 20.51 19.83 19.89     
 304 148.983875 69.68172   0.33   0.2  2.3   1.5 4.8   0.3 4.5   0.3 20.79 20.49 20.69     
 305 148.964809 69.678799  0.32   0.41 1.0   1.9 4.8   0.5 4.5   0.5 19.66 18.6  18.95     
 306 148.948711 69.678286  0.33   5.06 2.0  35.1 4.8   6.7 4.5   6.7 21.59 20.07 19.68     
 307 148.966776 69.678486  0.33   0.04 1.0   0.2 4.8   0.1 4.5   0.1 18.48 18.45 18.56     
 308 148.949583 69.678132  0.32   9.54 1.8  62.3 4.8  12.8 4.5  12.8 20.44 20.16 19.88     
 309 148.945629 69.677705  0.32   0.08 2.4   0.7 4.7   0.1 4.4   0.1 23.34 20.82 20.03     
 310 148.970556 69.680785  0.32   0.22 1.2   1.1 4.7   0.3 4.4   0.3 20.02 19.07 18.95     
 311 148.95494  69.679291  0.32   0.46 1.4   2.6 4.7   0.6 4.4   0.6 20.01 19.5  19.3      
 312 148.954584 69.679161  0.32   0.03 1.4   0.2 4.7   0.1 4.4   0.1 20.31 19.09 18.59     
 313 148.971768 69.679024  0.32   0.2  1.7   1.3 4.7   0.3 4.4   0.3 20.44 19.96 19.14     
 314 148.964809 69.680558  0.31  19.71 1.4 113.2 4.7  27.6 4.4  27.6 20.33 19.62 18.56     
 315 148.964095 69.680152  0.32   9.02 0.9  44.0 4.7  12.4 4.4  12.4 19.53 18.96 18.74 2   
 316 148.966878 69.678815  0.32   6.73 1.2  35.3 4.7   9.3 4.4   9.3 19.77 19.3  19.79 2   
 317 148.979574 69.683183  0.31   0.03 2.2   0.2 4.7   0.1 4.4   0.1 20.29 20.04 19.76     
 318 148.962577 69.680493  0.32   0.04 0.9   0.2 4.7   0.1 4.4   0.1 19.93 18.25 17.56     
 319 148.962177 69.679231  0.31  15.79 1.0  79.6 4.7  22.4 4.4  22.4                   2   
 320 148.950653 69.678574  0.31   0.08 1.8   0.5 4.7   0.1 4.4   0.1 27.14 19.96 19.15     
 321 148.978293 69.682275  0.31   0.56 2.2   4.4 4.7   0.8 4.4   0.8                       
 322 148.982389 69.681036  0.31   0.03 1.7   0.2 4.7   0.1 4.4   0.1 20.0  19.33 18.86     
 323 148.949053 69.677404  0.3    0.04 2.0   0.3 4.7   0.1 4.4   0.1 21.09 19.73 19.29     
 324 148.967012 69.679     0.3   42.32 1.2 232.6 4.7  61.3 4.4  61.3 20.17 19.99 20.37     
 325 148.977566 69.680262  0.3    0.1  2.3   0.9 4.7   0.2 4.4   0.2 21.95 20.92 21.42     
 326 148.963597 69.67905   0.3   15.87 1.0  83.8 4.7  23.0 4.4  23.0                       
 327 148.963114 69.678322  0.3    3.23 1.5  20.2 4.7   4.7 4.4   4.7 20.47 19.54 18.66     
 328 148.965274 69.678421  0.3   12.81 1.7  88.1 4.7  18.7 4.4  18.7 21.03 20.16 19.63     
 329 148.955612 69.680156  0.3    0.09 2.5   0.8 4.7   0.1 4.4   0.1 21.21 21.16 21.01     
 330 148.957328 69.675282  0.3    0.02 2.1   0.2 4.7   0.1 4.4   0.1 20.01 19.6  19.45 2   
 331 148.947221 69.67819   0.3    0.84 1.9   6.2 4.7   1.2 4.4   1.2 20.98 20.02 19.51     
 332 148.975462 69.682607  0.3    0.29 3.0   3.1 4.7   0.4 4.4   0.4                       
 333 148.949869 69.678613  0.3    0.03 1.7   0.2 4.7   0.1 4.4   0.1 22.01 19.49 18.96     
 334 148.966202 69.681004  0.3    0.13 1.7   0.8 4.7   0.2 4.4   0.2 20.46 20.24 20.04 2   
 335 148.976245 69.680164  0.3    0.03 1.7   0.2 4.7   0.1 4.4   0.1 21.62 19.73 18.7      
 336 148.963603 69.679628  0.29  74.97 0.9 395.5 4.7 112.5 4.4 112.5 19.65 18.95 18.18     
 337 148.949972 69.678034  0.3    0.03 1.7   0.2 4.7   0.1 4.4   0.1 21.35 19.42 18.48 2   
 338 148.951484 69.678567  0.29   0.23 2.0   1.8 4.7   0.3 4.4   0.3 22.07 20.3  19.98     
 339 148.95319  69.677859  0.29   0.18 1.9   1.3 4.7   0.3 4.4   0.3 20.56 20.12 19.78     
 340 148.979811 69.68195   0.29   0.5  1.9   3.7 4.7   0.7 4.4   0.7 21.16 19.79 19.24     
 341 148.966575 69.678803  0.29   0.06 1.0   0.3 4.7   0.1 4.4   0.1 19.5  19.31 18.62     
 342 148.954457 69.677812  0.3    0.07 2.3   0.6 4.7   0.1 4.4   0.1 21.13 20.76 20.93     
 343 148.970102 69.679505  0.29  26.91 1.2 155.6 4.7  40.3 4.4  40.3 20.39 19.55 19.0  2   
 344 148.96216  69.681237  0.29   0.11 2.5   1.0 4.7   0.2 4.4   0.2 21.63 21.12 20.6      
 345 148.967741 69.678278  0.28   0.03 1.5   0.2 4.7   0.1 4.4   0.1 20.61 19.53 19.42 2   
 346 148.961188 69.678601  0.29   4.69 1.2  26.8 4.7   7.1 4.4   7.1                   2   
 347 148.959942 69.680078  0.29   0.03 1.0   0.2 4.7   0.1 4.4   0.1 18.76 18.78 18.5  2   
 348 148.973952 69.681126  0.28   0.03 1.5   0.2 4.7   0.1 4.4   0.1 20.54 19.42 18.89     
 349 148.976947 69.682266  0.29   0.12 2.4   1.1 4.7   0.2 4.4   0.2 21.84 21.22 20.65     
 350 148.964578 69.681053  0.28   0.04 1.7   0.3 4.7   0.1 4.4   0.1 20.27 19.95 19.86     
 351 148.957479 69.677359  0.28   0.07 2.4   0.6 4.7   0.1 4.4   0.1 21.39 20.87 20.55     
 352 148.959319 69.679755  0.28  57.3  1.1 332.6 4.7  89.7 4.4  89.7 19.88 19.31 19.72     
 353 148.945048 69.677655  0.28   0.56 2.4   5.2 4.7   0.9 4.4   0.9 21.23 21.47 21.52     
 354 148.948078 69.677334  0.28   0.06 2.1   0.5 4.7   0.1 4.4   0.1 21.44 20.45 19.83     
 355 148.957036 69.679202  0.28  38.22 1.2 224.5 4.7  59.3 4.4  59.3 21.98 18.78 17.23     
 356 148.975853 69.681985  0.28   0.03 2.1   0.2 4.7   0.1 4.4   0.1 21.62 20.69 20.12     
 357 148.982719 69.682357  0.28   0.08 1.7   0.6 4.7   0.1 4.4   0.1 20.93 20.0  19.45     
 358 148.961005 69.680272  0.28   0.05 1.0   0.2 4.7   0.1 4.4   0.1 19.04 18.85 18.47     
 359 148.977421 69.681149  0.28   0.03 1.3   0.2 4.7   0.1 4.4   0.1                       
 360 148.97617  69.680107  0.27   0.08 1.7   0.6 4.7   0.1 4.4   0.1 21.86 20.01 19.43     
 361 148.967408 69.679021  0.27  48.72 1.1 294.2 4.7  78.2 4.4  78.2                   2   
 362 148.960805 69.679995  0.27  32.47 0.9 180.3 4.7  51.7 4.4  51.7 19.19 18.93 18.88     
 363 148.962609 69.678029  0.27   0.03 1.6   0.2 4.7   0.1 4.4   0.1 21.16 20.01 19.41     
 364 148.970129 69.678973  0.27   2.88 1.1  17.2 4.7   4.6 4.4   4.6 19.99 19.73 19.07 2   
 365 148.967429 69.678494  0.27   0.14 1.0   0.8 4.7   0.2 4.4   0.2 19.57 19.39 19.78 2   
 366 148.974936 69.680534  0.28   0.05 1.4   0.3 4.7   0.1 4.4   0.1 21.23 19.71 18.81     
 367 148.97042  69.681002  0.27   0.05 1.2   0.3 4.7   0.1 4.4   0.1 19.36 19.21 18.84     
 368 148.950641 69.677826  0.27   0.02 1.5   0.2 4.7   0.1 4.4   0.1 20.53 19.14 18.55     
 369 148.974312 69.681286  0.27   0.04 1.5   0.2 4.7   0.1 4.4   0.1 20.28 19.5  19.22     
 370 148.964632 69.679022  0.27  20.98 0.9 119.3 4.7  34.1 4.4  34.1 19.39 19.23 21.69     
 371 148.977671 69.682288  0.26   5.62 2.1  49.5 4.7   9.2 4.4   9.2                       
 372 148.981764 69.682322  0.26   0.06 1.7   0.4 4.7   0.1 4.4   0.1 20.47 19.92 19.65     
 373 148.981285 69.679873  0.27   0.02 2.2   0.2 4.7   0.1 4.4   0.1 20.8  20.09 19.81     
 374 148.974759 69.680436  0.27   0.55 1.5   3.8 4.7   0.9 4.4   0.9 21.34 20.01 19.67     
 375 148.964003 69.680764  0.26  10.78 1.6  80.4 4.6  17.9 4.4  17.9 21.28 19.78 19.68     
 376 148.976703 69.681645  0.26   0.07 1.8   0.5 4.6   0.1 4.4   0.1 21.37 20.12 19.11     
 377 148.980268 69.68252   0.26   0.03 1.9   0.2 4.6   0.1 4.4   0.1 20.61 20.3  20.13     
 378 148.963297 69.680572  0.26  13.17 1.4  93.0 4.6  22.1 4.4  22.1 20.24 19.46 18.94     
 379 148.945058 69.678461  0.26   0.06 2.6   0.6 4.6   0.1 4.4   0.1                       
 380 148.9739   69.681405  0.26   0.07 1.6   0.5 4.6   0.1 4.4   0.1 20.73 19.95 19.8  2   
 381 148.947923 69.677697  0.26   1.04 1.8   8.6 4.6   1.8 4.4   1.8 21.79 20.44 20.17     
 382 148.945789 69.677382  0.26   0.04 1.7   0.3 4.6   0.1 4.4   0.1 20.14 20.02 19.78     
 383 148.976826 69.680536  0.26   0.16 1.7   1.3 4.6   0.3 4.4   0.3 20.73 19.67 20.23     
 384 148.943914 69.676917  0.26   0.28 1.9   2.3 4.6   0.5 4.4   0.5 20.11 20.1  19.91     
 385 148.980577 69.681956  0.26  10.33 2.0  89.6 4.6  17.3 4.4  17.3 21.24 20.82 19.58     
 386 148.982523 69.681273  0.26   0.03 1.4   0.2 4.6   0.1 4.4   0.1 19.88 19.21 19.09 1   
 387 148.970558 69.681804  0.26   0.07 2.0   0.6 4.6   0.1 4.4   0.1 20.71 20.31 20.33 2   
 388 148.957613 69.678102  0.26   0.05 1.5   0.3 4.6   0.1 4.4   0.1                       
 389 148.975153 69.682164  0.25   0.07 2.1   0.6 4.6   0.1 4.4   0.1 20.96 21.22 21.82     
 390 148.963858 69.678482  0.26   0.46 1.2   3.0 4.6   0.8 4.4   0.8 20.08 19.32 18.9      
 391 148.974299 69.681519  0.26   0.03 1.2   0.2 4.6   0.1 4.4   0.1 18.76 19.1  18.83 2   
 392 148.958993 69.675946  0.25   0.06 2.4   0.6 4.6   0.1 4.4   0.1 20.97 20.85 20.22     
 393 148.949019 69.676898  0.26   0.67 2.6   7.2 4.6   1.1 4.4   1.1 21.83 21.51 21.33 2   
 394 148.972117 69.679622  0.26   0.59 1.2   3.8 4.6   1.0 4.4   1.0 20.02 19.8  19.33     
 395 148.95264  69.678343  0.25   0.09 1.4   0.6 4.6   0.2 4.4   0.2 21.08 19.56 19.23     
 396 148.966094 69.681055  0.25   0.03 1.3   0.2 4.6   0.1 4.4   0.1 19.42 19.96 19.73 2   
 397 148.97138  69.681927  0.25   1.43 2.3  14.2 4.6   2.4 4.4   2.4 22.25 21.74 21.82 2   
 398 148.947064 69.677714  0.26   0.13 1.6   1.0 4.6   0.2 4.4   0.2 20.24 19.93 20.08     
 399 148.950065 69.677193  0.25   0.04 1.6   0.3 4.6   0.1 4.4   0.1 20.49 19.22 18.6      
 400 148.954988 69.678638  0.25   0.08 1.5   0.6 4.6   0.1 4.3   0.1 21.51 19.61 19.43     
 401 148.955598 69.679509  0.25  17.61 1.3 124.3 4.6  31.0 4.3  31.0 20.52 19.53 20.44     
 402 148.945289 69.677607  0.25   0.21 2.0   1.9 4.6   0.4 4.3   0.4 23.19 20.32 19.74     
 403 148.960426 69.680515  0.25   0.03 1.7   0.2 4.6   0.1 4.3   0.1 21.1  20.23 20.18     
 404 148.950272 69.67711   0.25   1.13 2.4  12.0 4.6   2.0 4.3   2.0                       
 405 148.976174 69.68283   0.25   0.02 2.6   0.3 4.6   0.1 4.3   0.1                       
 406 148.962553 69.680124  0.25   7.94 1.1  51.5 4.6  13.8 4.3  13.8 21.57 19.68 19.07     
 407 148.977491 69.680355  0.25   0.12 1.9   1.1 4.6   0.2 4.3   0.2 20.61 20.58 20.42     
 408 148.975968 69.679691  0.25   0.04 2.0   0.4 4.6   0.1 4.3   0.1 22.16 20.53 20.63     
 409 148.974216 69.681216  0.25   0.03 0.8   0.2 4.6   0.1 4.3   0.1 25.36 18.48 17.17     
 410 148.96379  69.680835  0.25   5.71 1.8  49.0 4.6  10.0 4.3  10.0 22.78 20.67 20.11     
 411 148.974328 69.679786  0.25   0.02 1.0   0.1 4.6   0.1 4.3   0.1 19.23 18.77 18.39     
 412 148.944099 69.678368  0.24   0.43 3.0   5.6 4.6   0.8 4.3   0.8                       
 413 148.976476 69.681902  0.24   0.02 1.4   0.1 4.6   0.1 4.3   0.1 20.59 19.32 19.21     
 414 148.965052 69.678726  0.24  51.95 1.0 334.2 4.6  92.5 4.3  92.5                       
 415 148.958784 69.675961  0.24   0.07 2.4   0.7 4.6   0.1 4.3   0.1 20.7  20.94 20.61     
 416 148.94684  69.678969  0.24   0.09 2.6   1.0 4.6   0.2 4.3   0.2 21.77 21.04 20.81     
 417 148.971291 69.679181  0.24  15.18 1.2 106.7 4.6  27.4 4.3  27.4 20.37 19.79 18.92 2   
 418 148.947452 69.677693  0.24   0.74 1.6   5.8 4.6   1.3 4.3   1.3 20.16 20.23 21.49     
 419 148.95976  69.679027  0.24  34.7  1.0 219.8 4.6  61.8 4.3  61.8 20.63 19.24 18.95     
 420 148.962934 69.679256  0.24  16.58 0.7 101.3 4.6  29.4 4.3  29.4                       
 421 148.967596 69.678544  0.25   0.54 1.0   3.4 4.6   1.0 4.3   1.0 19.54 19.18 20.48 2   
 422 148.967918 69.679072  0.24  47.48 1.0 304.4 4.6  84.3 4.3  84.3 20.83 19.36 19.36 2   
 423 148.951982 69.678401  0.24   0.13 1.8   1.1 4.6   0.2 4.3   0.2                       
 424 148.966133 69.678525  0.24   1.98 1.2  13.6 4.6   3.6 4.3   3.6 20.45 19.66 19.92     
 425 148.974965 69.681642  0.24   1.24 1.9  11.2 4.6   2.2 4.3   2.2 21.28 20.33 19.63     
 426 148.953943 69.679233  0.24   0.03 1.1   0.1 4.6   0.1 4.3   0.1 20.5  19.07 17.95     
 427 148.967085 69.680833  0.24   0.02 1.1   0.2 4.6   0.1 4.3   0.1 19.15 19.25 19.09     
 428 148.95318  69.678717  0.24   0.05 1.5   0.4 4.6   0.1 4.3   0.1                   1   
 429 148.979912 69.681102  0.24   0.13 1.9   1.3 4.6   0.2 4.3   0.2 22.21 20.53 19.84     
 430 148.970428 69.679073  0.24   0.27 0.9   1.7 4.6   0.5 4.3   0.5 20.17 18.85 18.34 2   
 431 148.950932 69.678606  0.24   0.06 1.5   0.5 4.6   0.1 4.3   0.1 20.9  19.59 19.36     
 432 148.977258 69.681336  0.24   0.2  1.6   1.6 4.6   0.4 4.3   0.4 21.91 19.92 19.28     
 433 148.959286 69.67998   0.24  12.78 0.9  81.6 4.6  23.3 4.3  23.3 18.87 18.66 18.32     
 434 148.957015 69.680474  0.24   0.13 2.1   1.4 4.6   0.2 4.3   0.2 22.05 20.73 20.06     
 435 148.979171 69.681305  0.24   0.01 1.4   0.1 4.6   0.1 4.3   0.1 23.04 19.19 18.45     
 436 148.962657 69.679022  0.23  30.3  0.9 197.4 4.6  56.5 4.3  56.5                       
 437 148.956104 69.679566  0.23   0.19 1.1   1.2 4.6   0.3 4.3   0.3                       
 438 148.946473 69.678809  0.23   0.02 1.5   0.1 4.6   0.1 4.3   0.1 19.25 19.23 19.18 2   
 439 148.980468 69.682509  0.23   2.88 2.0  28.8 4.6   5.4 4.3   5.4 21.64 21.13 21.04     
 440 148.953639 69.678888  0.23   0.02 1.4   0.2 4.6   0.1 4.3   0.1 22.33 19.6  18.86 2   
 441 148.97477  69.679984  0.23   3.49 1.4  27.0 4.6   6.5 4.3   6.5 21.26 19.86 19.21     
 442 148.963616 69.678396  0.23  24.33 1.4 186.0 4.6  45.5 4.3  45.5 21.7  19.99 19.46     
 443 148.947066 69.680077  0.23   0.02 2.7   0.3 4.6   0.1 4.3   0.1 21.24 21.02 20.4  2   
 444 148.951001 69.677889  0.23   0.03 1.5   0.2 4.6   0.1 4.3   0.1 20.79 19.45 18.84     
 445 148.950734 69.679386  0.23   0.04 2.2   0.4 4.6   0.1 4.3   0.1                       
 446 148.956088 69.678592  0.22   0.19 1.5   1.6 4.6   0.4 4.3   0.4 21.01 19.9  21.19     
 447 148.98479  69.681779  0.23   0.04 1.6   0.3 4.6   0.1 4.3   0.1 20.69 19.51 19.0      
 448 148.958142 69.679736  0.23  10.59 1.0  73.6 4.6  20.4 4.3  20.4 19.52 19.23 18.69     
 449 148.945638 69.677363  0.23   0.03 1.7   0.2 4.6   0.1 4.3   0.1 20.59 20.37 19.84     
 450 148.975541 69.681619  0.23   0.02 1.1   0.1 4.6   0.1 4.3   0.1 18.86 19.07 19.32 2   
 451 148.968179 69.681048  0.23   0.31 1.3   2.3 4.6   0.6 4.3   0.6 19.3  19.64 19.27 2   
 452 148.982691 69.681741  0.23   0.03 2.1   0.3 4.6   0.1 4.3   0.1                       
 453 148.973246 69.679173  0.23   0.04 1.3   0.3 4.6   0.1 4.3   0.1 20.95 19.72 18.95     
 454 148.96558  69.681032  0.23   0.03 1.2   0.2 4.6   0.1 4.3   0.1 19.12 19.38 19.82 2   
 455 148.966303 69.68111   0.23   0.04 1.2   0.3 4.6   0.1 4.3   0.1 19.78 19.35 19.37 2   
 456 148.958338 69.680726  0.23   0.04 1.9   0.4 4.6   0.1 4.3   0.1 21.06 20.72 19.93     
 457 148.959722 69.677916  0.23   0.03 1.5   0.3 4.6   0.1 4.3   0.1 20.47 19.77 19.36     
 458 148.984384 69.681358  0.22   0.19 2.3   2.2 4.6   0.4 4.3   0.4 21.95 21.59 20.97     
 459 148.981323 69.682747  0.22   0.02 1.1   0.1 4.6   0.1 4.3   0.1 19.45 19.09 18.46 2   
 460 148.96471  69.67847   0.22   2.52 1.3  19.6 4.6   4.9 4.3   4.9                       
 461 148.97903  69.681792  0.22  14.04 1.5 120.3 4.6  27.8 4.3  27.8 21.17 20.24 21.24     
 462 148.962103 69.680146  0.22   1.53 1.0  10.7 4.6   3.0 4.3   3.0 19.79 19.29 19.16     
 463 148.964323 69.68054   0.22  12.77 1.1  93.6 4.6  25.0 4.3  25.0 20.99 19.46 19.41     
 464 148.979146 69.681672  0.22   0.88 1.7   8.1 4.6   1.7 4.3   1.7 21.82 21.42 20.84     
 465 148.976687 69.680048  0.22   5.46 2.1  59.3 4.6  10.7 4.3  10.7                       
 466 148.949349 69.677881  0.22   0.32 1.7   2.9 4.6   0.6 4.3   0.6 20.69 20.87 22.18     
 467 148.947639 69.677681  0.22   0.62 1.4   5.1 4.6   1.2 4.3   1.2 21.28 19.85 19.92     
 468 148.978539 69.680136  0.21   0.03 2.0   0.4 4.6   0.1 4.3   0.1 20.95 20.59 20.16     
 469 148.958982 69.679889  0.21  12.72 1.0  92.4 4.6  25.8 4.3  25.8 19.09 19.11 19.36     
 470 148.94336  69.677458  0.22   0.04 2.2   0.5 4.6   0.1 4.3   0.1 21.79 21.08 20.82     
 471 148.97053  69.678811  0.22   0.35 1.1   2.6 4.6   0.7 4.3   0.7 20.1  20.23 19.68     
 472 148.945282 69.676913  0.22   0.03 2.0   0.3 4.6   0.1 4.3   0.1 21.25 20.52 20.28     
 473 148.971574 69.682167  0.22   0.08 2.2   0.9 4.6   0.2 4.3   0.2 22.38 21.78 21.46     
 474 148.952738 69.679013  0.21   0.03 1.0   0.2 4.6   0.1 4.3   0.1 19.35 18.99 18.36     
 475 148.948187 69.678343  0.22   1.09 1.9  10.9 4.6   2.2 4.3   2.2 22.16 20.91 20.6      
 476 148.98027  69.68223   0.22   0.49 1.8   4.7 4.6   1.0 4.3   1.0 22.79 20.33 19.3      
 477 148.984863 69.681497  0.22   0.03 1.3   0.2 4.6   0.1 4.3   0.1 19.65 19.11 18.99     
 478 148.962123 69.680938  0.21   0.16 1.6   1.4 4.6   0.3 4.3   0.3 20.19 20.05 20.04 2   
 479 148.96084  69.678057  0.21   0.03 1.3   0.2 4.6   0.1 4.3   0.1 20.57 19.66 19.14     
 480 148.958706 69.679706  0.21   1.1  0.7   7.8 4.6   2.3 4.3   2.3 19.24 19.67 19.97     
 481 148.983021 69.682208  0.21   0.04 1.3   0.3 4.6   0.1 4.3   0.1 19.56 20.16 19.36 2   
 482 148.952145 69.678558  0.21   0.02 1.0   0.1 4.6   0.1 4.3   0.1 20.44 18.94 18.37     
 483 148.967936 69.681118  0.21   9.13 1.4  77.6 4.6  18.6 4.3  18.6 20.89 19.92 19.45     
 484 148.967626 69.678627  0.21   0.38 0.6   2.7 4.6   0.8 4.3   0.8 18.62 18.83 18.8      
 485 148.967468 69.681041  0.21  12.15 1.3 100.7 4.6  25.0 4.3  25.0 20.98 19.84 19.11     
 486 148.982373 69.682473  0.21   0.04 1.5   0.4 4.6   0.1 4.3   0.1 20.85 19.97 19.88     
 487 148.97323  69.683186  0.21   0.58 2.9   8.4 4.6   1.2 4.3   1.2                       
 488 148.949342 69.678104  0.21   2.52 1.3  20.6 4.6   5.1 4.3   5.1 20.71 20.05 19.46     
 489 148.973684 69.679296  0.21   1.45 1.7  14.1 4.6   3.0 4.3   3.0 21.85 21.14 22.4      
 490 148.942672 69.678455  0.21   0.05 2.8   0.6 4.6   0.1 4.3   0.1 22.87 21.6  21.29     
 491 148.978428 69.680407  0.21   0.03 1.6   0.2 4.6   0.1 4.3   0.1 21.77 19.65 19.25     
 492 148.979004 69.68204   0.21   0.96 1.2   7.6 4.6   2.0 4.3   2.0 20.72 19.42 18.95     
 493 148.970586 69.679461  0.21  12.88 0.8  92.5 4.6  26.8 4.3  26.8 20.55 18.88 18.49     
 494 148.960287 69.680298  0.21   5.66 1.1  44.5 4.6  11.8 4.3  11.8 20.05 19.16 18.95     
 495 148.963939 69.677904  0.21   0.87 1.9   9.2 4.6   1.8 4.3   1.8 21.62 21.23 19.87     
 496 148.96222  69.680726  0.2    0.08 1.5   0.7 4.6   0.2 4.3   0.2 20.66 20.2  19.82     
 497 148.975879 69.681592  0.21   0.01 1.2   0.1 4.6   0.1 4.3   0.1 20.02 19.23 19.09     
 498 148.956057 69.678798  0.21   0.11 1.2   0.9 4.6   0.2 4.3   0.2 21.01 19.83 20.03     
 499 148.96867  69.678767  0.21  19.6  1.0 146.6 4.6  41.0 4.3  41.0 21.18 19.68 19.31 1   
 500 148.977308 69.679894  0.21   0.27 2.0   3.0 4.6   0.6 4.3   0.6 23.03 20.86 20.2      
 501 148.971168 69.67932   0.2    0.03 0.9   0.3 4.5   0.1 4.2   0.1 20.43 19.52 19.21     
 502 148.978339 69.680243  0.2    0.05 1.9   0.5 4.5   0.1 4.2   0.1 20.89 20.78 21.1      
 503 148.956463 69.678137  0.2    0.12 1.7   1.2 4.5   0.2 4.2   0.2 23.21 20.42 19.74     
 504 148.964716 69.678521  0.2    0.59 1.2   4.9 4.5   1.3 4.2   1.3 21.32 20.85 20.14     
 505 148.974569 69.679632  0.2    0.03 1.2   0.2 4.5   0.1 4.2   0.1 20.1  19.38 19.23     
 506 148.954806 69.678604  0.2    0.57 1.5   5.3 4.5   1.2 4.2   1.2 20.85 20.16 19.89     
 507 148.954494 69.677678  0.2    0.49 1.9   5.4 4.5   1.1 4.2   1.1                   2   
 508 148.954369 69.679114  0.2   13.47 1.3 115.3 4.5  29.1 4.2  29.1 21.03 19.69 18.94     
 509 148.976706 69.679635  0.2    0.04 1.8   0.5 4.5   0.1 4.2   0.1 22.02 20.31 19.66     
 510 148.979726 69.68179   0.2    0.05 1.2   0.4 4.5   0.1 4.2   0.1 19.88 19.78 19.87     
 511 148.953213 69.678318  0.2    3.18 1.4  28.0 4.5   6.8 4.2   6.8 20.41 20.16 19.91 1   
 512 148.980058 69.681128  0.2    0.04 1.6   0.4 4.5   0.1 4.2   0.1 22.17 20.22 19.49     
 513 148.97553  69.679504  0.2    0.16 1.7   1.6 4.5   0.3 4.2   0.3 23.62 20.78 20.4      
 514 148.950696 69.676916  0.2    0.4  2.3   5.0 4.5   0.9 4.2   0.9                       
 515 148.967845 69.679118  0.2   16.99 0.7 127.2 4.5  36.9 4.2  36.9 19.78 19.49 19.44     
 516 148.951977 69.677831  0.2    0.14 1.7   1.4 4.5   0.3 4.2   0.3 22.38 20.38 20.12     
 517 148.958862 69.679793  0.2    0.75 1.0   5.7 4.5   1.6 4.2   1.6                       
 518 148.952977 69.677881  0.2    0.08 1.4   0.7 4.5   0.2 4.2   0.2 20.34 19.66 20.17     
 519 148.974816 69.681056  0.2   12.28 1.5 117.6 4.5  26.9 4.2  26.9                       
 520 148.964285 69.679604  0.2   43.7  0.5 350.5 4.5  97.0 4.2  97.0 21.03 19.07 18.35     
 521 148.96092  69.681076  0.2    0.28 1.9   3.1 4.5   0.6 4.2   0.6 22.6  20.69 20.08     
 522 148.946954 69.677782  0.2    2.15 1.4  19.9 4.5   4.7 4.2   4.7 22.14 20.71 19.78     
 523 148.957113 69.677738  0.2    0.06 1.6   0.5 4.5   0.1 4.2   0.1 20.5  20.23 19.68     
 524 148.956768 69.678251  0.2    0.06 1.7   0.6 4.5   0.1 4.2   0.1 21.34 21.25 20.23     
 525 148.956706 69.678661  0.2    0.33 1.2   2.8 4.5   0.7 4.2   0.7 19.69 19.76 20.42 2   
 526 148.943823 69.678696  0.19   0.02 2.3   0.3 4.5   0.1 4.2   0.1 21.5  20.46 20.03 2   
 527 148.981663 69.682004  0.19   0.02 1.2   0.1 4.5   0.1 4.2   0.1 20.29 19.36 18.86     
 528 148.957312 69.678905  0.19   1.35 0.9  10.6 4.5   3.0 4.2   3.0 21.32 19.47 18.79     
 529 148.980815 69.681007  0.19   0.03 1.7   0.3 4.5   0.1 4.2   0.1 25.19 20.08 19.34     
 530 148.952217 69.678933  0.19   0.03 1.5   0.2 4.5   0.1 4.2   0.1 20.57 19.92 19.5      
 531 148.950145 69.678607  0.19   0.25 1.4   2.4 4.5   0.6 4.2   0.6 20.32 20.13 22.07     
 532 148.949225 69.679176  0.19   0.07 2.1   0.8 4.5   0.2 4.2   0.2 20.9  21.18 20.93     
 533 148.980905 69.680702  0.19   0.02 1.7   0.2 4.5   0.1 4.2   0.1 21.78 19.71 19.12     
 534 148.974543 69.679803  0.19   1.04 1.2   8.9 4.5   2.3 4.2   2.3 20.67 19.72 19.01     
 535 148.960381 69.678432  0.19   0.08 0.8   0.6 4.5   0.2 4.2   0.2 21.81 19.33 18.2      
 536 148.956411 69.678854  0.19   0.03 0.9   0.2 4.5   0.1 4.2   0.1 19.65 19.37 19.23     
 537 148.964394 69.678512  0.19   3.52 0.9  27.4 4.5   7.9 4.2   7.9 19.61 19.58 20.7      
 538 148.957412 69.67969   0.19   1.58 0.9  12.4 4.5   3.5 4.2   3.5 19.18 19.22 19.42 2   
 539 148.951493 69.677065  0.19   0.02 1.6   0.2 4.5   0.1 4.2   0.1 20.0  20.02 19.74     
 540 148.966728 69.681003  0.19   7.96 1.4  73.8 4.5  18.0 4.2  18.0                       
 541 148.971159 69.681372  0.19   0.02 1.2   0.1 4.5   0.1 4.2   0.1 19.9  19.45 19.25     
 542 148.959378 69.680937  0.19   0.02 1.1   0.1 4.5   0.1 4.2   0.1 19.99 19.17 18.78     
 543 148.962412 69.681045  0.19   0.23 1.5   2.3 4.5   0.5 4.2   0.5 20.23 20.2  19.62     
 544 148.954322 69.679227  0.19   0.61 1.1   5.3 4.5   1.4 4.2   1.4 20.14 19.52 19.42     
 545 148.963805 69.68019   0.19  21.69 0.5 182.9 4.5  50.5 4.2  50.5 24.58 18.81 17.59     
 546 148.954826 69.679643  0.19   1.39 1.4  13.3 4.5   3.2 4.2   3.2 20.73 20.09 20.08     
 547 148.956094 69.678325  0.19   0.04 1.5   0.4 4.5   0.1 4.2   0.1 20.69 20.09 20.04     
 548 148.948606 69.678463  0.19   0.17 1.8   1.9 4.5   0.4 4.2   0.4 21.38 20.85 22.12     
 549 148.974846 69.679626  0.19   0.13 1.2   1.1 4.5   0.3 4.2   0.3 20.26 19.81 19.59 2   
 550 148.962191 69.678546  0.19   3.2  0.9  25.7 4.5   7.3 4.2   7.3 20.66 19.63 19.25     
 551 148.980551 69.681403  0.18   0.46 1.5   4.6 4.5   1.1 4.2   1.1                       
 552 148.980826 69.680457  0.19   0.02 1.7   0.2 4.5   0.1 4.2   0.1 20.4  20.17 19.65     
 553 148.961188 69.677861  0.18   0.03 0.9   0.2 4.5   0.1 4.2   0.1 19.64 19.05 18.56     
 554 148.972818 69.68119   0.18   0.03 1.0   0.3 4.5   0.1 4.2   0.1 19.83 19.78 19.56     
 555 148.962408 69.680227  0.18   5.91 1.0  50.5 4.5  14.0 4.2  14.0 20.38 19.45 19.36     
 556 148.972777 69.678525  0.19   0.02 1.4   0.2 4.5   0.1 4.2   0.1 20.1  19.68 19.36     
 557 148.970323 69.681816  0.18   0.02 1.5   0.2 4.5   0.1 4.2   0.1 20.11 20.03 19.58 2   
 558 148.95737  69.678322  0.18   5.62 1.6  59.6 4.5  13.3 4.2  13.3                       
 559 148.958319 69.679865  0.18   0.16 0.8   1.3 4.5   0.4 4.2   0.4 19.4  19.17 18.72     
 560 148.959326 69.676851  0.18   0.02 1.6   0.2 4.5   0.1 4.2   0.1 20.22 19.93 19.69     
 561 148.962744 69.681104  0.18   0.02 1.0   0.2 4.5   0.1 4.2   0.1 19.31 19.1  18.78 2   
 562 148.980043 69.682336  0.19   0.02 1.1   0.2 4.5   0.1 4.2   0.1 22.28 19.19 18.01     
 563 148.977597 69.680203  0.18   0.03 1.7   0.3 4.5   0.1 4.2   0.1 21.19 20.44 19.98     
 564 148.951936 69.677889  0.18   0.18 1.5   1.9 4.5   0.4 4.2   0.4 20.82 20.55 20.26     
 565 148.951525 69.67871   0.18   0.16 1.5   1.7 4.5   0.4 4.2   0.4 21.05 20.01 19.75     
 566 148.951846 69.678715  0.18   2.29 1.5  23.2 4.5   5.4 4.2   5.4 23.1  19.75 19.34 2   
 567 148.9577   69.680123  0.18   0.03 1.1   0.3 4.5   0.1 4.2   0.1 19.65 19.31 18.82 2   
 568 148.946755 69.678194  0.18   1.31 1.4  13.1 4.5   3.2 4.2   3.2 21.25 19.94 19.39     
 569 148.961165 69.678145  0.18   0.03 1.1   0.3 4.5   0.1 4.2   0.1 19.65 19.46 19.41     
 570 148.962791 69.678509  0.18  19.69 0.9 167.7 4.5  47.4 4.2  47.4 21.88 19.54 19.15     
 571 148.965706 69.680979  0.18   0.67 1.1   6.1 4.5   1.6 4.2   1.6 19.9  20.11 20.6      
 572 148.96393  69.678396  0.18   0.67 1.1   5.9 4.5   1.6 4.2   1.6 20.87 19.69 20.2      
 573 148.945822 69.677753  0.18   0.03 1.5   0.3 4.5   0.1 4.2   0.1 20.89 20.11 19.75     
 574 148.982177 69.681882  0.18   0.46 1.7   5.2 4.5   1.1 4.2   1.1                       
 575 148.955487 69.678451  0.18   0.02 1.3   0.2 4.5   0.1 4.2   0.1 20.53 19.6  19.11     
 576 148.960882 69.678     0.18   0.14 1.3   1.3 4.5   0.3 4.2   0.3 21.05 20.4  19.78     
 577 148.956213 69.678596  0.18   0.28 1.2   2.6 4.5   0.7 4.2   0.7 20.7  20.22 19.36     
 578 148.953196 69.677575  0.18   0.05 1.4   0.5 4.5   0.1 4.2   0.1 20.28 19.84 19.44     
 579 148.949326 69.678503  0.18   0.05 1.1   0.4 4.5   0.1 4.2   0.1 19.48 19.75 19.16     
 580 148.95868  69.679125  0.18  48.7  0.8 408.2 4.5 118.0 4.2 118.0 20.6  19.82 19.16     
 581 148.972144 69.679781  0.18  44.45 0.8 377.0 4.5 109.4 4.2 109.4 20.04 19.35 18.75     
 582 148.948188 69.676786  0.17   0.03 2.0   0.4 4.5   0.1 4.2   0.1 22.67 21.19 20.79     
 583 148.981594 69.682536  0.18   8.22 1.5  89.5 4.5  20.4 4.2  20.4 21.54 20.66 19.54     
 584 148.967039 69.677722  0.18   0.02 0.9   0.1 4.5   0.1 4.2   0.1 19.87 18.91 18.36     
 585 148.983192 69.682226  0.17   0.04 1.1   0.4 4.5   0.1 4.2   0.1 19.49 19.69 19.52 2   
 586 148.977975 69.68044   0.18   0.02 1.5   0.3 4.5   0.1 4.2   0.1 21.58 20.28 19.71     
 587 148.949634 69.677909  0.18   7.09 1.4  71.0 4.5  17.4 4.2  17.4 20.75 20.38 19.52     
 588 148.952354 69.677349  0.18   0.03 0.9   0.2 4.5   0.1 4.2   0.1 19.34 19.04 18.83     
 589 148.970284 69.681266  0.18   0.13 1.1   1.2 4.5   0.3 4.2   0.3                       
 590 148.97614  69.680194  0.17   0.02 1.1   0.2 4.5   0.1 4.2   0.1 27.49 19.38 18.44     
 591 148.976132 69.681677  0.18   0.27 1.4   2.7 4.5   0.7 4.2   0.7                       
 592 148.96513  69.681037  0.18   0.02 1.0   0.2 4.5   0.1 4.2   0.1 19.6  19.38 18.91     
 593 148.984597 69.681273  0.17   0.23 2.0   3.1 4.5   0.6 4.2   0.6 22.75 21.28 20.73     
 594 148.966005 69.681193  0.18   0.41 1.3   4.0 4.5   1.0 4.2   1.0                   2   
 595 148.971695 69.681234  0.17   0.02 0.9   0.2 4.5   0.1 4.2   0.1 19.91 19.39 18.85 2   
 596 148.972643 69.681583  0.18   0.29 1.4   3.0 4.5   0.7 4.2   0.7 20.54 20.8  20.25     
 597 148.962727 69.680356  0.18  13.39 1.1 123.4 4.5  33.1 4.2  33.1 21.02 20.93 20.96     
 598 148.977147 69.681469  0.18   7.43 1.3  73.2 4.5  18.3 4.2  18.3 20.86 20.55 19.68     
 599 148.970135 69.678883  0.18   0.02 0.7   0.1 4.5   0.1 4.2   0.1 19.3  19.21 19.19     
 600 148.952956 69.679031  0.17   0.02 1.0   0.2 4.5   0.1 4.2   0.1 20.17 20.04 19.84     
 601 148.947868 69.677602  0.17   0.05 1.2   0.5 4.5   0.1 4.2   0.1 19.89 19.84 19.39     
 602 148.949488 69.677703  0.17   0.04 1.3   0.4 4.5   0.1 4.2   0.1 20.61 19.91 19.44     
 603 148.964227 69.678067  0.17   0.02 0.8   0.2 4.5   0.1 4.2   0.1 19.69 19.1  18.85 2   
 604 148.973448 69.681206  0.17   2.48 1.0  22.6 4.5   6.3 4.2   6.3 20.15 19.55 19.44     
 605 148.956178 69.677985  0.17   1.52 1.7  17.8 4.5   3.8 4.2   3.8 23.22 20.67 20.39     
 606 148.972684 69.678636  0.17   0.02 1.1   0.2 4.5   0.1 4.2   0.1 19.67 19.71 19.32     
 607 148.968069 69.678209  0.17   0.49 1.4   5.2 4.5   1.2 4.2   1.2 21.21 20.5  20.51 2   
 608 148.969722 69.681872  0.17   1.24 1.6  14.1 4.5   3.1 4.2   3.1 20.76 20.94 20.67     
 609 148.976719 69.682809  0.17   0.04 2.0   0.5 4.5   0.1 4.2   0.1 21.56 21.1  20.96     
 610 148.968335 69.681983  0.17   0.02 1.5   0.2 4.5   0.1 4.2   0.1 21.25 19.84 19.04     
 611 148.962618 69.678364  0.17   3.83 0.9  34.5 4.5   9.8 4.2   9.8                       
 612 148.95223  69.678     0.17   1.87 1.5  21.2 4.5   4.9 4.2   4.9 21.62 21.05 20.09     
 613 148.979566 69.681865  0.17   0.41 1.2   3.9 4.5   1.0 4.2   1.0 20.44 19.98 19.82     
 614 148.975716 69.681862  0.17   0.02 0.9   0.1 4.5   0.1 4.2   0.1 20.06 19.2  18.84     
 615 148.979692 69.681159  0.17   0.02 1.5   0.3 4.5   0.1 4.2   0.1 21.67 20.27 19.75     
 616 148.968149 69.682107  0.17   0.07 1.8   0.8 4.5   0.2 4.2   0.2 22.33 21.1  20.67     
 617 148.972506 69.682356  0.17   0.03 1.7   0.4 4.5   0.1 4.2   0.1 20.88 20.95 20.32     
 618 148.972364 69.679069  0.17   0.02 1.1   0.2 4.5   0.1 4.2   0.1 21.05 19.64 19.3      
 619 148.974355 69.680437  0.17   5.07 0.8  44.9 4.5  13.0 4.2  13.0 19.99 19.19 18.82     
 620 148.971746 69.681629  0.17   1.53 1.3  15.5 4.5   3.9 4.2   3.9 20.49 19.78 19.69     
 621 148.959277 69.680303  0.17   1.97 1.0  18.7 4.5   5.1 4.2   5.1 19.88 19.25 18.88     
 622 148.981933 69.68209   0.17   0.03 1.2   0.3 4.5   0.1 4.2   0.1 21.05 19.79 19.42     
 623 148.957432 69.677184  0.17   0.02 1.6   0.3 4.5   0.1 4.2   0.1 20.65 20.33 19.97     
 624 148.951934 69.677995  0.16   0.03 1.3   0.3 4.4   0.1 4.2   0.1 20.9  20.1  19.68     
 625 148.968527 69.678747  0.16  18.0  0.9 165.9 4.4  47.7 4.2  47.7 20.29 19.94 19.81 1   
 626 148.96834  69.682138  0.17   0.16 1.9   2.1 4.4   0.4 4.2   0.4                       
 627 148.947615 69.678337  0.17   1.04 1.4  11.2 4.4   2.7 4.2   2.7 20.67 19.92 19.88     
 628 148.963663 69.678469  0.16  10.36 0.9  96.6 4.4  27.7 4.2  27.7 19.89 20.42 19.88     
 629 148.97053  69.681225  0.16   0.71 1.0   6.7 4.4   1.9 4.2   1.9 21.69 19.67 18.62     
 630 148.959918 69.678456  0.16  15.36 1.1 149.0 4.4  40.4 4.2  40.4                       
 631 148.977432 69.681265  0.16   0.31 1.2   3.2 4.4   0.8 4.2   0.8 21.45 19.85 19.82     
 632 148.96188  69.67809   0.16   0.86 1.2   8.7 4.4   2.3 4.2   2.3 20.41 20.0  19.74     
 633 148.961752 69.681459  0.16   0.1  2.0   1.3 4.4   0.3 4.2   0.3                       
 634 148.983301 69.679681  0.16   0.08 3.0   1.5 4.4   0.2 4.2   0.2 23.87 22.79 26.41     
 635 148.973114 69.678375  0.16   0.27 2.1   3.9 4.4   0.7 4.2   0.7 21.83 21.32 20.63 2   
 636 148.949309 69.676201  0.16   0.02 1.7   0.2 4.4   0.1 4.2   0.1 19.94 19.8  19.42     
 637 148.985096 69.681504  0.16   0.03 1.3   0.3 4.4   0.1 4.2   0.1 19.76 19.82 19.85     
 638 148.966075 69.68111   0.16   0.48 1.1   4.8 4.4   1.3 4.2   1.3 19.91 20.42 20.44 2   
 639 148.949428 69.67878   0.16   0.21 1.8   2.7 4.4   0.6 4.2   0.6 22.08 20.65 20.02     
 640 148.945127 69.677723  0.16   0.05 1.6   0.6 4.4   0.1 4.2   0.1 20.77 20.97 20.75     
 641 148.962288 69.678897  0.16  52.55 0.5 527.9 4.4 143.3 4.2 143.3 23.46 18.87 17.99     
 642 148.974001 69.681341  0.16   0.02 1.0   0.2 4.4   0.1 4.2   0.1 20.27 19.48 18.95 2   
 643 148.952744 69.6776    0.16   0.02 1.3   0.2 4.4   0.1 4.2   0.1 20.98 19.59 19.1      
 644 148.973898 69.681483  0.16   0.02 0.9   0.1 4.4   0.1 4.2   0.1 19.02 19.33 19.51 2   
 645 148.942828 69.678428  0.16   0.04 2.4   0.6 4.4   0.1 4.2   0.1 21.45 21.25 20.94     
 646 148.949167 69.677686  0.16   4.17 1.1  42.1 4.4  11.2 4.2  11.2 20.44 19.51 19.22     
 647 148.948536 69.678214  0.16   3.81 1.2  39.1 4.4  10.3 4.2  10.3 20.95 20.38 19.98     
 648 148.950938 69.676928  0.16   0.03 1.0   0.2 4.4   0.1 4.2   0.1 19.27 19.26 18.86     
 649 148.953282 69.678885  0.16  12.94 1.2 139.4 4.4  35.7 4.1  35.7 21.98 19.55 18.98     
 650 148.975554 69.682688  0.16   0.03 1.9   0.4 4.4   0.1 4.1   0.1 21.81 20.51 20.04     
 651 148.959136 69.677617  0.16   0.23 1.5   2.7 4.4   0.6 4.1   0.6 21.03 21.12 21.63     
 652 148.963588 69.680835  0.16   0.02 1.0   0.2 4.4   0.1 4.1   0.1 19.59 19.85 19.73     
 653 148.956507 69.679771  0.16  22.06 1.1 226.0 4.4  60.6 4.1  60.6 20.27 19.63 19.89     
 654 148.950273 69.678877  0.16   0.03 1.5   0.3 4.4   0.1 4.1   0.1 20.25 20.15 20.13     
 655 148.957282 69.677972  0.16   0.03 1.4   0.3 4.4   0.1 4.1   0.1 21.68 20.3  19.57     
 656 148.948111 69.678287  0.16   7.45 1.3  83.1 4.4  20.9 4.1  20.9 20.74 20.3  19.68     
 657 148.987498 69.680893  0.16   0.04 2.6   0.8 4.4   0.1 4.1   0.1                       
 658 148.968709 69.681698  0.16   1.1  1.5  13.0 4.4   3.0 4.1   3.0                       
 659 148.957215 69.67786   0.16   0.01 1.5   0.1 4.4   0.1 4.1   0.1 21.37 20.29 20.05     
 660 148.976729 69.680769  0.16   0.12 1.3   1.3 4.4   0.3 4.1   0.3 20.64 20.01 19.8      
 661 148.979337 69.681123  0.16   0.01 1.0   0.1 4.4   0.1 4.1   0.1 21.73 19.3  18.8      
 662 148.952718 69.678782  0.16   0.02 1.0   0.1 4.4   0.1 4.1   0.1 20.33 19.27 18.91 1   
 663 148.966349 69.681279  0.16   1.2  1.2  12.6 4.4   3.3 4.1   3.3 20.03 20.23 19.77 2   
 664 148.955268 69.680398  0.15   0.02 1.7   0.2 4.4   0.1 4.1   0.1 20.69 20.56 19.98     
 665 148.981725 69.681353  0.15   0.02 1.3   0.3 4.4   0.1 4.1   0.1 20.31 19.85 19.58     
 666 148.966713 69.678577  0.15   8.75 0.7  86.2 4.4  24.8 4.1  24.8 19.55 19.35 19.13     
 667 148.961589 69.678033  0.15   0.02 0.9   0.2 4.4   0.1 4.1   0.1 19.98 19.22 18.96     
 668 148.953501 69.677404  0.15   0.02 1.4   0.2 4.4   0.1 4.1   0.1 22.95 20.29 19.55     
 669 148.97543  69.6813    0.15   0.02 1.1   0.2 4.4   0.1 4.1   0.1 22.07 19.67 18.21     
 670 148.974043 69.679889  0.15   0.71 0.9   7.1 4.4   2.0 4.1   2.0 21.01 19.9  19.74     
 671 148.951698 69.678492  0.15   0.02 1.0   0.2 4.4   0.1 4.1   0.1 21.24 19.79 19.02     
 672 148.96853  69.678487  0.15   0.87 1.1   9.2 4.4   2.5 4.1   2.5 20.37 19.79 19.45 2   
 673 148.957217 69.680028  0.15   4.94 0.9  49.5 4.4  14.1 4.1  14.1 19.16 19.13 18.91 2   
 674 148.978835 69.680397  0.15   0.03 1.4   0.4 4.4   0.1 4.1   0.1 21.88 20.07 19.54     
 675 148.96798  69.678378  0.15   0.43 0.9   4.4 4.4   1.3 4.1   1.3 20.35 19.46 18.69     
 676 148.952978 69.677745  0.15   0.02 1.1   0.2 4.4   0.1 4.1   0.1 20.21 19.49 19.23     
 677 148.964288 69.678131  0.15   0.02 0.9   0.2 4.4   0.1 4.1   0.1 19.79 19.84 19.9  2   
 678 148.973326 69.679102  0.15   0.02 1.1   0.2 4.4   0.1 4.1   0.1 20.27 19.96 19.7      
 679 148.970329 69.681334  0.15   0.02 0.9   0.2 4.4   0.1 4.1   0.1 19.63 19.51 19.57     
 680 148.957634 69.678211  0.15   0.64 1.4   7.7 4.4   1.8 4.1   1.8 23.37 20.82 19.86     
 681 148.976362 69.679191  0.15   0.02 1.7   0.3 4.4   0.1 4.1   0.1 21.19 20.63 20.06     
 682 148.981868 69.6811    0.15   0.01 1.1   0.1 4.4   0.1 4.1   0.1 20.18 19.57 19.32     
 683 148.981165 69.681469  0.15   0.02 1.2   0.2 4.4   0.1 4.1   0.1 20.43 20.18 19.81     
 684 148.984901 69.681614  0.15   0.02 1.1   0.2 4.4   0.1 4.1   0.1 20.33 19.54 18.99     
 685 148.958756 69.680061  0.15   0.02 0.8   0.2 4.4   0.1 4.1   0.1 19.31 19.2  18.9      
 686 148.968393 69.681157  0.15   0.01 0.7   0.1 4.4   0.1 4.1   0.1 19.62 19.25 18.61 2   
 687 148.967986 69.680999  0.15   3.58 1.0  37.9 4.4  10.6 4.1  10.6 19.83 20.04 20.83     
 688 148.961201 69.680316  0.15   0.89 1.0   9.6 4.4   2.6 4.1   2.6 20.76 20.11 20.01     
 689 148.971665 69.67906   0.15   0.07 0.8   0.7 4.4   0.2 4.1   0.2 20.04 20.54 19.54     
 690 148.952585 69.678667  0.15   3.2  1.3  38.2 4.4   9.4 4.1   9.4 22.78 20.2  19.09 1   
 691 148.9765   69.679666  0.14   2.85 1.6  38.6 4.4   8.5 4.1   8.5 22.9  20.74 20.82     
 692 148.963976 69.678535  0.15  14.87 0.8 152.6 4.4  44.3 4.1  44.3 20.76 20.02 19.29     
 693 148.957372 69.680128  0.15   0.09 1.1   1.0 4.4   0.3 4.1   0.3 19.88 19.82 19.42 2   
 694 148.981332 69.681336  0.14   0.39 1.4   4.9 4.4   1.2 4.1   1.2 20.73 20.52 20.24     
 695 148.975644 69.681423  0.14   0.02 1.0   0.2 4.4   0.1 4.1   0.1 20.49 19.65 19.19     
 696 148.953555 69.677601  0.14   0.01 1.2   0.1 4.4   0.1 4.1   0.1 20.34 19.87 19.66     
 697 148.956586 69.676651  0.14   0.02 1.6   0.2 4.4   0.1 4.1   0.1 20.58 20.36 19.76     
 698 148.945969 69.677441  0.14   0.05 1.3   0.6 4.4   0.2 4.1   0.2 20.64 20.37 20.12     
 699 148.948645 69.676845  0.14   0.02 1.7   0.3 4.4   0.1 4.1   0.1 21.53 20.92 20.29     
 700 148.946845 69.677764  0.14   0.44 1.1   4.9 4.4   1.3 4.1   1.3 20.78 20.26 20.09     
 701 148.984465 69.681755  0.14   4.44 1.4  56.1 4.4  13.5 4.1  13.5 21.13 20.17 19.67     
 702 148.974858 69.679542  0.14   2.23 1.1  25.2 4.4   6.8 4.1   6.8 20.6  19.93 19.7  2   
 703 148.972496 69.681989  0.14   0.51 1.6   7.0 4.4   1.6 4.1   1.6                       
 704 148.948372 69.677051  0.14   0.05 2.0   0.8 4.4   0.2 4.1   0.2                       
 705 148.974032 69.680928  0.14   3.41 0.7  35.9 4.4  10.4 4.1  10.4 22.27 19.4  18.32     
 706 148.96632  69.678535  0.14  19.33 0.8 208.2 4.4  60.1 4.1  60.1 20.05 20.05 20.23     
 707 148.955079 69.67797   0.14   0.02 1.3   0.2 4.4   0.1 4.1   0.1 20.82 20.17 19.8      
 708 148.965112 69.678505  0.14   8.15 0.9  88.5 4.4  25.2 4.1  25.2 22.39 20.19 18.71     
 709 148.950954 69.677391  0.14   0.16 1.2   1.9 4.4   0.5 4.1   0.5 20.28 19.79 19.6      
 710 148.951771 69.678291  0.14   3.68 1.2  43.8 4.4  11.4 4.1  11.4 20.49 20.13 20.04     
 711 148.971686 69.681546  0.14   0.38 1.2   4.5 4.4   1.2 4.1   1.2 20.84 20.38 20.09     
 712 148.955043 69.678439  0.14   0.86 1.4  11.1 4.4   2.7 4.1   2.7                       
 713 148.969876 69.678863  0.14  11.52 0.6 126.9 4.4  36.1 4.1  36.1 19.62 19.37 19.04     
 714 148.979194 69.682539  0.14   0.18 1.8   2.9 4.4   0.6 4.1   0.6                       
 715 148.973506 69.679206  0.14   0.06 0.9   0.6 4.4   0.2 4.1   0.2 20.86 19.48 19.71     
 716 148.976195 69.682599  0.14   0.03 1.5   0.4 4.4   0.1 4.1   0.1 20.59 19.99 19.52     
 717 148.9646   69.680521  0.14   1.85 0.9  20.1 4.4   5.7 4.1   5.7                       
 718 148.980394 69.681204  0.14   0.02 0.9   0.2 4.4   0.1 4.1   0.1 19.64 19.55 19.43     
 719 148.984658 69.681166  0.14   0.01 1.1   0.1 4.4   0.1 4.1   0.1 20.44 19.55 18.96     
 720 148.961863 69.68057   0.14  18.26 1.0 205.5 4.4  56.7 4.1  56.7 20.85 19.69 18.83     
 721 148.963694 69.680729  0.14   2.22 0.8  24.4 4.4   7.0 4.1   7.0 19.79 19.61 19.36     
 722 148.956673 69.676999  0.14   0.01 1.4   0.2 4.4   0.1 4.1   0.1 20.49 20.16 20.14     
 723 148.951375 69.679546  0.14   0.02 1.4   0.3 4.4   0.1 4.1   0.1 20.23 20.4  20.36     
 724 148.946293 69.677485  0.14   0.08 1.3   1.0 4.4   0.2 4.1   0.2 20.53 20.78 20.6      
 725 148.945598 69.677976  0.14   0.08 1.0   0.9 4.4   0.2 4.1   0.2 19.64 19.52 19.32     
 726 148.95108  69.67801   0.14   2.21 1.0  25.0 4.4   7.0 4.1   7.0 19.73 19.4  19.32     
 727 148.963901 69.677829  0.14   0.47 1.5   6.5 4.4   1.5 4.1   1.5 21.36 21.53 20.3      
 728 148.95715  69.679466  0.14   4.28 0.8  47.3 4.4  13.7 4.1  13.7                       
 729 148.958411 69.68002   0.14   5.13 0.8  56.0 4.4  16.2 4.1  16.2 19.6  19.29 19.09     
 730 148.947973 69.676646  0.13   0.03 1.6   0.5 4.4   0.1 4.1   0.1 20.72 20.36 20.27     
 731 148.979565 69.683053  0.13   0.18 1.8   2.8 4.4   0.6 4.1   0.6 21.96 21.29 21.48     
 732 148.947445 69.677506  0.13   3.5  1.2  43.8 4.4  11.5 4.1  11.5 20.8  20.08 19.43     
 733 148.972615 69.67869   0.13   0.01 0.9   0.1 4.4   0.1 4.1   0.1 20.15 19.48 18.98     
 734 148.953569 69.679909  0.13   0.01 1.4   0.2 4.4   0.1 4.1   0.1 20.56 20.06 19.74     
 735 148.977068 69.681712  0.13   0.02 0.9   0.2 4.4   0.1 4.1   0.1 20.51 19.59 19.66     
 736 148.96792  69.67877   0.13   1.48 0.4  20.0 4.4   4.9 4.1   4.9                   1 2 
 737 148.952441 69.677774  0.13   2.87 1.2  36.0 4.4   9.4 4.1   9.4 21.54 20.03 19.33     
 738 148.964362 69.680994  0.13   1.5  1.0  17.9 4.4   4.9 4.1   4.9 20.05 20.17 20.25     
 739 148.960252 69.67766   0.13   0.03 1.3   0.3 4.4   0.1 4.1   0.1 20.82 20.93 20.5  2   
 740 148.954227 69.678293  0.13   0.01 0.9   0.1 4.4   0.1 4.1   0.1 19.74 19.38 19.22     
 741 148.964658 69.678267  0.13   0.07 0.9   0.8 4.4   0.2 4.1   0.2 20.52 19.73 19.43     
 742 148.954521 69.679216  0.13   0.3  0.9   3.4 4.4   1.0 4.1   1.0 23.42 20.4  20.1      
 743 148.960484 69.67807   0.13   0.01 0.9   0.1 4.4   0.1 4.1   0.1 20.33 19.79 19.55     
 744 148.962982 69.680485  0.13   0.94 0.7  10.5 4.4   3.0 4.1   3.0 20.34 19.6  19.42     
 745 148.959026 69.67588   0.13   0.02 1.6   0.3 4.4   0.1 4.1   0.1 20.57 20.7  20.65     
 746 148.968232 69.681636  0.13   0.01 1.0   0.2 4.4   0.1 4.1   0.1 19.78 19.76 19.59     
 747 148.955365 69.677681  0.13   0.01 1.3   0.2 4.4   0.1 4.1   0.1 21.5  20.18 19.92     
 748 148.950245 69.676733  0.13   0.02 1.6   0.3 4.4   0.1 4.1   0.1 21.31 20.63 20.25     
 749 148.956114 69.678033  0.13   0.11 1.4   1.5 4.4   0.4 4.1   0.4 22.87 21.83 20.88     
 750 148.9703   69.682043  0.13   0.01 1.0   0.2 4.4   0.1 4.1   0.1 20.05 19.73 19.21     
 751 148.94557  69.677315  0.13   0.12 1.1   1.5 4.4   0.4 4.1   0.4 19.99 20.25 20.21     
 752 148.957908 69.67702   0.13   0.02 1.3   0.3 4.4   0.1 4.1   0.1 20.28 20.29 20.17     
 753 148.972119 69.679577  0.13   0.41 0.7   4.7 4.4   1.4 4.1   1.4                       
 754 148.984506 69.681631  0.13   0.64 1.4   8.8 4.4   2.1 4.1   2.1 21.38 20.51 19.66     
 755 148.94965  69.676929  0.13   0.73 1.7  11.3 4.4   2.4 4.1   2.4 22.19 21.18 20.74     
 756 148.948577 69.677274  0.13   4.16 1.6  63.0 4.4  14.0 4.1  14.0 22.18 20.75 20.46     
 757 148.955844 69.675492  0.13   0.01 1.7   0.2 4.4   0.1 4.1   0.1 20.88 20.31 19.98     
 758 148.976826 69.683674  0.13   0.03 1.1   0.3 4.4   0.1 4.1   0.1 21.05 19.65 19.91     
 759 148.962599 69.680348  0.13  25.4  0.9 292.1 4.4  84.0 4.1  84.0 20.16 19.92 19.92     
 760 148.951982 69.678773  0.13   2.26 1.3  30.7 4.4   7.6 4.1   7.6 20.47 20.57 20.24 2   
 761 148.945735 69.677876  0.13   0.02 1.0   0.2 4.4   0.1 4.1   0.1 21.53 19.54 18.55     
 762 148.968899 69.679026  0.13  37.32 0.5 464.8 4.4 123.4 4.1 123.4 19.4  19.6  19.48 2   
 763 148.976219 69.679772  0.13   0.17 1.3   2.2 4.3   0.6 4.0   0.6                       
 764 148.95113  69.676816  0.13   0.66 2.0  11.7 4.3   2.3 4.0   2.3                       
 765 148.981873 69.680907  0.13   0.27 1.5   4.1 4.3   0.9 4.0   0.9 22.27 20.17 19.87     
 766 148.952253 69.677233  0.13   0.01 1.3   0.2 4.3   0.1 4.0   0.1 20.74 20.09 20.02     
 767 148.985642 69.680721  0.13   0.04 1.5   0.6 4.3   0.2 4.0   0.2 22.65 19.74 18.27     
 768 148.971429 69.681694  0.13   2.42 1.3  33.0 4.3   8.2 4.0   8.2 21.29 20.87 20.52     
 769 148.951709 69.67859   0.13   0.32 1.1   4.0 4.3   1.1 4.0   1.1                       
 770 148.960885 69.677735  0.13   1.03 1.3  14.0 4.3   3.5 4.0   3.5 20.96 20.66 20.77 2   
 771 148.972858 69.681233  0.13   1.9  0.9  22.4 4.3   6.5 4.0   6.5 20.2  20.27 19.67     
 772 148.948794 69.677605  0.13   1.07 0.9  12.7 4.3   3.6 4.0   3.6 20.18 20.13 19.72     
 773 148.960152 69.677173  0.13   0.02 1.2   0.2 4.3   0.1 4.0   0.1 20.44 20.29 19.84     
 774 148.944519 69.677638  0.13   5.27 1.5  78.9 4.3  18.1 4.0  18.1 21.73 20.59 20.2      
 775 148.964889 69.677984  0.13   0.48 1.3   6.4 4.3   1.6 4.0   1.6 21.55 20.53 20.18     
 776 148.974538 69.681151  0.13   5.38 0.8  63.5 4.3  18.4 4.0  18.4                       
 777 148.94694  69.677947  0.13   7.03 1.0  85.3 4.3  23.7 4.0  23.7 20.21 20.06 20.35     
 778 148.978066 69.681022  0.13   0.02 1.2   0.2 4.3   0.1 4.0   0.1 21.26 19.98 19.52     
 779 148.974253 69.681808  0.13   0.04 1.3   0.5 4.3   0.1 4.0   0.1 20.6  20.67 20.83     
 780 148.974303 69.681706  0.13   0.02 1.0   0.2 4.3   0.1 4.0   0.1 20.05 19.97 19.61     
 781 148.964697 69.681435  0.13   0.02 1.3   0.3 4.3   0.1 4.0   0.1 20.87 20.5  20.13     
 782 148.946975 69.67911   0.13   0.02 1.8   0.3 4.3   0.1 4.0   0.1 25.52 20.88 19.97     
 783 148.947046 69.678546  0.13   0.02 1.0   0.2 4.3   0.1 4.0   0.1 20.27 19.6  19.13     
 784 148.954523 69.680149  0.13   1.3  1.5  18.8 4.3   4.4 4.0   4.4 21.3  20.33 19.8      
 785 148.956919 69.680513  0.12   0.09 1.4   1.2 4.3   0.3 4.0   0.3                       
 786 148.973332 69.683083  0.13   0.01 1.6   0.2 4.3   0.1 4.0   0.1 21.02 20.58 20.34     
 787 148.980872 69.682681  0.12   0.49 1.5   7.2 4.3   1.7 4.0   1.7 22.76 20.8  21.27     
 788 148.968214 69.681531  0.13   3.08 1.2  40.6 4.3  10.6 4.0  10.6                       
 789 148.976054 69.682322  0.12   0.03 1.1   0.3 4.3   0.1 4.0   0.1 20.3  19.8  19.61     
 790 148.961949 69.677859  0.12   0.02 0.9   0.2 4.3   0.1 4.0   0.1 19.93 19.8  19.98     
 791 148.954767 69.678097  0.12   0.16 1.2   2.2 4.3   0.6 4.0   0.6 21.21 22.7  20.65     
 792 148.966108 69.681635  0.13   0.52 1.5   7.8 4.3   1.8 4.0   1.8 21.86 20.93 20.87     
 793 148.949645 69.678772  0.12   1.53 1.5  23.2 4.3   5.3 4.0   5.3 22.89 20.73 20.6      
 794 148.960095 69.677248  0.12   0.02 1.2   0.3 4.3   0.1 4.0   0.1 20.0  20.07 20.1      
 795 148.956288 69.67833   0.12   0.09 1.1   1.2 4.3   0.3 4.0   0.3 20.55 20.49 21.34     
 796 148.951217 69.678719  0.12   0.01 0.8   0.2 4.3   0.1 4.0   0.1 19.65 19.42 19.15     
 797 148.949016 69.679166  0.12   0.02 1.4   0.2 4.3   0.1 4.0   0.1 20.32 20.27 19.81     
 798 148.959352 69.67765   0.12   0.12 1.3   1.7 4.3   0.4 4.0   0.4 20.59 20.94 21.66     
 799 148.987228 69.680562  0.12   0.02 2.3   0.3 4.3   0.1 4.0   0.1 22.06 21.14 21.08     
 800 148.97593  69.681931  0.12   0.05 1.3   0.7 4.3   0.2 4.0   0.2 20.99 20.72 20.8      
 801 148.982871 69.682336  0.13   0.21 0.9   2.5 4.3   0.7 4.0   0.7 19.81 19.74 19.8      
 802 148.946361 69.677744  0.13   0.02 0.9   0.2 4.3   0.1 4.0   0.1 19.52 20.01 19.62     
 803 148.962039 69.681104  0.13   0.53 1.4   7.5 4.3   1.8 4.0   1.8 20.87 20.73 20.44     
 804 148.977418 69.681943  0.12   0.11 0.9   1.3 4.3   0.4 4.0   0.4 21.71 20.18 20.14 1   
 805 148.971454 69.681292  0.12   0.13 0.7   1.6 4.3   0.5 4.0   0.5 19.11 19.72 20.28     
 806 148.97655  69.680247  0.12   2.34 1.3  33.1 4.3   8.3 4.0   8.3 21.79 20.62 20.54     
 807 148.956334 69.678112  0.12   0.03 1.2   0.3 4.3   0.1 4.0   0.1 22.63 20.41 20.37     
 808 148.958311 69.676298  0.12   0.01 1.4   0.1 4.3   0.1 4.0   0.1 21.99 20.18 19.58     
 809 148.952212 69.676203  0.12   0.02 1.9   0.4 4.3   0.1 4.0   0.1 21.4  21.52 21.06     
 810 148.959209 69.677991  0.12   8.3  1.3 115.8 4.3  29.4 4.0  29.4 20.7  20.58 21.06     
 811 148.975897 69.679506  0.12   0.22 1.3   3.2 4.3   0.8 4.0   0.8 21.59 20.81 21.03     
 812 148.962283 69.678765  0.12  13.84 0.7 173.3 4.3  49.8 4.0  49.8                       
 813 148.977352 69.680258  0.12   0.2  1.2   2.8 4.3   0.7 4.0   0.7 21.85 20.15 20.14     
 814 148.946836 69.676491  0.12   0.01 1.5   0.2 4.3   0.1 4.0   0.1 21.16 20.39 19.89     
 815 148.956097 69.680202  0.12   0.93 1.4  13.4 4.3   3.3 4.0   3.3 21.29 20.32 19.95     
 816 148.985352 69.680586  0.12   0.02 2.1   0.4 4.3   0.1 4.0   0.1 22.4  21.07 21.11     
 817 148.976622 69.679869  0.12   0.02 0.7   0.2 4.3   0.1 4.0   0.1 21.19 19.24 18.49     
 818 148.96661  69.678271  0.12   5.4  0.7  68.9 4.3  19.9 4.0  19.9 19.36 19.42 19.58     
 819 148.949773 69.677002  0.12   0.19 1.6   3.1 4.3   0.7 4.0   0.7 21.11 21.17 21.79     
 820 148.945299 69.677724  0.12   0.11 1.2   1.6 4.3   0.4 4.0   0.4 20.49 20.11 20.3      
 821 148.94738  69.676962  0.12   1.11 1.5  17.5 4.3   4.0 4.0   4.0 21.52 20.83 20.71     
 822 148.954362 69.677221  0.12   0.02 1.2   0.3 4.3   0.1 4.0   0.1 19.64 19.78 19.51     
 823 148.955461 69.678763  0.12  15.14 1.0 194.0 4.3  54.7 4.0  54.7 22.56 20.07 19.4      
 824 148.984557 69.681913  0.12   0.3  1.1   4.1 4.3   1.1 4.0   1.1 21.23 20.34 19.65     
 825 148.980702 69.681256  0.12   0.02 1.2   0.2 4.3   0.1 4.0   0.1 21.55 20.0  19.87     
 826 148.959094 69.679857  0.11  19.75 0.6 266.5 4.3  74.6 4.0  74.6 19.86 19.94 20.01     
 827 148.984395 69.680755  0.12   0.02 1.8   0.3 4.3   0.1 4.0   0.1 21.93 20.89 20.48     
 828 148.982516 69.681974  0.12   6.33 1.3  93.0 4.3  23.5 4.0  23.5 21.81 20.42 20.07     
 829 148.945729 69.678015  0.12   0.3  0.9   4.0 4.3   1.1 4.0   1.1 20.05 19.84 19.78     
 830 148.978576 69.682942  0.12   0.6  1.7  10.5 4.3   2.2 4.0   2.2 22.32 21.63 22.82     
 831 148.946737 69.677909  0.12   0.01 0.8   0.2 4.3   0.1 4.0   0.1 20.81 19.46 19.08     
 832 148.945721 69.677499  0.12   6.45 1.3  97.1 4.3  24.0 4.0  24.0 20.56 20.73 21.85     
 833 148.977756 69.681022  0.12   0.02 1.2   0.3 4.3   0.1 4.0   0.1 21.43 20.33 19.69     
 834 148.949329 69.676899  0.12   0.01 1.3   0.1 4.3   0.1 4.0   0.1 20.65 20.36 20.47 2   
 835 148.959383 69.677799  0.12   0.12 1.1   1.6 4.3   0.4 4.0   0.4 21.26 20.2  19.41     
 836 148.970213 69.681181  0.12  13.07 0.8 170.3 4.3  49.3 4.0  49.3 20.22 19.98 21.35     
 837 148.954155 69.675985  0.12   0.01 1.5   0.2 4.3   0.1 4.0   0.1 20.92 20.28 19.82     
 838 148.978346 69.680353  0.12   0.02 1.0   0.3 4.3   0.1 4.0   0.1 20.78 20.12 19.55     
 839 148.974973 69.682131  0.12   0.02 1.3   0.3 4.3   0.1 4.0   0.1 21.7  21.17 20.48     
 840 148.967892 69.682106  0.12   0.16 1.4   2.5 4.3   0.6 4.0   0.6 20.93 21.07 21.05     
 841 148.984546 69.681379  0.11   1.01 1.4  15.8 4.3   3.9 4.0   3.9 21.09 20.64 20.8      
 842 148.970194 69.681107  0.11  12.92 0.8 169.0 4.3  49.0 4.0  49.0                       
 843 148.97293  69.681398  0.11   0.12 0.8   1.5 4.3   0.4 4.0   0.4 20.96 20.2  19.67     
 844 148.964732 69.678386  0.11  19.79 0.8 262.4 4.3  76.1 4.0  76.1                   2   
 845 148.980301 69.68213   0.11   0.01 0.7   0.1 4.3   0.1 4.0   0.1 19.86 19.25 19.01     
 846 148.978504 69.682834  0.11   0.19 1.7   3.4 4.3   0.7 4.0   0.7 22.06 21.81 24.32     
 847 148.982566 69.680749  0.11   0.57 1.9  11.2 4.3   2.2 4.0   2.2                       
 848 148.972312 69.681524  0.11   5.03 1.1  71.2 4.3  19.5 4.0  19.5 20.98 20.45 20.38     
 849 148.979702 69.682886  0.11   0.36 1.5   5.9 4.3   1.4 4.0   1.4 21.42 21.27 20.29     
 850 148.974295 69.682038  0.11   0.02 1.2   0.2 4.3   0.1 4.0   0.1 20.98 20.43 20.59     
 851 148.956821 69.677924  0.11   0.02 0.9   0.2 4.3   0.1 4.0   0.1 20.0  20.0  20.07     
 852 148.958817 69.680849  0.11   0.08 1.3   1.2 4.3   0.3 4.0   0.3 20.63 20.32 19.93     
 853 148.9443   69.677932  0.11   0.01 0.9   0.1 4.3   0.1 4.0   0.1 19.9  19.6  19.38     
 854 148.952454 69.67899   0.11   0.01 1.1   0.2 4.3   0.1 4.0   0.1 20.38 20.11 20.02     
 855 148.966387 69.681761  0.11   0.01 0.8   0.1 4.3   0.1 4.0   0.1 19.75 19.35 19.04     
 856 148.966381 69.678098  0.11   0.01 0.9   0.2 4.3   0.1 4.0   0.1 20.94 20.01 19.83     
 857 148.974808 69.681011  0.11   5.24 0.9  70.5 4.3  20.0 4.0  20.0                       
 858 148.961152 69.681168  0.11   0.01 1.0   0.2 4.3   0.1 4.0   0.1 19.78 19.94 19.93     
 859 148.981099 69.682137  0.11   0.18 0.7   2.4 4.3   0.7 4.0   0.7 20.86 19.46 18.74     
 860 148.972791 69.682067  0.11   0.02 1.2   0.2 4.3   0.1 4.0   0.1 20.26 20.43 21.29     
 861 148.953601 69.677376  0.11   0.01 1.2   0.2 4.3   0.1 4.0   0.1 20.22 20.55 19.79     
 862 148.952269 69.67898   0.11   0.03 1.2   0.5 4.3   0.1 4.0   0.1                       
 863 148.952046 69.676314  0.11   0.03 1.7   0.6 4.3   0.1 4.0   0.1 21.07 20.88 20.55     
 864 148.980059 69.67911   0.11   0.01 0.9   0.1 4.3   0.1 4.0   0.1 20.57 19.36 19.08     
 865 148.973335 69.679952  0.11  13.83 0.6 190.7 4.3  53.8 4.0  53.8                       
 866 148.94491  69.678266  0.11   0.07 1.2   1.0 4.3   0.3 4.0   0.3 20.6  19.94 19.95     
 867 148.943926 69.677787  0.11   0.03 1.3   0.4 4.3   0.1 4.0   0.1 20.7  20.36 20.24     
 868 148.962444 69.677824  0.11   0.01 0.6   0.2 4.3   0.1 4.0   0.1 19.79 19.29 19.07 2   
 869 148.961072 69.680615  0.11   0.24 0.9   3.3 4.3   0.9 4.0   0.9 19.93 19.96 19.71     
 870 148.968016 69.681948  0.11   1.04 1.4  16.9 4.3   4.0 4.0   4.0 21.68 21.07 22.41     
 871 148.949664 69.677313  0.11   0.01 0.8   0.1 4.3   0.1 4.0   0.1 20.02 19.85 19.55     
 872 148.946183 69.678903  0.11   0.03 1.8   0.5 4.3   0.1 4.0   0.1 20.93 20.91 21.01     
 873 148.952492 69.678706  0.11   2.37 1.0  33.7 4.3   9.4 4.0   9.4 22.22 19.95 19.06 1   
 874 148.951859 69.677762  0.11   1.03 1.1  15.1 4.3   4.1 4.0   4.1 20.77 20.25 20.77     
 875 148.954784 69.678315  0.11  10.8  1.1 154.2 4.3  42.1 4.0  42.1 21.43 20.15 19.16     
 876 148.95879  69.676262  0.11   0.01 0.9   0.1 4.3   0.1 4.0   0.1 19.52 19.42 19.21     
 877 148.949736 69.676139  0.11   0.02 1.6   0.3 4.3   0.1 4.0   0.1 20.82 20.52 20.54     
 878 148.968837 69.681844  0.11   4.24 1.3  65.9 4.3  16.7 4.0  16.7 21.38 20.84 20.38     
 879 148.959509 69.677322  0.11   0.01 1.2   0.2 4.3   0.1 4.0   0.1 21.83 20.49 20.41 2   
 880 148.982288 69.681254  0.11   0.04 0.8   0.6 4.3   0.2 4.0   0.2 20.98 19.89 19.98     
 881 148.958989 69.677797  0.11   0.02 1.0   0.3 4.3   0.1 4.0   0.1 20.9  20.07 19.72     
 882 148.956637 69.67843   0.11   7.09 1.2 105.1 4.3  27.6 4.0  27.6 22.3  20.56 21.15     
 883 148.946485 69.678369  0.11   0.3  1.1   4.4 4.3   1.2 4.0   1.2 20.62 20.26 19.78     
 884 148.962242 69.677807  0.11   4.85 1.0  68.4 4.3  19.0 4.0  19.0                   2   
 885 148.951577 69.675939  0.11   0.02 1.7   0.4 4.3   0.1 4.0   0.1 21.58 21.2  20.39     
 886 148.984306 69.681607  0.11   0.11 1.2   1.6 4.3   0.4 4.0   0.4 20.66 20.75 21.92     
 887 148.945496 69.676857  0.11   0.01 1.2   0.2 4.3   0.1 4.0   0.1 20.12 20.4  20.4      
 888 148.947979 69.677478  0.11   4.11 1.2  62.7 4.3  16.1 4.0  16.1 22.09 20.83 19.96     
 889 148.96063  69.677669  0.11   0.2  1.1   2.9 4.3   0.8 4.0   0.8 20.04 20.16 20.69 2   
 890 148.980479 69.682566  0.11   2.0  1.3  31.1 4.3   7.9 4.0   7.9                       
 891 148.977511 69.682732  0.11   0.01 0.7   0.1 4.3   0.1 4.0   0.1 20.44 19.29 18.69     
 892 148.973364 69.68213   0.11   0.03 1.1   0.4 4.3   0.1 4.0   0.1 20.37 20.2  20.0      
 893 148.975285 69.681678  0.11   0.03 1.0   0.4 4.3   0.1 4.0   0.1 20.12 20.11 20.96     
 894 148.984602 69.681322  0.11   0.06 1.3   0.9 4.3   0.2 4.0   0.2 21.67 21.32 20.33     
 895 148.981372 69.681049  0.11   1.68 1.3  26.9 4.3   6.8 4.0   6.8 22.58 20.5  19.93     
 896 148.978167 69.683002  0.11   0.04 1.4   0.6 4.3   0.2 4.0   0.2 21.44 20.98 20.46     
 897 148.958214 69.677714  0.11   0.01 1.2   0.2 4.3   0.1 4.0   0.1 20.23 20.52 20.01     
 898 148.975478 69.680742  0.11   7.46 1.1 111.1 4.3  29.8 4.0  29.8 21.31 19.96 19.28     
 899 148.942986 69.677355  0.11   1.28 1.5  22.0 4.3   5.1 4.0   5.1 21.36 20.68 20.87     
 900 148.957631 69.679964  0.11  12.59 1.0 176.6 4.3  49.8 4.0  49.8                       
 901 148.96222  69.676557  0.11   0.02 1.2   0.2 4.3   0.1 4.0   0.1 20.48 20.01 19.49     
 902 148.977386 69.68178   0.11   0.63 0.9   8.8 4.3   2.5 4.0   2.5                   1   
 903 148.962674 69.678112  0.11   1.98 0.7  27.5 4.3   7.9 4.0   7.9 19.81 19.65 20.18     
 904 148.977994 69.682667  0.11   0.01 1.2   0.1 4.3   0.1 4.0   0.1 20.99 19.97 19.79     
 905 148.978796 69.682236  0.11   0.6  1.0   8.6 4.3   2.4 4.0   2.4 20.6  20.42 21.65     
 906 148.954174 69.675937  0.11   0.01 1.5   0.2 4.3   0.1 4.0   0.1 20.5  20.38 20.24     
 907 148.97934  69.6818    0.11   0.4  0.6   5.6 4.3   1.6 4.0   1.6 19.26 19.51 20.19     
 908 148.979839 69.683062  0.11   0.39 1.5   6.8 4.3   1.6 4.0   1.6 21.64 21.06 20.78     
 909 148.954974 69.677688  0.11   0.01 1.0   0.2 4.3   0.1 4.0   0.1 20.36 20.0  20.01     
 910 148.944213 69.677818  0.11   0.2  1.5   3.4 4.3   0.8 4.0   0.8 20.61 21.04 21.22     
 911 148.974112 69.681845  0.11   0.03 1.1   0.4 4.3   0.1 4.0   0.1 20.73 21.17 21.29     
 912 148.973796 69.678571  0.11   0.01 1.0   0.1 4.3   0.1 4.0   0.1 19.66 19.8  19.95     
 913 148.972781 69.678407  0.11   0.19 1.6   3.6 4.3   0.8 4.0   0.8                       
 914 148.984203 69.681278  0.11   0.87 1.4  14.9 4.3   3.5 4.0   3.5 21.68 21.02 20.4      
 915 148.949843 69.676813  0.11   0.01 1.4   0.2 4.3   0.1 4.0   0.1 20.99 20.79 20.63     
 916 148.960232 69.680804  0.11   3.68 1.3  61.1 4.3  15.2 4.0  15.2 21.65 21.01 20.56     
 917 148.967419 69.681765  0.11   2.21 1.1  33.3 4.3   9.1 4.0   9.1 19.94 20.22 20.39     
 918 148.967016 69.680995  0.11   4.03 0.9  57.8 4.3  16.6 4.0  16.6 20.59 20.42 20.16     
 919 148.959259 69.677744  0.11   0.01 0.9   0.2 4.3   0.1 4.0   0.1 21.96 20.05 19.39     
 920 148.985476 69.681706  0.11   0.02 1.2   0.2 4.3   0.1 4.0   0.1 20.32 20.4  20.17     
 921 148.952902 69.677825  0.11   0.23 1.0   3.5 4.3   1.0 4.0   1.0                       
 922 148.960194 69.677578  0.11   0.25 1.2   4.0 4.3   1.0 4.0   1.0                       
 923 148.953371 69.678494  0.11   0.19 0.7   2.6 4.3   0.8 4.0   0.8 21.41 19.77 19.59     
 924 148.984987 69.681358  0.1    0.02 1.0   0.3 4.2   0.1 4.0   0.1 20.35 19.52 19.14     
 925 148.974645 69.68166   0.1    0.43 1.1   6.5 4.2   1.8 4.0   1.8 20.46 20.7  21.17     
 926 148.955165 69.678123  0.1    0.43 1.1   6.7 4.2   1.8 4.0   1.8 21.37 20.51 20.51     
 927 148.964408 69.680716  0.1    2.81 0.7  40.6 4.2  11.7 4.0  11.7 19.89 19.61 20.11     
 928 148.9871   69.680834  0.1    0.01 2.0   0.3 4.2   0.1 4.0   0.1 24.29 21.44 20.46     
 929 148.980018 69.682916  0.1    0.83 1.5  15.0 4.2   3.5 4.0   3.5 22.11 21.5  20.72     
 930 148.946964 69.67918   0.1    0.05 1.8   1.0 4.2   0.2 4.0   0.2 21.25 21.08 20.94     
 931 148.969748 69.678988  0.1   30.04 0.5 477.5 4.2 125.1 4.0 125.1 19.44 19.64 19.73     
 932 148.985217 69.681622  0.1    1.25 1.4  21.5 4.2   5.2 4.0   5.2 21.02 20.52 20.29     
 933 148.961253 69.677761  0.1    0.01 1.0   0.2 4.2   0.1 4.0   0.1 20.52 20.52 19.38     
 934 148.951886 69.679107  0.1    0.01 0.8   0.1 4.2   0.1 4.0   0.1 19.85 19.56 19.46     
 935 148.948794 69.676955  0.1    0.07 1.3   1.2 4.2   0.3 4.0   0.3 21.02 20.84 20.91     
 936 148.976027 69.681802  0.1    1.24 1.1  19.5 4.2   5.3 4.0   5.3 21.6  20.6  20.82     
 937 148.957092 69.677623  0.1    0.13 1.2   2.0 4.2   0.5 4.0   0.5 20.49 20.73 21.85     
 938 148.957013 69.679688  0.1    8.56 0.6 129.2 4.2  36.0 4.0  36.0 20.06 19.54 19.54     
 939 148.982827 69.681613  0.1    2.56 1.3  42.2 4.2  10.7 4.0  10.7 21.18 20.69 20.58     
 940 148.983045 69.681831  0.1    2.34 1.3  38.5 4.2   9.8 4.0   9.8 21.48 20.45 20.35     
 941 148.975943 69.678892  0.1    0.01 1.4   0.2 4.2   0.1 4.0   0.1 20.71 20.6  20.25     
 942 148.95188  69.678486  0.1    0.1  1.0   1.4 4.2   0.4 4.0   0.4                       
 943 148.979361 69.682568  0.1    0.09 1.3   1.5 4.2   0.4 4.0   0.4 21.07 21.07 22.37     
 944 148.951783 69.677015  0.1    0.01 0.9   0.1 4.2   0.1 4.0   0.1 20.07 19.66 19.81     
 945 148.943829 69.677645  0.1    0.01 1.2   0.2 4.2   0.1 4.0   0.1 20.24 20.23 20.62     
 946 148.959934 69.680447  0.1    0.01 0.7   0.1 4.2   0.1 4.0   0.1 19.86 19.55 19.34     
 947 148.986473 69.681402  0.1    0.02 1.4   0.3 4.2   0.1 4.0   0.1 20.81 20.12 20.06     
 948 148.979886 69.682849  0.1    0.01 1.2   0.2 4.2   0.1 4.0   0.1 21.83 20.24 20.02     
 949 148.95793  69.678101  0.1    2.55 1.1  40.7 4.2  11.0 4.0  11.0                       
 950 148.963082 69.681371  0.1    0.01 0.7   0.1 4.2   0.1 4.0   0.1 20.0  19.37 19.11     
 951 148.948477 69.676297  0.1    0.09 0.9   1.3 4.2   0.4 4.0   0.4 19.56 19.89 21.2      
 952 148.955936 69.677722  0.1    0.02 1.1   0.3 4.2   0.1 4.0   0.1 20.88 20.46 20.61     
 953 148.972224 69.681963  0.1    3.13 1.3  54.2 4.2  13.5 4.0  13.5                       
 954 148.974544 69.68304   0.1    0.01 1.5   0.3 4.2   0.1 4.0   0.1 21.8  20.92 19.96     
 955 148.948519 69.676942  0.1    0.01 1.1   0.1 4.2   0.1 3.9   0.1 20.22 20.19 20.36     
 956 148.975033 69.679467  0.1    0.97 0.8  14.7 4.2   4.3 3.9   4.3 20.47 19.91 20.25 2   
 957 148.944731 69.67824   0.1    0.01 1.0   0.2 4.2   0.1 3.9   0.1 20.62 19.94 19.81     
 958 148.942982 69.677713  0.1    0.04 1.4   0.6 4.2   0.2 3.9   0.2 20.57 20.41 20.3      
 959 148.956492 69.678735  0.1    1.63 0.6  25.0 4.2   7.2 3.9   7.2                       
 960 148.956274 69.6798    0.1   13.15 0.8 199.1 4.2  57.6 3.9  57.6 20.54 19.84 19.81     
 961 148.956579 69.678942  0.1    0.56 0.5   9.1 4.2   2.4 3.9   2.4                       
 962 148.987333 69.681226  0.1    0.02 1.5   0.3 4.2   0.1 3.9   0.1 22.22 20.43 19.68     
 963 148.979911 69.682535  0.1    0.02 0.7   0.2 4.2   0.1 3.9   0.1 19.66 19.41 19.21     
 964 148.948374 69.678194  0.1   12.11 0.7 185.6 4.2  53.6 3.9  53.6 20.33 20.06 20.18     
 965 148.953344 69.679606  0.1    5.64 1.1  91.7 4.2  24.5 3.9  24.5 20.62 19.93 19.82     
 966 148.965103 69.681271  0.1    3.25 1.1  53.3 4.2  14.3 3.9  14.3                       
 967 148.953884 69.679535  0.1    1.18 1.3  20.2 4.2   5.1 3.9   5.1 21.81 21.35 22.04     
 968 148.970677 69.67821   0.1    0.01 1.2   0.2 4.2   0.1 3.9   0.1 20.87 20.46 20.21     
 969 148.941807 69.678325  0.1    0.01 1.9   0.3 4.2   0.1 3.9   0.1 21.16 21.13 20.93     
 970 148.972348 69.681906  0.1    6.37 1.1 104.2 4.2  27.9 3.9  27.9 21.01 20.4  19.97     
 971 148.945957 69.677704  0.1    2.32 1.0  35.9 4.2  10.1 3.9  10.1 20.18 20.31 19.98     
 972 148.945683 69.676555  0.1    0.02 1.3   0.3 4.2   0.1 3.9   0.1 20.38 20.44 20.43 2   
 973 148.956318 69.677834  0.1    0.01 0.8   0.1 4.2   0.1 3.9   0.1 19.88 19.86 19.8      
 974 148.95111  69.679514  0.1    0.01 1.2   0.2 4.2   0.1 3.9   0.1 20.09 19.96 19.9      
 975 148.94708  69.678101  0.1    2.11 1.0  34.1 4.2   9.5 3.9   9.5 20.42 20.45 20.97     
 976 148.970145 69.678646  0.1    7.02 0.8 108.6 4.2  31.5 3.9  31.5 19.87 20.2  20.64     
 977 148.963861 69.677681  0.1    0.01 0.8   0.1 4.2   0.1 3.9   0.1 20.15 19.82 19.65     
 978 148.978845 69.680858  0.1    0.01 1.0   0.2 4.2   0.1 3.9   0.1 21.4  20.35 19.11     
 979 148.94437  69.676816  0.1    0.13 1.0   2.1 4.2   0.6 3.9   0.6 20.48 19.91 19.78     
 980 148.969823 69.678609  0.1    6.26 0.5 102.3 4.2  28.3 3.9  28.3 19.57 19.58 19.33     
 981 148.951528 69.678486  0.1    0.32 0.9   5.1 4.2   1.4 3.9   1.4 24.1  20.14 19.89     
 982 148.962152 69.681618  0.1    1.17 1.5  22.7 4.2   5.2 3.9   5.2 21.55 21.0  20.39     
 983 148.950192 69.676067  0.1    0.01 1.4   0.2 4.2   0.1 3.9   0.1 21.03 20.55 20.19     
 984 148.945596 69.676626  0.1    0.01 0.8   0.1 4.2   0.1 3.9   0.1 19.31 19.7  19.67 2   
 985 148.948411 69.676624  0.1    2.29 1.4  41.7 4.2  10.3 3.9  10.3 22.18 20.75 20.17     
 986 148.950218 69.678683  0.1    2.68 1.0  42.6 4.2  12.0 3.9  12.0 20.79 20.29 19.47     
 987 148.97558  69.679718  0.1    0.14 0.8   2.2 4.2   0.6 3.9   0.6 20.39 20.05 20.91     
 988 148.949399 69.677952  0.1   11.6  0.8 179.3 4.2  52.0 3.9  52.0                       
 989 148.958234 69.680419  0.1    0.01 0.6   0.2 4.2   0.1 3.9   0.1 19.1  19.48 19.62     
 990 148.957359 69.680573  0.1    0.01 0.8   0.1 4.2   0.1 3.9   0.1 21.27 19.73 18.83     
 991 148.977212 69.679544  0.1    0.01 1.0   0.2 4.2   0.1 3.9   0.1 20.92 20.3  19.8      
 992 148.944776 69.678353  0.1    0.01 1.1   0.2 4.2   0.1 3.9   0.1 20.0  20.19 20.05     
 993 148.983643 69.681637  0.09   0.13 1.0   2.2 4.2   0.6 3.9   0.6 21.91 20.43 19.88     
 994 148.982164 69.68193   0.09   0.49 1.0   8.3 4.2   2.3 3.9   2.3 21.11 20.76 20.64     
 995 148.974585 69.681718  0.09   0.01 0.6   0.1 4.2   0.1 3.9   0.1 19.57 19.86 19.82     
 996 148.974641 69.681969  0.09   0.01 0.9   0.2 4.2   0.1 3.9   0.1 20.21 20.31 19.85     
 997 148.971583 69.678352  0.09   0.06 0.9   1.0 4.2   0.3 3.9   0.3 20.42 20.36 20.49     
 998 148.952433 69.677961  0.09   1.49 1.0  24.8 4.2   6.9 3.9   6.9                       
 999 148.948876 69.677637  0.09   6.3  0.8 100.3 4.2  29.1 3.9  29.1 19.78 20.05 20.54     
1000 148.976146 69.679949  0.09   3.85 1.1  65.0 4.2  17.7 3.9  17.7 22.28 20.79 20.81     
1001 148.97863  69.682807  0.09   0.17 1.5   3.2 4.2   0.8 3.9   0.8 22.32 22.49 21.2      
1002 148.984242 69.681369  0.1    0.1  1.2   1.8 4.2   0.5 3.9   0.5 21.19 20.35 20.13     
1003 148.974426 69.682834  0.09   0.01 1.5   0.3 4.2   0.1 3.9   0.1 21.46 21.17 21.24     
1004 148.981894 69.682446  0.09   3.82 1.1  64.9 4.2  17.8 3.9  17.8 21.47 20.6  20.22     
1005 148.944029 69.678758  0.09   0.08 2.1   2.0 4.2   0.4 3.9   0.4 22.19 21.62 22.24 2   
1006 148.95199  69.677586  0.09   0.02 0.9   0.3 4.2   0.1 3.9   0.1 20.68 20.46 19.97     
1007 148.95293  69.67963   0.09   0.02 1.1   0.4 4.2   0.1 3.9   0.1 20.97 20.35 19.85     
1008 148.948676 69.677074  0.09   0.72 1.2  12.9 4.2   3.3 3.9   3.3 20.59 20.67 20.63     
1009 148.950346 69.676865  0.09   2.58 1.4  49.5 4.2  11.9 3.9  11.9 22.12 21.47 20.45     
1010 148.97212  69.683589  0.09   0.04 1.7   0.8 4.2   0.2 3.9   0.2 21.33 22.0  21.39     
1011 148.982464 69.680718  0.09   0.01 1.0   0.2 4.2   0.1 3.9   0.1 20.04 19.84 19.73     
1012 148.949903 69.677652  0.09   0.02 0.7   0.3 4.2   0.1 3.9   0.1                       
1013 148.947698 69.678524  0.09   0.08 1.0   1.3 4.2   0.4 3.9   0.4 21.46 20.18 19.09     
1014 148.951659 69.679371  0.09   2.07 1.3  38.1 4.2   9.7 3.9   9.7 20.92 20.67 20.57     
1015 148.942714 69.677974  0.09   0.06 1.6   1.3 4.2   0.3 3.9   0.3 21.42 21.0  20.61     
1016 148.980319 69.680228  0.09   0.01 0.9   0.1 4.2   0.1 3.9   0.1 20.21 20.12 19.76     
1017 148.969216 69.678451  0.09   1.96 0.9  32.8 4.2   9.3 3.9   9.3 20.66 21.23 21.38 2   
1018 148.949352 69.678954  0.09   0.02 1.2   0.4 4.2   0.1 3.9   0.1 21.25 20.86 20.2      
1019 148.955843 69.677327  0.09   0.01 0.8   0.2 4.2   0.1 3.9   0.1 21.4  19.72 18.78     
1020 148.983303 69.681642  0.09   7.8  1.1 136.3 4.2  36.9 3.9  36.9 22.45 20.33 19.78     
1021 148.970392 69.677695  0.09   0.01 1.1   0.1 4.2   0.1 3.9   0.1 20.19 20.22 20.0      
1022 148.964528 69.678418  0.09  11.29 0.7 185.4 4.2  53.4 3.9  53.4                       
1023 148.946622 69.678064  0.09   1.18 0.7  19.6 4.2   5.6 3.9   5.6 19.9  19.89 19.59     
1024 148.977838 69.680751  0.09   1.64 1.0  28.6 4.2   7.8 3.9   7.8 21.65 20.49 20.06     
1025 148.955434 69.6781    0.09   0.11 1.0   1.9 4.2   0.5 3.9   0.5 22.11 21.21 20.72     
1026 148.946659 69.676801  0.09   0.04 1.2   0.8 4.2   0.2 3.9   0.2 20.42 20.27 20.74     
1027 148.960848 69.680348  0.09  17.43 0.7 287.3 4.2  83.2 3.9  83.2 20.43 20.0  19.89     
1028 148.97719  69.67946   0.09   0.02 1.1   0.4 4.2   0.1 3.9   0.1 20.33 20.61 20.64     
1029 148.961838 69.677679  0.09   0.01 0.8   0.2 4.2   0.1 3.9   0.1 20.38 20.07 19.95 2   
1030 148.978175 69.68068   0.09   0.03 1.0   0.6 4.2   0.2 3.9   0.2                       
1031 148.982087 69.680986  0.09   0.38 1.0   6.5 4.2   1.8 3.9   1.8 20.81 20.16 20.18     
1032 148.956642 69.678288  0.09   0.9  1.0  15.5 4.2   4.3 3.9   4.3 24.01 21.23 21.48     
1033 148.953377 69.677684  0.09   0.06 0.8   1.1 4.2   0.3 3.9   0.3 20.45 19.71 19.56     
1034 148.97893  69.682393  0.09   2.98 1.0  51.2 4.2  14.4 3.9  14.4 20.56 20.36 20.12     
1035 148.959665 69.677751  0.09  10.92 1.0 190.9 4.2  52.8 3.9  52.8                       
1036 148.976411 69.679794  0.09   0.78 1.1  13.9 4.2   3.8 3.9   3.8 20.65 21.13 23.43     
1037 148.960519 69.677711  0.09   0.26 0.9   4.4 4.2   1.3 3.9   1.3 20.89 20.64 21.22 2   
1038 148.940948 69.677808  0.09   0.01 0.8   0.2 4.2   0.1 3.9   0.1 19.11 19.4  19.29     
1039 148.964966 69.681819  0.09   0.01 1.1   0.2 4.2   0.1 3.9   0.1 20.48 20.4  20.28     
1040 148.958916 69.676768  0.09   0.01 1.0   0.1 4.2   0.1 3.9   0.1 20.84 20.09 19.67     
1041 148.948993 69.6788    0.09   0.01 0.7   0.1 4.2   0.1 3.9   0.1 20.7  19.54 18.94     
1042 148.945007 69.67771   0.09   0.04 1.0   0.6 4.2   0.2 3.9   0.2 21.74 20.63 20.72     
1043 148.952246 69.678263  0.09   7.44 0.7 127.7 4.2  36.8 3.9  36.8 19.97 19.77 20.05     
1044 148.978392 69.682893  0.09   0.28 1.4   5.6 4.2   1.4 3.9   1.4 22.29 21.37 21.15     
1045 148.95254  69.677841  0.09   4.28 1.0  76.2 4.2  21.3 3.9  21.3 21.59 21.0  21.26     
1046 148.95755  69.680402  0.09   5.24 1.0  92.9 4.2  25.9 3.9  25.9 20.46 20.48 20.18     
1047 148.9721   69.682043  0.09   6.12 1.3 117.1 4.2  30.0 3.9  30.0                       
1048 148.952109 69.677604  0.09   1.19 0.8  20.3 4.2   5.8 3.9   5.8 20.18 20.32 19.77     
1049 148.960263 69.677087  0.09   0.01 1.0   0.1 4.2   0.1 3.9   0.1 20.89 20.27 19.98     
1050 148.969566 69.681981  0.09   0.23 1.0   4.1 4.2   1.1 3.9   1.1 21.03 20.61 20.75 2   
1051 148.953943 69.679169  0.09   0.16 0.5   2.9 4.2   0.8 3.9   0.8 20.05 20.37 20.41     
1052 148.97954  69.683004  0.09   0.24 1.4   4.7 4.2   1.2 3.9   1.2 22.59 21.59 20.52     
1053 148.967842 69.681939  0.09   4.06 1.2  76.0 4.2  19.8 3.9  19.8 22.57 21.04 20.99     
1054 148.982892 69.680913  0.09   2.72 1.4  55.8 4.2  13.5 3.9  13.5 21.93 20.79 20.23     
1055 148.945198 69.677996  0.09   2.03 1.1  37.3 4.2  10.0 3.9  10.0 20.64 20.47 20.83     
1056 148.971234 69.682345  0.09   0.44 1.4   9.1 4.2   2.2 3.9   2.2 22.33 21.45 20.88     
1057 148.976397 69.681826  0.09   0.01 0.6   0.2 4.2   0.1 3.9   0.1 20.12 19.7  19.91     
1058 148.942701 69.677714  0.09   0.02 1.2   0.4 4.2   0.1 3.9   0.1 20.9  20.23 20.27     
1059 148.977791 69.68125   0.09   1.99 0.7  34.8 4.2  10.0 3.9  10.0 20.56 19.65 20.55     
1060 148.962319 69.680787  0.09   0.09 0.6   1.6 4.2   0.4 3.9   0.4 19.93 19.95 19.78     
1061 148.956095 69.6781    0.09   0.01 0.8   0.2 4.2   0.1 3.9   0.1 20.48 20.38 20.91     
1062 148.95425  69.678479  0.09   4.68 0.8  80.6 4.2  23.4 3.9  23.4 23.99 20.07 19.96     
1063 148.946225 69.678634  0.09   0.01 0.9   0.2 4.2   0.1 3.9   0.1 19.54 19.85 20.28     
1064 148.980897 69.680832  0.09   0.02 1.1   0.3 4.2   0.1 3.9   0.1 23.01 20.41 20.43     
1065 148.98557  69.680541  0.09   0.02 1.7   0.4 4.2   0.1 3.9   0.1 21.99 20.94 20.69     
1066 148.972635 69.678433  0.09   2.29 1.2  44.1 4.2  11.4 3.9  11.4 20.44 20.63 20.57     
1067 148.952887 69.678849  0.09   9.62 1.0 174.4 4.2  48.8 3.9  48.8 20.72 20.29 20.92 1   
1068 148.943411 69.677832  0.09   0.17 1.4   3.5 4.2   0.8 3.9   0.8 22.49 20.88 20.81     
1069 148.982008 69.681616  0.09   6.77 1.0 124.2 4.2  34.4 3.9  34.4 22.2  20.84 19.95     
1070 148.950437 69.677057  0.09   4.94 1.3  98.8 4.2  25.1 3.9  25.1 21.87 20.98 21.61     
1071 148.979803 69.678086  0.09   0.07 2.2   1.9 4.2   0.4 3.9   0.4 22.73 22.31 21.28     
1072 148.978526 69.681072  0.09   0.01 0.7   0.1 4.2   0.1 3.9   0.1 20.17 19.73 19.27     
1073 148.962319 69.676936  0.09   0.01 1.0   0.1 4.2   0.1 3.9   0.1 20.43 20.05 19.85     
1074 148.946061 69.678078  0.08   0.07 0.7   1.2 4.2   0.3 3.9   0.3 20.07 20.07 19.65     
1075 148.963981 69.67779   0.08   0.01 0.9   0.2 4.2   0.1 3.9   0.1 21.25 20.42 20.08     
1076 148.978774 69.683048  0.08   0.01 0.9   0.1 4.2   0.1 3.9   0.1 21.7  20.04 19.16     
1077 148.983473 69.681538  0.08   1.31 1.3  26.3 4.2   6.7 3.9   6.7 22.95 21.21 23.26 2   
1078 148.973527 69.678537  0.08   0.04 1.2   0.7 4.2   0.2 3.9   0.2 21.2  21.26 20.98     
1079 148.968698 69.681833  0.08   8.04 1.0 149.5 4.2  41.6 3.9  41.6 21.43 20.73 20.86     
1080 148.950705 69.676443  0.08   0.01 1.2   0.2 4.2   0.1 3.9   0.1 20.44 20.57 20.5      
1081 148.96438  69.68168   0.08   0.01 0.8   0.1 4.2   0.1 3.9   0.1 20.77 19.87 19.33     
1082 148.977415 69.681719  0.09   6.47 0.4 130.7 4.2  33.1 3.9  33.1 19.69 19.51 19.62     
1083 148.951631 69.679317  0.08   2.51 1.1  47.9 4.2  13.0 3.9  13.0 20.84 20.59 20.4      
1084 148.978459 69.683499  0.08   0.01 1.3   0.2 4.2   0.1 3.9   0.1 20.81 20.48 20.17     
1085 148.978114 69.683667  0.09   0.2  1.5   4.2 4.2   1.0 3.9   1.0                       
1086 148.948269 69.678925  0.08   0.07 1.2   1.4 4.2   0.4 3.9   0.4 20.76 20.55 20.17     
1087 148.969989 69.682106  0.08   1.85 1.1  34.7 4.2   9.5 3.9   9.5 21.21 20.57 20.28     
1088 148.957038 69.680364  0.08   0.33 1.0   6.2 4.2   1.7 3.9   1.7                       
1089 148.976657 69.682871  0.08   0.08 1.2   1.6 4.2   0.4 3.9   0.4 21.14 20.62 20.2      
1090 148.957339 69.677751  0.08   1.03 1.1  20.4 4.2   5.5 3.9   5.5                       
1091 148.97656  69.682813  0.08   0.01 1.2   0.2 4.2   0.1 3.9   0.1 20.83 20.89 21.32     
1092 148.946692 69.677021  0.08   0.01 0.9   0.1 4.2   0.1 3.9   0.1 22.23 20.03 19.71     
1093 148.967857 69.6775    0.08   0.01 0.9   0.2 4.2   0.1 3.9   0.1 20.35 20.17 19.95     
1094 148.973119 69.682744  0.08   0.01 0.9   0.1 4.2   0.1 3.9   0.1 20.89 20.09 19.55     
1095 148.948811 69.677394  0.08   0.11 0.8   2.1 4.2   0.6 3.9   0.6 20.72 20.12 20.17     
1096 148.980283 69.681347  0.08   0.88 0.9  16.2 4.2   4.6 3.9   4.6 20.91 20.5  20.1      
1097 148.951259 69.678442  0.08  12.81 0.8 233.9 4.2  67.4 3.9  67.4                       
1098 148.980182 69.681423  0.08   1.67 0.8  30.2 4.2   8.8 3.9   8.8 21.83 20.14 19.32     
1099 148.96238  69.677563  0.08   0.01 0.8   0.2 4.2   0.1 3.9   0.1 20.45 20.22 20.11     
1100 148.956135 69.678169  0.08   0.24 1.0   4.6 4.2   1.3 3.9   1.3                       
1101 148.982509 69.682048  0.08   7.41 1.0 141.2 4.2  38.9 3.9  38.9 20.83 20.41 20.41     
1102 148.962737 69.680296  0.08  24.5  0.7       4.2 129.4 3.9 129.4 21.14 19.63 19.26     
1103 148.979061 69.677709  0.08   0.19 2.7   6.6 4.2   1.0 3.9   1.0                       
1104 148.979954 69.682271  0.08   0.37 0.9   6.9 4.2   2.0 3.9   2.0 20.64 20.41 21.83     
1105 148.955487 69.678202  0.08   5.22 0.9  98.9 4.1  28.0 3.8  28.0 22.24 20.36 20.04     
1106 148.942155 69.67749   0.08   2.58 1.5  60.0 4.1  13.9 3.8  13.9 21.76 21.77 20.92     
1107 148.977686 69.68119   0.08   3.78 0.8  70.0 4.1  20.3 3.8  20.3                       
1108 148.979171 69.682404  0.08   5.0  1.2 102.6 4.1  26.9 3.8  26.9 22.83 20.99 20.38     
1109 148.95449  69.67898   0.08  13.04 0.6 249.2 4.1  70.0 3.8  70.0 21.41 19.74 19.95     
1110 148.954649 69.677242  0.08   0.01 0.8   0.2 4.1   0.1 3.8   0.1 19.74 20.2  20.9      
1111 148.977798 69.679106  0.08   0.01 0.9   0.1 4.1   0.1 3.8   0.1 20.3  19.72 19.61     
1112 148.949086 69.676492  0.08   0.54 1.3  11.7 4.1   2.9 3.8   2.9 21.02 20.9  20.69     
1113 148.972834 69.681913  0.08   0.01 0.7   0.1 4.1   0.1 3.8   0.1 20.01 20.01 20.41     
1114 148.964773 69.681087  0.08   4.63 0.6  87.0 4.1  25.0 3.8  25.0 21.38 20.3  19.47     
1115 148.976215 69.682778  0.08   0.15 1.3   3.2 4.1   0.8 3.8   0.8 21.07 20.9  21.55     
1116 148.9763   69.682164  0.08   4.9  0.9  92.6 4.1  26.6 3.8  26.6 20.72 20.31 20.73     
1117 148.97644  69.682238  0.08   0.12 1.0   2.3 4.1   0.6 3.8   0.6 21.26 20.88 21.72     
1118 148.987749 69.680004  0.08   0.01 1.8   0.3 4.1   0.1 3.8   0.1 21.49 20.89 20.24     
1119 148.966696 69.680725  0.08  23.35 0.2 722.2 4.1 125.4 3.8 125.4 19.79 19.51 19.92     
1120 148.947138 69.678247  0.08   4.6  0.7  88.7 4.1  25.7 3.8  25.7 20.74 20.06 20.84     
1121 148.953849 69.677223  0.08   0.01 0.8   0.1 4.1   0.1 3.8   0.1 21.03 20.3  19.87     
1122 148.972937 69.682061  0.08   0.14 1.0   2.8 4.1   0.8 3.8   0.8 21.01 21.06 20.37     
1123 148.944932 69.676952  0.08   0.3  0.8   5.8 4.1   1.7 3.8   1.7 20.19 20.32 20.12     
1124 148.973197 69.682181  0.08   0.03 0.9   0.6 4.1   0.2 3.8   0.2 20.73 20.5  20.5      
1125 148.960713 69.677835  0.08   3.44 0.7  65.1 4.1  18.9 3.8  18.9 19.87 20.31 20.17 2   
1126 148.946076 69.677131  0.08   0.13 0.9   2.5 4.1   0.7 3.8   0.7 20.89 20.58 20.6      
1127 148.95186  69.676665  0.08   0.01 0.9   0.2 4.1   0.1 3.8   0.1 19.81 20.19 20.11     
1128 148.985756 69.681574  0.08   0.01 0.8   0.1 4.1   0.1 3.8   0.1 20.0  19.92 19.64     
1129 148.981698 69.681308  0.08   2.63 0.7  49.6 4.1  14.4 3.8  14.4 22.27 19.9  19.19     
1130 148.968157 69.681812  0.08   2.34 0.9  45.9 4.1  13.0 3.8  13.0 21.68 20.93 19.73     
1131 148.946966 69.679219  0.08   0.14 1.5   3.3 4.1   0.8 3.8   0.8 21.46 20.91 20.58     
1132 148.978052 69.682832  0.08   2.23 1.3  49.0 4.1  12.4 3.8  12.4 21.33 21.34 21.73     
1133 148.987505 69.680973  0.08   0.01 1.6   0.2 4.1   0.1 3.8   0.1 22.57 21.13 20.8      
1134 148.94749  69.677628  0.08   4.27 0.6  83.4 4.1  23.8 3.8  23.8 20.91 20.54 19.83     
1135 148.957406 69.680943  0.08   0.01 0.8   0.2 4.1   0.1 3.8   0.1 19.85 20.15 19.87     
1136 148.964515 69.678195  0.08   5.52 0.7 106.0 4.1  30.7 3.8  30.7 20.67 20.45 21.18     
1137 148.955932 69.679963  0.08   4.6  1.1  96.2 4.1  25.9 3.8  25.9 21.39 21.13 24.43     
1138 148.953032 69.67721   0.08   0.01 0.7   0.2 4.1   0.1 3.8   0.1 20.23 19.89 19.66     
1139 148.956291 69.677387  0.08   0.01 0.9   0.2 4.1   0.1 3.8   0.1 20.25 20.41 20.66     
1140 148.946796 69.679323  0.08   0.01 1.3   0.2 4.1   0.1 3.8   0.1 20.41 20.3  20.2      
1141 148.954881 69.678127  0.08   0.01 0.6   0.1 4.1   0.1 3.8   0.1 21.77 19.88 18.88     
1142 148.947559 69.676938  0.08   0.09 1.0   1.9 4.1   0.5 3.8   0.5                       
1143 148.973909 69.683066  0.08   0.01 1.3   0.2 4.1   0.1 3.8   0.1 21.0  20.98 20.97     
1144 148.966398 69.678162  0.08   1.32 0.5  28.0 4.1   7.4 3.8   7.4 20.33 19.93 19.65     
1145 148.942586 69.677413  0.08   0.01 1.0   0.2 4.1   0.1 3.8   0.1 19.77 20.1  19.98     
1146 148.95357  69.679728  0.08   0.01 0.8   0.2 4.1   0.1 3.8   0.1 19.91 20.11 19.94     
1147 148.976679 69.68029   0.08   8.24 0.9 161.7 4.1  46.4 3.8  46.4 22.03 20.64 20.18     
1148 148.945777 69.67717   0.08   0.01 0.7   0.2 4.1   0.1 3.8   0.1 20.74 20.05 19.68     
1149 148.950073 69.678759  0.08   0.29 0.7   5.7 4.1   1.6 3.8   1.6 20.12 20.17 20.66     
1150 148.969262 69.681884  0.08   0.08 0.9   1.6 4.1   0.4 3.8   0.4 20.65 20.61 20.09     
1151 148.950407 69.680647  0.08   0.01 1.5   0.2 4.1   0.1 3.8   0.1 21.05 20.92 20.38     
1152 148.969026 69.678317  0.08   7.89 0.6 156.5 4.1  44.7 3.8  44.7 20.13 19.76 19.65     
1153 148.968699 69.681928  0.08   7.33 1.1 151.5 4.1  41.5 3.8  41.5                       
1154 148.941919 69.678278  0.08   0.01 1.6   0.3 4.1   0.1 3.8   0.1 21.32 21.19 21.26     
1155 148.955169 69.678414  0.08   0.19 0.8   3.7 4.1   1.1 3.8   1.1 21.68 20.61 21.17     
1156 148.981128 69.681121  0.08   2.25 1.4  52.4 4.1  12.7 3.8  12.7                       
1157 148.977655 69.6796    0.08   0.01 0.8   0.1 4.1   0.1 3.8   0.1 21.51 20.05 19.59     
1158 148.951105 69.679309  0.08   0.01 0.7   0.1 4.1   0.1 3.8   0.1 19.67 19.93 20.35     
1159 148.944206 69.678441  0.07   0.01 1.2   0.3 4.1   0.1 3.8   0.1 22.51 20.78 20.03     
1160 148.945877 69.678691  0.07   0.73 1.2  16.1 4.1   4.2 3.8   4.2 21.0  20.55 20.23     
1161 148.972591 69.681901  0.08   2.92 0.8  57.8 4.1  16.7 3.8  16.7 21.21 20.18 20.69     
1162 148.941725 69.677596  0.08   0.07 1.2   1.6 4.1   0.4 3.8   0.4 21.12 20.47 20.11     
1163 148.972156 69.681799  0.08   6.7  0.8 133.5 4.1  38.5 3.8  38.5 21.13 20.36 20.65     
1164 148.984032 69.681092  0.08   0.85 1.2  18.6 4.1   4.9 3.8   4.9 21.51 20.69 20.43     
1165 148.980477 69.682792  0.07   0.02 0.9   0.4 4.1   0.1 3.8   0.1 21.05 21.05 20.52     
1166 148.969995 69.678475  0.08   5.83 0.7 115.6 4.1  33.5 3.8  33.5 20.13 20.1  20.86 2   
1167 148.982927 69.681902  0.07   5.86 1.1 126.1 4.1  34.3 3.8  34.3 22.61 21.07 20.82     
1168 148.952426 69.677042  0.07   0.01 0.7   0.2 4.1   0.1 3.8   0.1 20.05 20.19 19.84     
1169 148.958203 69.680493  0.08   0.1  0.8   2.0 4.1   0.6 3.8   0.6                       
1170 148.983438 69.680923  0.07   0.01 1.1   0.2 4.1   0.1 3.8   0.1 20.89 20.4  20.07     
1171 148.956626 69.678224  0.07   0.11 0.8   2.3 4.1   0.7 3.8   0.7 21.02 21.04 21.33     
1172 148.959109 69.68088   0.07   0.01 0.7   0.1 4.1   0.1 3.8   0.1 20.05 20.02 19.94     
1173 148.942811 69.678056  0.08   0.04 1.4   0.9 4.1   0.2 3.8   0.2 21.85 21.05 21.24     
1174 148.978312 69.681665  0.07  14.37 0.6 298.1 4.1  83.6 3.8  83.6                       
1175 148.97608  69.678526  0.07   0.01 0.8   0.1 4.1   0.1 3.8   0.1 19.92 19.93 19.81     
1176 148.97289  69.678701  0.07   3.93 0.8  80.7 4.1  23.3 3.8  23.3 20.03 20.66 20.72     
1177 148.941041 69.677906  0.07   0.01 1.3   0.2 4.1   0.1 3.8   0.1 20.51 20.52 20.17     
1178 148.961252 69.681388  0.07   0.92 1.1  19.9 4.1   5.5 3.8   5.5 20.37 20.55 21.25     
1179 148.987796 69.681035  0.07   0.53 1.5  13.4 4.1   3.1 3.8   3.1 22.46 21.0  20.1      
1180 148.974027 69.683121  0.07   0.08 1.3   2.0 4.1   0.5 3.8   0.5 21.2  21.64 21.05     
1181 148.9501   69.67882   0.07   0.3  0.9   6.2 4.1   1.8 3.8   1.8                       
1182 148.973194 69.681855  0.07   0.14 0.7   2.8 4.1   0.8 3.8   0.8 20.01 20.22 20.73     
1183 148.956741 69.67756   0.07   0.51 0.9  10.7 4.1   3.0 3.8   3.0 20.82 20.72 20.31     
1184 148.987601 69.680853  0.07   0.01 1.5   0.3 4.1   0.1 3.8   0.1 21.14 21.26 23.22     
1185 148.954167 69.679791  0.07   0.93 0.9  19.4 4.1   5.6 3.8   5.6 20.47 20.2  20.21     
1186 148.945925 69.678921  0.07   0.03 1.3   0.7 4.1   0.2 3.8   0.2 20.79 20.56 20.64     
1187 148.979758 69.683253  0.07   0.48 1.2  11.1 4.1   2.8 3.8   2.8 21.52 20.98 20.96     
1188 148.974952 69.682175  0.07   0.07 0.9   1.4 4.1   0.4 3.8   0.4 20.5  22.35 20.12     
1189 148.947876 69.679205  0.07   0.01 0.8   0.1 4.1   0.1 3.8   0.1 20.01 19.95 19.88     
1190 148.98685  69.680907  0.07   0.09 1.6   2.5 4.1   0.5 3.8   0.5 22.92 21.13 20.56     
1191 148.957431 69.680885  0.07   0.01 0.7   0.1 4.1   0.1 3.8   0.1 19.9  19.76 19.61     
1192 148.982122 69.681617  0.07   4.95 1.0 106.6 4.1  30.0 3.8  30.0 23.46 21.09 20.49     
1193 148.986394 69.679065  0.07   0.94 2.5  35.6 4.1   5.7 3.8   5.7 22.26 22.18 22.43     
1194 148.975761 69.68356   0.07   0.01 1.2   0.2 4.1   0.1 3.8   0.1 20.96 20.78 20.35     
1195 148.98831  69.680069  0.07   0.01 1.6   0.2 4.1   0.1 3.8   0.1 21.64 20.69 20.07     
1196 148.985848 69.680838  0.07   0.12 1.6   3.3 4.1   0.8 3.8   0.8 22.73 21.41 22.34     
1197 148.955326 69.679982  0.07   4.14 0.9  88.0 4.1  25.0 3.8  25.0 20.69 20.7  21.87     
1198 148.958598 69.677437  0.07   0.01 0.6   0.2 4.1   0.1 3.8   0.1 21.06 19.94 20.19     
1199 148.974257 69.679593  0.07   8.85 0.7 186.1 4.1  53.9 3.8  53.9 22.85 21.48 21.04     
1200 148.970021 69.677901  0.07   0.01 1.0   0.2 4.1   0.1 3.8   0.1 21.44 20.61 19.82     
1201 148.977732 69.683068  0.07   0.01 1.1   0.2 4.1   0.1 3.8   0.1 20.75 20.51 20.28     
1202 148.961931 69.681306  0.07   0.01 0.8   0.2 4.1   0.1 3.8   0.1 20.61 20.2  20.19     
1203 148.956717 69.680277  0.07   1.52 0.9  33.3 4.1   9.4 3.8   9.4 21.76 21.09 21.28     
1204 148.953035 69.678898  0.07   3.09 0.8  65.8 4.1  19.0 3.8  19.0                       
1205 148.975894 69.68268   0.07   1.0  1.0  22.8 4.1   6.3 3.8   6.3 20.88 20.76 20.52     
1206 148.966015 69.681858  0.07   0.02 0.9   0.3 4.1   0.1 3.8   0.1 20.65 20.92 20.67     
1207 148.976021 69.679986  0.07   3.21 0.8  68.1 4.1  19.7 3.8  19.7                       
1208 148.94327  69.6772    0.07   1.5  1.0  32.9 4.1   9.2 3.8   9.2 20.5  20.92 21.28     
1209 148.950482 69.676304  0.07   0.01 1.1   0.2 4.1   0.1 3.8   0.1 20.41 20.5  20.35     
1210 148.94716  69.67647   0.07   1.17 1.1  26.8 4.1   7.3 3.8   7.3 21.27 20.68 20.11     
1211 148.971527 69.683741  0.07   0.01 1.4   0.3 4.1   0.1 3.8   0.1 22.03 21.02 20.13     
1212 148.949153 69.678923  0.07   0.01 1.0   0.3 4.1   0.1 3.8   0.1 21.38 20.87 20.61     
1213 148.976844 69.682627  0.07   0.9  1.2  22.0 4.1   5.6 3.8   5.6 21.81 21.68 22.0      
1214 148.947154 69.676516  0.07   0.18 1.1   4.1 4.1   1.1 3.8   1.1 20.97 20.92 20.65     
1215 148.979065 69.683227  0.07   0.01 1.0   0.3 4.1   0.1 3.8   0.1 21.1  20.75 20.38     
1216 148.971875 69.681526  0.07   1.58 0.7  33.7 4.1   9.7 3.8   9.7                       
1217 148.969328 69.678569  0.07   2.57 0.5  59.4 4.1  15.8 3.8  15.8 21.38 20.15 19.62     
1218 148.954614 69.679375  0.07   3.29 0.4  86.8 4.1  20.2 3.8  20.2 20.11 20.33 23.13 2   
1219 148.982513 69.682166  0.07   3.02 0.8  66.3 4.1  19.1 3.8  19.1 21.49 22.95 21.78     
1220 148.959699 69.681011  0.07   0.01 0.7   0.1 4.1   0.1 3.8   0.1 20.89 20.42 20.57     
1221 148.980601 69.680764  0.07   1.55 1.0  35.4 4.1   9.8 3.8   9.8 22.01 20.42 20.14     
1222 148.957015 69.678256  0.07   1.41 0.7  30.9 4.1   9.0 3.8   9.0 20.81 20.8  19.9      
1223 148.968574 69.681494  0.07   5.17 0.7 114.4 4.1  33.1 3.8  33.1 20.59 20.74 20.15     
1224 148.976528 69.682674  0.07   1.2  1.2  29.1 4.1   7.6 3.8   7.6 22.0  21.33 21.5      
1225 148.960263 69.682906  0.07   0.01 0.6   0.2 4.1   0.1 3.8   0.1 19.62 19.56 19.34     
1226 148.972741 69.683509  0.07   0.01 1.2   0.2 4.1   0.1 3.8   0.1 20.73 21.15 20.68     
1227 148.984133 69.68169   0.07   1.3  1.0  29.5 4.1   8.3 3.8   8.3                       
1228 148.943864 69.678217  0.07   0.02 1.1   0.4 4.1   0.1 3.8   0.1 21.1  20.66 20.24     
1229 148.972744 69.678274  0.07   1.3  1.3  32.5 4.1   8.1 3.8   8.1 23.75 22.03 20.94 2   
1230 148.952174 69.681583  0.07   0.01 1.2   0.1 4.1   0.1 3.8   0.1 20.14 20.46 20.56 2   
1231 148.950096 69.675776  0.07   0.01 1.0   0.2 4.1   0.1 3.8   0.1 20.19 20.38 20.08     
1232 148.960587 69.677568  0.07   0.01 0.7   0.2 4.1   0.1 3.8   0.1 20.63 20.5  20.5  2   
1233 148.952802 69.679204  0.07   0.73 0.7  16.2 4.1   4.7 3.8   4.7 20.4  20.39 20.45     
1234 148.942459 69.678264  0.07   0.0  0.7   0.1 4.1   0.1 3.8   0.1 20.6  19.62 19.69     
1235 148.953636 69.676076  0.07   0.01 1.1   0.1 4.1   0.1 3.8   0.1 20.76 20.52 20.5      
1236 148.975355 69.681874  0.07   0.01 0.6   0.2 4.1   0.1 3.8   0.1 20.54 20.09 19.59     
1237 148.95414  69.677632  0.07   0.07 0.8   1.5 4.1   0.4 3.8   0.4 20.81 20.56 20.62 2   
1238 148.984187 69.680258  0.07   0.02 1.4   0.4 4.1   0.1 3.8   0.1 21.23 20.77 20.6      
1239 148.973002 69.67868   0.07   7.23 0.9 161.9 4.1  46.5 3.8  46.5 20.29 20.26 20.37     
1240 148.961278 69.681032  0.07   0.86 0.9  19.7 4.1   5.6 3.8   5.6 20.89 21.56 21.11     
1241 148.974289 69.683033  0.07   0.01 1.0   0.2 4.1   0.1 3.8   0.1 20.76 20.61 21.15     
1242 148.948899 69.676799  0.07   1.17 1.0  27.7 4.1   7.7 3.8   7.7 20.89 20.72 20.68     
1243 148.986313 69.681057  0.07   0.01 0.5   0.2 4.1   0.1 3.8   0.1 21.91 19.63 18.57     
1244 148.980137 69.680432  0.07   0.01 0.6   0.1 4.1   0.1 3.8   0.1 20.72 19.85 19.45     
1245 148.973089 69.678203  0.07   0.01 1.2   0.1 4.1   0.1 3.8   0.1 21.01 20.76 21.13     
1246 148.9807   69.68253   0.07   4.09 0.7  90.5 4.1  26.3 3.8  26.3 20.12 20.43 20.22     
1247 148.950572 69.678989  0.07   0.72 0.8  16.4 4.1   4.8 3.8   4.8 20.59 20.42 20.48     
1248 148.98741  69.679741  0.07   0.01 1.6   0.3 4.1   0.1 3.8   0.1 22.73 20.92 19.84     
1249 148.973154 69.681912  0.07   2.12 0.7  47.7 4.1  13.8 3.8  13.8                       
1250 148.967917 69.681863  0.07   0.97 0.9  22.3 4.0   6.4 3.8   6.4                       
1251 148.947666 69.676492  0.07   1.44 1.0  34.4 4.0   9.6 3.8   9.6 21.58 20.78 20.53     
1252 148.957137 69.678175  0.07   0.01 0.6   0.2 4.0   0.1 3.8   0.1 20.39 20.45 20.39     
1253 148.96341  69.680758  0.06   5.25 0.6 124.8 4.0  35.2 3.8  35.2                       
1254 148.971628 69.682261  0.07   5.31 1.0 125.8 4.0  35.0 3.8  35.0 21.59 20.7  20.37     
1255 148.984443 69.681866  0.06   2.41 0.9  56.7 4.0  16.1 3.8  16.1                       
1256 148.955453 69.684935  0.06   0.01 1.1   0.1 4.0   0.1 3.8   0.1 21.03 19.96 19.38     
1257 148.943242 69.678365  0.07   0.01 1.1   0.1 4.0   0.1 3.8   0.1 20.63 20.44 20.39     
1258 148.977525 69.681348  0.06   0.58 0.4  15.0 4.0   3.8 3.8   3.8                       
1259 148.976089 69.684216  0.07   0.01 1.1   0.2 4.0   0.1 3.8   0.1 20.6  20.19 19.83     
1260 148.983481 69.680762  0.07   0.01 1.1   0.3 4.0   0.1 3.8   0.1 21.2  20.73 20.83     
1261 148.976172 69.682233  0.07   0.9  0.7  20.4 4.0   5.9 3.8   5.9 21.84 20.29 20.47     
1262 148.964525 69.681529  0.06   0.84 0.9  19.9 4.0   5.7 3.8   5.7 20.68 20.89 20.89     
1263 148.95631  69.680236  0.06   3.19 0.9  76.3 4.0  21.8 3.8  21.8 21.62 21.09 20.95     
1264 148.966331 69.67752   0.06   0.01 0.7   0.1 4.0   0.1 3.8   0.1 20.03 20.09 20.17     
1265 148.949484 69.679172  0.06   0.01 0.9   0.2 4.0   0.1 3.8   0.1 20.72 20.43 20.12     
1266 148.955464 69.678268  0.06   4.39 0.6 106.3 4.0  29.9 3.8  29.9 20.51 20.46 22.0      
1267 148.957668 69.680337  0.06   1.89 0.7  44.5 4.0  12.9 3.8  12.9 20.36 21.05 20.49     
1268 148.97714  69.680496  0.06   3.83 0.4 110.0 4.0  26.2 3.8  26.2                       
1269 148.962224 69.681432  0.06   0.61 1.1  15.3 4.0   4.2 3.8   4.2 21.49 21.18 20.8      
1270 148.965616 69.677876  0.06   0.01 0.5   0.2 4.0   0.1 3.8   0.1 19.61 20.12 21.19     
1271 148.958275 69.677567  0.06   0.03 0.7   0.7 4.0   0.2 3.8   0.2 20.42 20.76 20.93     
1272 148.97116  69.673073  0.06   0.0  0.7   0.1 4.0   0.1 3.8   0.1 19.01 19.53 19.95     
1273 148.960844 69.677487  0.06   0.74 0.8  17.3 4.0   5.0 3.8   5.0 22.06 20.52 19.96     
1274 148.982088 69.681564  0.06   4.11 0.7  95.8 4.0  27.8 3.8  27.8 21.71 20.49 20.31     
1275 148.948348 69.67975   0.06   0.01 1.2   0.1 4.0   0.1 3.8   0.1 20.56 20.76 20.6      
1276 148.943537 69.677759  0.06   0.06 0.9   1.3 4.0   0.4 3.8   0.4 20.56 20.37 20.29     
1277 148.965299 69.682054  0.06   0.06 0.8   1.3 4.0   0.4 3.8   0.4 20.15 20.21 20.14     
1278 148.950021 69.678935  0.06   0.89 0.8  21.1 4.0   6.1 3.8   6.1 21.88 20.75 20.25     
1279 148.958017 69.677407  0.06   0.06 0.7   1.5 4.0   0.4 3.7   0.4 20.7  20.67 20.29     
1280 148.944837 69.678105  0.06   1.02 1.0  25.8 4.0   7.2 3.7   7.2 21.17 21.07 20.55     
1281 148.948248 69.676728  0.06   0.19 1.0   4.7 4.0   1.3 3.7   1.3 21.01 21.39 21.13     
1282 148.949082 69.679309  0.06   0.01 0.7   0.1 4.0   0.1 3.7   0.1 20.6  20.15 20.01     
1283 148.960141 69.677801  0.06   6.26 0.7 150.7 4.0  43.7 3.7  43.7 21.11 20.8  21.39     
1284 148.983455 69.68177   0.06   6.37 0.8 153.6 4.0  44.4 3.7  44.4 22.77 20.57 19.83     
1285 148.974372 69.6828    0.06   0.01 0.9   0.2 4.0   0.1 3.7   0.1 20.59 20.83 20.42     
1286 148.947623 69.676389  0.06   0.01 0.9   0.2 4.0   0.1 3.7   0.1 21.03 20.52 20.21     
1287 148.947585 69.676443  0.06   1.14 1.0  28.0 4.0   7.9 3.7   7.9 20.37 21.07 21.28     
1288 148.978314 69.682701  0.06   2.83 0.8  68.8 4.0  19.8 3.7  19.8 21.26 20.34 20.43     
1289 148.961321 69.680839  0.06   3.09 0.6  76.1 4.0  21.6 3.7  21.6 20.53 20.31 20.48     
1290 148.95327  69.679888  0.06   0.01 0.8   0.1 4.0   0.1 3.7   0.1 20.57 20.36 19.98     
1291 148.965461 69.681931  0.06   2.69 1.0  67.9 4.0  18.7 3.7  18.7 21.27 21.31 20.8      
1292 148.953072 69.680148  0.06   0.07 0.8   1.6 4.0   0.5 3.7   0.5 21.13 20.38 20.27     
1293 148.980144 69.680337  0.06   0.01 0.7   0.2 4.0   0.1 3.7   0.1 20.18 19.88 19.84     
1294 148.966014 69.681801  0.06   1.04 0.9  25.5 4.0   7.2 3.7   7.2 21.1  21.58 21.16     
1295 148.960502 69.681506  0.06   0.01 0.8   0.2 4.0   0.1 3.7   0.1 19.96 20.21 19.84     
1296 148.951756 69.678959  0.06   4.42 0.7 105.9 4.0  30.7 3.7  30.7 21.26 20.31 20.78     
1297 148.980517 69.681315  0.06   0.56 0.8  13.3 4.0   3.9 3.7   3.9                       
1298 148.983988 69.68075   0.06   0.0  0.6   0.1 4.0   0.1 3.7   0.1 20.72 19.78 19.26     
1299 148.989811 69.680595  0.06   0.01 1.3   0.2 4.0   0.1 3.7   0.1 21.34 20.99 20.31     
1300 148.970789 69.682159  0.06   2.74 0.9  68.2 4.0  19.6 3.7  19.6 20.98 21.22 20.45     
1301 148.977153 69.682648  0.06   1.24 1.0  30.9 4.0   8.7 3.7   8.7 21.32 20.52 19.98     
1302 148.952856 69.678905  0.06   2.13 0.8  52.3 4.0  15.2 3.7  15.2                       
1303 148.952909 69.677587  0.06   0.65 0.7  16.0 4.0   4.6 3.7   4.6                       
1304 148.953252 69.679203  0.06   7.96 0.7 193.8 4.0  56.1 3.7  56.1 21.14 20.43 20.35     
1305 148.950693 69.678947  0.06   1.55 0.7  38.5 4.0  11.2 3.7  11.2 21.24 20.57 20.15     
1306 148.96378  69.677396  0.06   0.01 0.5   0.2 4.0   0.1 3.7   0.1 20.73 20.11 19.94     
1307 148.971997 69.681611  0.06   3.33 0.5  87.1 4.0  23.7 3.7  23.7 20.37 20.65 20.7      
1308 148.975892 69.679857  0.06   6.73 0.7 164.4 4.0  47.6 3.7  47.6 23.92 20.59 19.81     
1309 148.952254 69.679126  0.06   0.95 0.7  23.4 4.0   6.8 3.7   6.8 20.45 20.52 20.86     
1310 148.97758  69.682231  0.06   4.93 0.7 121.4 4.0  35.0 3.7  35.0 21.18 20.58 20.95     
1311 148.942357 69.677662  0.06   0.01 0.9   0.2 4.0   0.1 3.7   0.1 21.93 20.46 19.78     
1312 148.943646 69.677693  0.06   0.64 0.9  16.2 4.0   4.6 3.7   4.6 20.57 20.92 21.58     
1313 148.982427 69.682207  0.06   9.47 0.6 244.3 4.0  69.5 3.7  69.5 22.49 21.02 20.23     
1314 148.949439 69.67679   0.06   1.94 1.0  51.3 4.0  14.2 3.7  14.2 21.71 21.24 20.17     
1315 148.959527 69.676998  0.06   0.44 0.8  11.3 4.0   3.3 3.7   3.3 20.43 20.4  20.55     
1316 148.984141 69.68111   0.06   0.01 0.8   0.2 4.0   0.1 3.7   0.1 20.5  20.43 20.13     
1317 148.944209 69.678658  0.06   0.01 1.2   0.2 4.0   0.1 3.7   0.1 20.58 20.72 20.83     
1318 148.949627 69.680294  0.06   0.01 1.0   0.2 4.0   0.1 3.7   0.1 20.17 20.53 20.33 2   
1319 148.949938 69.677029  0.06   0.29 1.0   7.8 4.0   2.2 3.7   2.2 21.65 22.66 22.07     
1320 148.943379 69.678295  0.06   0.01 1.1   0.2 4.0   0.1 3.7   0.1 20.71 20.43 20.33     
1321 148.984599 69.68178   0.06   1.11 0.8  29.0 4.0   8.4 3.7   8.4                       
1322 148.982896 69.67949   0.06   1.09 1.5  34.9 4.0   8.2 3.7   8.2 22.31 21.42 20.82     
1323 148.951735 69.67646   0.06   1.92 0.9  51.6 4.0  14.6 3.7  14.6 20.89 20.8  21.11     
1324 148.983284 69.680858  0.06   0.01 0.9   0.2 4.0   0.1 3.7   0.1 20.7  20.5  20.41     
1325 148.978912 69.680258  0.06   0.16 0.6   4.3 4.0   1.2 3.7   1.2 20.81 20.33 19.76     
1326 148.948842 69.677208  0.06   4.23 0.9 111.7 4.0  32.1 3.7  32.1 21.31 20.75 21.49     
1327 148.978541 69.683288  0.06   0.01 0.9   0.2 4.0   0.1 3.7   0.1 20.96 20.59 20.42     
1328 148.944362 69.678172  0.06   0.43 0.9  11.7 4.0   3.4 3.7   3.4 22.89 20.56 20.99     
1329 148.960787 69.680892  0.06   5.29 0.7 143.6 4.0  41.7 3.7  41.7 20.64 20.62 21.12     
1330 148.952276 69.67605   0.05   0.01 0.9   0.2 4.0   0.1 3.7   0.1 22.02 20.49 19.61     
1331 148.985771 69.680448  0.05   0.01 1.3   0.2 4.0   0.1 3.7   0.1 22.23 21.35 21.03     
1332 148.951974 69.676447  0.05   0.13 1.0   3.8 4.0   1.1 3.7   1.1 20.73 21.04 21.19     
1333 148.942336 69.67771   0.05   0.01 0.8   0.2 4.0   0.1 3.7   0.1 19.85 20.25 20.01     
1334 148.940337 69.677863  0.05   0.57 1.3  18.3 4.0   4.5 3.7   4.5 21.13 20.93 20.95     
1335 148.95273  69.679136  0.05   0.83 0.6  23.0 4.0   6.6 3.7   6.6 21.16 20.53 20.54     
1336 148.966618 69.681015  0.05  10.94 0.3 436.5 4.0  87.4 3.7  87.4                       
1337 148.983537 69.681453  0.05   4.23 0.6 118.2 4.0  33.8 3.7  33.8 22.08 20.11 19.74     
1338 148.982383 69.680815  0.05   1.31 0.6  37.0 4.0  10.4 3.7  10.4 20.64 20.12 20.38     
1339 148.954255 69.679705  0.05   6.59 0.6 183.8 4.0  52.3 3.7  52.3 20.49 20.52 20.47     
1340 148.968853 69.678198  0.05   3.02 0.6  83.8 4.0  23.9 3.7  23.9 20.15 20.6  20.46     
1341 148.960005 69.680842  0.05   5.12 0.8 143.0 4.0  41.4 3.7  41.4 22.62 20.95 21.15     
1342 148.959306 69.675712  0.05   0.01 0.6   0.2 4.0   0.1 3.7   0.1 19.76 19.79 19.73     
1343 148.950436 69.6769    0.05   3.91 0.8 109.6 4.0  31.8 3.7  31.8 20.66 20.68 21.63     
1344 148.964485 69.678376  0.05  15.02 0.7       4.0 123.9 3.7 123.9 21.92 20.44 20.01     
1345 148.986837 69.681039  0.05   0.51 1.4  17.6 4.0   4.2 3.7   4.2 22.34 21.57 21.69     
1346 148.974336 69.679638  0.05  13.13 0.3 517.1 4.0 107.3 3.7 107.3                       
1347 148.957709 69.680288  0.05   3.16 0.7  90.0 4.0  26.0 3.7  26.0                       
1348 148.951766 69.675882  0.05   0.01 0.6   0.2 4.0   0.1 3.7   0.1 20.0  20.23 20.34     
1349 148.956454 69.677966  0.05   0.29 0.6   8.6 4.0   2.4 3.7   2.4 20.58 20.49 20.78     
1350 148.986638 69.680734  0.05   0.19 1.2   6.2 4.0   1.6 3.7   1.6 21.38 21.04 20.71     
1351 148.949283 69.678923  0.05   0.01 0.7   0.2 4.0   0.1 3.7   0.1                       
1352 148.948223 69.677466  0.05   4.95 0.5 150.4 4.0  41.2 3.7  41.2 21.14 20.6  20.58     
1353 148.976585 69.67975   0.05   0.33 0.7   9.7 4.0   2.8 3.7   2.8 20.62 21.02 23.09     
1354 148.976777 69.67973   0.05   2.77 0.7  80.4 4.0  23.1 3.7  23.1 21.39 20.73 20.43     
1355 148.978806 69.680287  0.05   0.08 0.4   2.6 4.0   0.6 3.7   0.6 21.4  20.05 19.37     
1356 148.980526 69.682287  0.05   7.64 0.6 226.2 4.0  64.0 3.7  64.0                       
