# x,  y,  z,   vx,  vy,  vz, t_min, cl_mass(M_sol)
    -0.03161745      0.42910752      0.00345406      -5.26486194      -0.38792497     -0.59697429        0.05719959    1.58930643e+04
     0.01397312      0.73600659      0.00593363      -7.90897125       0.15015218     -2.39030437        0.08054323    1.70088748e+05
     0.77687006     -0.51905564     -0.00499064       5.08754276       7.61452021     -0.41222075        0.07601609    3.63205803e+04
     0.00243987      0.85569792      0.00249748      -8.70450791       0.02481932      0.91347373        0.01538999    2.45502335e+04
    -0.12346675      0.88956007      0.00143492      -8.87043474      -1.23117458      0.53762990        0.01492495    1.18267400e+04
     0.04790119     -0.81023999      0.00665661       8.41234491       0.49733579      0.42818625        0.02681744    1.18264060e+04
    -0.79088773      0.25840504      0.00812174      -2.65773316      -8.13439435     -0.27999330        0.03610747    1.06101108e+04
     0.15393099     -0.90857080     -0.00975686       8.95986623       1.51798961     -1.27903074        0.04084556    7.01825230e+04
     0.45811477      0.19949653      0.00348040      -2.37572822       5.45551424      0.51529432        0.06796972    2.46976917e+04
    -0.69745702      0.05457715     -0.00896328      -0.59613243      -7.61814726     -0.83428181        0.00566804    3.34439047e+04
     0.45987835      0.09859690      0.00097717      -1.18896490       5.54560262      2.18409673        0.00346727    1.02080258e+04
     0.91779870      0.38120014     -0.00424735      -3.63102236       8.74225175      0.57050721        0.03919106    2.51324187e+05
     0.80851369     -0.53885523     -0.00386447       5.18797679       7.78418765     -0.58064830        0.06971637    5.68563707e+04
     0.12729209      0.15239270     -0.00294083      -2.12788235       1.77739862     -0.61138525        0.01934353    1.26616853e+04
    -0.82261748     -0.16992839      0.00242585       1.74129238      -8.42953658     -0.09294421        0.06415045    1.21952219e+04
    -0.81568634      0.50980792     -0.00331900      -4.93133439      -7.89007379     -0.23950192        0.02598281    1.22185229e+04
    -0.24400128      0.34790620      0.00465398      -4.27853042      -3.00071365      1.11683378        0.08860861    1.43102425e+04
     0.60922835     -0.44360573     -0.00190945       4.72945704       6.49522570      0.18641617        0.08956899    2.08120386e+04
     0.94783062      0.13078768     -0.00863294      -1.26819300       9.19071418     -0.73163174        0.02972872    1.74710809e+04
    -0.09499127     -0.15786905      0.00567520       2.23337030      -1.34383964      1.89044069        0.02299938    1.40511968e+04
     0.81312536     -0.19038752     -0.00428483       1.95536068       8.35114264      0.04930833        0.04113040    2.53636106e+04
    -0.50679208     -0.20127293     -0.00134466       2.35072828      -5.91898012      0.76883968        0.02405316    1.16022595e+04
     0.88669446     -0.37171110      0.00370888       3.59629930       8.57875561     -0.60822651        0.06723838    1.40691143e+04
     0.93277867      0.31777698     -0.00335088      -3.03920239       8.92104642      0.36311563        0.08260647    1.56911535e+04
    -0.84796302      0.47457897     -0.00886829      -4.56890496      -8.16357804      0.31110999        0.06730921    1.82318492e+04
    -0.04392093      0.68723007     -0.00252158      -7.54299075      -0.48207317     -1.88964929        0.08243504    4.49083380e+04
    -0.11161418     -0.92172931      0.00888897       9.05961994      -1.09704884      2.01527511        0.03969922    1.24638089e+04
     0.91265556     -0.10774610      0.00283469       1.06381412       9.01096102      1.29064446        0.01563170    2.03704195e+04
    -0.02317070      0.56441438      0.00342958      -6.53703703      -0.26836257     -0.39719532        0.07379509    2.41832368e+04
    -0.51564599     -0.75034971      0.00264564       7.43859080      -5.11185580     -1.10226974        0.03604745    1.04820255e+04
     0.06162933      0.18223463     -0.00602016      -2.55856815       0.86527368      0.34756161        0.06712708    2.50921763e+04
    -0.70803859     -0.30814157     -0.00163332       3.25766419      -7.48536437      0.08669770        0.02706439    1.20310722e+04
    -0.46732998      0.10775680      0.00501880      -1.29427962      -5.61315571      0.35566895        0.00812296    1.06883406e+04
     0.34186978     -0.06076136     -0.00797254       0.77416998       4.35581636      0.19157740        0.09925818    1.65007467e+05
    -0.21537082     -0.17483882     -0.00444294       2.31049672      -2.84612752      0.50624099        0.01562015    2.27147346e+05
    -0.48837491      0.67659347     -0.00447362      -6.95108932      -5.01739645      1.44730570        0.09884210    5.00784666e+04
     0.43948902      0.38304616     -0.00135962      -4.40216820       5.05083932      0.56810321        0.09772799    1.43177786e+04
     0.49498965      0.69264133      0.00960737      -7.06022005       5.04552028     -1.04965550        0.07938181    1.10704627e+04
     0.03948940      0.25258054     -0.00864995      -3.38201243       0.52875667      1.36256285        0.06594230    3.09972462e+04
    -0.00341041      0.56149684      0.00037402      -6.51265921      -0.03955650      1.64061456        0.05778071    1.77226711e+04
     0.43402557     -0.59254797     -0.00641271       6.37208703       4.66738362      3.15205673        0.08661015    1.13742073e+04
    -0.82424220     -0.33368843      0.00941353       3.34140010      -8.25357652     -1.12349403        0.02894395    1.96165029e+04
    -0.55849519     -0.08267786     -0.00773393       0.95769965      -6.46933345      0.24288201        0.04676812    1.03524452e+04
     0.59419675      0.52232327     -0.00192798      -5.47442153       6.22772086     -2.08209870        0.06193900    1.00227715e+05
     0.60062054     -0.72472941      0.00475770       7.07992346       5.86749671      0.55314916        0.04111905    1.34443330e+04
    -0.13339775     -0.77334871      0.00409109       8.12902852      -1.40220587     -0.54820030        0.04274865    2.90610712e+04
     0.43968641      0.19908624     -0.00154543      -2.38811571       5.27420694      1.92344579        0.03302847    1.44632813e+04
    -0.04090162     -0.15075755     -0.00306952       2.19859028      -0.59649357     -0.77461497        0.05642318    2.06129186e+04
    -0.89810562     -0.25200232     -0.00204775       2.47180793      -8.80922266     -1.68918304        0.08505745    2.17980409e+04
     0.12703173      0.07164042     -0.00471447      -1.05884008       1.87751952     -0.47126374        0.02015284    1.22399906e+04
    -0.90333709      0.24224733     -0.00589334      -2.37333183      -8.85012300     -1.97548777        0.09344330    2.49306812e+05
    -0.72392102      0.06982473     -0.00033921      -0.75331203      -7.81010436      0.75109945        0.06890877    4.29888413e+04
     0.48922409      0.83649716     -0.00462932      -8.06358226       4.71597379     -2.06508305        0.08232732    1.43069606e+05
     0.84222905     -0.29905429     -0.00425077       2.98820660       8.41571072      0.02845758        0.05561907    8.76263505e+04
     0.58705272     -0.80827175      0.00313512       7.67981111       5.57789385     -2.07781182        0.07795167    2.45050578e+04
    -0.28848145     -0.51719461      0.00937075       5.92037202      -3.30227248     -0.32029780        0.00162004    1.14489168e+05
    -0.85142851      0.20556698      0.00207274      -2.07141641      -8.57950532      1.64337816        0.08183804    1.09601962e+04
    -0.53902260      0.33374475     -0.00846041      -3.75202691      -6.05980262      0.36064789        0.00401389    1.24073025e+04
    -0.40374135     -0.56291078     -0.00848833       6.16726827      -4.42340296     -0.86349360        0.08899134    1.04687379e+04
    -0.76009647     -0.22306683      0.00902846       2.33685118      -7.96278102     -0.03120349        0.09919627    1.47509384e+04
     0.86406570      0.35646541     -0.00405418      -3.49325624       8.46758995      0.01801687        0.02940675    1.62546259e+04
    -0.98895048     -0.07784865     -0.00815866       0.74217457      -9.42821595      0.47263035        0.02103186    1.36730735e+04
     0.30416936     -0.82204283      0.00198089       8.28098688       3.06410128     -1.36685836        0.07653634    5.56948341e+04
    -0.62526774      0.16372854      0.00247298      -1.83077766      -6.99161067      0.59256727        0.02530263    1.54603902e+04
     0.61483743      0.20816323      0.00297010      -2.32482170       6.86666606     -2.70439163        0.08655624    1.38528170e+04
     0.19407226     -0.83661118     -0.00465196       8.49792680       1.97130031     -0.62988455        0.01028426    2.16108336e+04
     0.14701289      0.46600897     -0.00969779      -5.57567295       1.75896998     -0.48827384        0.01259552    1.16213528e+04
    -0.01799480      0.33188899      0.00930031      -4.25939563      -0.23094162      0.63332683        0.09791516    4.85849655e+04
     0.30408018      0.51201309     -0.00498214      -5.85276265       3.47590549      0.02263085        0.06738389    1.07968640e+04
    -0.25882875      0.46930445      0.00352053      -5.50304668      -3.03501640     -1.40556305        0.08468872    4.35124413e+05
     0.02308458     -0.54385221      0.00413260       6.35440535       0.26972179     -0.98499313        0.03243294    4.24668702e+04
    -0.47974884     -0.05872650      0.00220015       0.70424486      -5.75312085      0.19868001        0.06764837    1.24490914e+04
     0.05738651      0.19697710     -0.00374185      -2.73505466       0.79681981     -0.07906734        0.05942418    1.00549695e+04
     0.09620152     -0.09283966     -0.00457807       1.39655352       1.44712487     -0.57912411        0.06031501    5.18959711e+04
     0.72268989     -0.68223289      0.00195337       6.49834514       6.88370261     -0.48083379        0.06825325    3.33098799e+04
     0.44945352     -0.47514699      0.00732191       5.29515592       5.00882153      0.69616800        0.05753592    3.59346545e+04
     0.04360500      0.61840541      0.00893467      -6.99472925       0.49321230     -0.51769257        0.04290624    4.22936065e+04
    -0.78601787      0.24864270     -0.00788188      -2.56637796      -8.11292238     -0.08809124        0.02759227    1.07910277e+04
     0.46510030     -0.04399542     -0.00690343       0.53125178       5.61616088      2.16993659        0.07685813    1.55010178e+04
     0.13437429     -0.96535213      0.00889473       9.28062997       1.29183752     -1.42368264        0.02262724    1.12957383e+04
     0.87387318      0.15063425      0.00473070      -1.51013571       8.76073716     -1.85184273        0.06923543    6.87154837e+04
     0.27427110      0.11910653      0.00765988      -1.55511702       3.58102658      0.78358966        0.02333328    2.61141024e+04
    -0.62968150      0.14519638     -0.00594735      -1.62365697      -7.04140663     -0.67864306        0.06253302    1.48718576e+04
     0.78918188     -0.50627095      0.00175172       4.95442648       7.72302582     -0.31823753        0.07470783    1.06714790e+04
    -0.94337727     -0.23403281      0.00402279       2.25283976      -9.08111051     -0.78115638        0.02187139    1.44482050e+04
    -0.68360312      0.00939632      0.00360224      -0.10335997      -7.51966857     -0.25980014        0.00599433    1.47477723e+04
     0.61742254      0.48187218     -0.00183697      -5.06880322       6.49465460      1.59853811        0.01309737    3.60113947e+04
    -0.22592726     -0.34057425     -0.00969210       4.21844012      -2.79839303      0.80212846        0.06059970    2.71136365e+04
     0.43576162     -0.89514269      0.00165852       8.51919262       4.14720160      0.86222351        0.08494464    8.21967003e+04
    -0.35173756      0.32856109     -0.00493797      -3.94346723      -4.22163666     -1.41622706        0.00449968    1.87790880e+04
     0.15557465     -0.95839882     -0.00099492       9.23028413       1.49833054     -1.15115374        0.07341513    1.13429909e+04
     0.78601294     -0.17841048      0.00915162       1.85717846       8.18206571     -2.83907866        0.03413186    3.40266072e+04
     0.22329007      0.74691254     -0.00201929      -7.86979236       2.35268035     -0.80938082        0.04785284    4.05148954e+04
    -0.70834388     -0.10458229      0.00679603       1.13399598      -7.68064203      0.95670319        0.09288595    2.25055129e+04
    -0.11105673      0.46726461     -0.00622919      -5.61071813      -1.33352282      0.51694652        0.03319715    4.22399879e+04
     0.11176909     -0.40501321      0.00344921       4.99130246       1.37742002     -0.22151326        0.04653369    1.95640213e+04
    -0.41485166     -0.21996434      0.00954014       2.65339140      -5.00428317     -0.02230028        0.00136824    2.07256249e+04
    -0.28639334     -0.32313638     -0.00796214       3.96204961      -3.51153475     -0.68888554        0.00815987    1.73390041e+04
     0.26181538     -0.84323021     -0.00983360       8.46876603       2.62947548      0.20475888        0.02585916    1.02581456e+04
    -0.46974836      0.35980792     -0.00132834      -4.11963043      -5.37839635      0.76587828        0.00278522    1.11958577e+04
     0.20708205     -0.12230986     -0.00814749       1.65400692       2.80038873     -1.61588679        0.06313753    1.03211412e+04
    -0.96330773     -0.20283208      0.00496769       1.94080540      -9.21744174      0.29964769        0.04263984    2.70304100e+04
     0.51388818      0.78721333      0.00829097      -7.69461656       5.02300000      0.93243487        0.05481452    1.45182641e+04
    -0.32114711     -0.90808415     -0.00131958       8.77834335      -3.10449158     -0.41510029        0.01746472    2.01403778e+04
     0.26779972     -0.96082836     -0.00482577       9.13603301       2.54637263      0.70070061        0.02959320    9.85132471e+04
    -0.16983962      0.38085398     -0.00131193      -4.70006610      -2.09596712      2.81465444        0.06638245    1.32766739e+04
     0.39258540     -0.49205561      0.00446896       5.54262522       4.42217030     -0.10434279        0.09653027    1.68429306e+04
     0.72369325     -0.48425877     -0.00981892       4.89143988       7.30993889      0.39330705        0.00504168    3.96818511e+04
    -0.14036061      0.82238648      0.00178908      -8.44954716      -1.44212434     -0.73805708        0.08903843    1.29284184e+04
     0.39019485     -0.04054484      0.00226583       0.50589298       4.86860575      0.18125116        0.05768812    1.08249723e+04
     0.57262642      0.69852138      0.00275376      -6.94850666       5.69617282      0.46027162        0.05639196    1.40223729e+04
     0.14067939      0.45238245     -0.00515956      -5.44721747       1.69394550      0.19484234        0.05002785    1.18992242e+04
     0.19000060      0.43326365      0.00428105      -5.21847480       2.28847570     -1.01969532        0.00693941    1.25629207e+05
     0.57615140     -0.45279575     -0.00817217       4.87298660       6.20053979      0.20636177        0.00898769    5.00097959e+04
    -0.43564541     -0.63494331     -0.00601459       6.71920087      -4.61015803      1.46219594        0.06009120    2.68146635e+04
     0.43949147      0.62203975      0.00754940      -6.60778869       4.66861923      0.44863576        0.03409586    7.28576133e+04
    -0.28145324      0.11077415      0.00477446      -1.44364955      -3.66800221      0.96198719        0.09172681    4.89321431e+04
    -0.70148943     -0.62078454     -0.00972509       6.07763619      -6.86775735     -0.23701197        0.04065905    1.22654893e+04
     0.44610646      0.25804858     -0.00503247      -3.05251810       5.27709966      0.74990024        0.01432815    8.59353176e+04
     0.26605247     -0.24234480     -0.00571187       3.06922946       3.36948050      0.27926784        0.07147188    2.14568709e+04
     0.31154492     -0.88976842     -0.00458387       8.68608936       3.04136108     -0.95091073        0.02933534    4.98419396e+04
    -0.97705120     -0.03197576     -0.00504880       0.30697467      -9.37991712      0.31852100        0.05254703    8.85978053e+04
     0.90877225     -0.19042222     -0.00874947       1.87160736       8.93207095     -0.99169666        0.06978328    1.45947783e+04
    -0.78226473      0.44449743     -0.00082119      -4.42895487      -7.79445485     -0.63288027        0.09002641    1.12227325e+04
     0.80543930     -0.08068154      0.00465467       0.83852270       8.37092509      0.18932831        0.07921912    1.29141539e+04
    -0.36602568     -0.64566444      0.00213463       6.91927862      -3.92252304      0.29724427        0.06763611    1.73261193e+04
    -0.19550067     -0.22083082      0.00345743       2.88967478      -2.55821787     -1.18923247        0.06796332    5.25858067e+04
     0.32202379      0.55204519     -0.00837702      -6.19238312       3.61219460      1.05398577        0.09459246    6.76238953e+04
     0.45005145     -0.41248298      0.00902981       4.68468688       5.11136265      0.57200628        0.02958241    1.00693031e+04
    -0.45767462      0.22424925      0.00676984      -2.65915088      -5.42711220     -0.70472844        0.00011121    2.02281668e+04
     0.44562063      0.72446005      0.00610181      -7.38728126       4.54397023     -1.53758480        0.02719546    1.70426530e+04
     0.70197620      0.05572392      0.00645968      -0.60741644       7.65186438     -0.14490458        0.02178914    1.28186514e+04
    -0.26485507     -0.10439352      0.00865421       1.37383082      -3.48552353     -0.44594371        0.06618346    1.13464454e+04
    -0.46230037     -0.08038391      0.00088508       0.96979130      -5.57742041      0.11314046        0.06337116    1.50204057e+04
    -0.15818471     -0.81131767     -0.00599436       8.36557795      -1.63105838     -0.36311666        0.05934614    1.50332099e+05
     0.21288352     -0.17553195      0.00233567       2.32165901       2.81568653     -2.00745686        0.00162434    1.47052531e+04
     0.81013982      0.44145260      0.00485763      -4.35112375       7.98504445     -0.38834694        0.07287781    2.05593253e+04
    -0.08162478     -0.69891625      0.00475835       7.62026485      -0.88995279     -0.30561911        0.03235304    3.28935217e+04
     0.26564712      0.64032662      0.00042898      -7.01384416       2.90977678      0.63366102        0.06650560    1.56248366e+04
     0.48378793     -0.59862929     -0.00863083       6.33590846       5.12042450     -0.69819967        0.05565784    2.63603676e+05
     0.38181687     -0.82395197     -0.00257774       8.17727250       3.78932357      1.67867467        0.03427309    2.11966896e+05
    -0.57048675     -0.14951278      0.00841533       1.71329384      -6.53731049     -1.91164055        0.01345763    1.33202701e+04
    -0.20355863     -0.79785966      0.00168898       8.23892157      -2.10200329      1.31116750        0.00944189    1.96957410e+04
    -0.29589422      0.69150457      0.00076664      -7.37730722      -3.15674346     -0.22431897        0.08315183    1.42423672e+04
    -0.50829163      0.09310151     -0.00462293      -1.10067100      -6.00915973      0.85958487        0.09183975    1.39274232e+04
     0.40780717     -0.84399248     -0.00263102       8.26043629       3.99134496      0.07980148        0.06497880    1.03790219e+04
    -0.86389778      0.22606780      0.00790692      -2.25972239      -8.63532616      1.13955554        0.01034341    2.52186896e+04
    -0.50853935      0.63232869      0.00332926      -6.56579284      -5.28042469     -0.38736196        0.04020272    1.99065282e+04
    -0.92166016      0.03353028      0.00574774      -0.33054039      -9.08569626     -1.09862043        0.07289392    1.05370077e+04
     0.43964640     -0.82097822     -0.00091309       8.05848718       4.31544321      1.42050429        0.07798209    1.38094843e+04
    -0.42937777      0.72387686      0.00260494      -7.41200176      -4.39653346     -0.11348065        0.01182186    9.91898442e+04
     0.42167909      0.81191137     -0.00503233      -8.03194929       4.17152067      0.22155847        0.00000307    1.31090166e+04
    -0.19744008     -0.81147328      0.00410922       8.33405636      -2.02776455      1.23475191        0.07121370    1.16746861e+04
     0.37891822     -0.73250376     -0.00144797       7.55952661       3.91048141     -1.03195524        0.03565962    1.94008337e+04
     0.63445004      0.46484893     -0.00114909      -4.88233812       6.66366942      0.59549090        0.02544813    4.13119853e+05
     0.05516145      0.86583708      0.00298645      -8.75875876       0.55801010     -0.58989476        0.00128975    1.31515737e+04
     0.25003425      0.30998061      0.00872561      -3.85740875       3.11143436     -0.13216936        0.05402994    2.98876992e+04
    -0.54179713      0.76637238     -0.00871987      -7.49646350      -5.29972447      0.07227897        0.08511507    4.06509715e+04
    -0.88865997      0.28657805      0.00649486      -2.80969640      -8.71268655     -1.50022186        0.09576316    1.30763597e+04
    -0.00126114     -0.17101372     -0.00415234       2.45204380      -0.01808254     -0.77883704        0.05657450    3.58338409e+04
    -0.52883176     -0.73902214     -0.00112161       7.33221662      -5.24681034      1.35107289        0.05144613    1.57258741e+04
    -0.26025024     -0.24726439     -0.00956173       3.13285789      -3.29738958      0.88619119        0.00850564    2.67367363e+04
    -0.34721612      0.46320602     -0.00397908      -5.33276418      -3.99740422     -0.06263958        0.05488728    2.68236324e+04
     0.46862945     -0.72380570      0.00005262       7.34026235       4.75246754      0.24312346        0.03799791    2.12954870e+04
    -0.39444157      0.07194264     -0.00887648      -0.89417785      -4.90252951     -0.29424251        0.06071353    1.09816119e+04
     0.89663204     -0.11839765     -0.00017809       1.17709649       8.91421742      1.35658339        0.03887263    5.77865901e+04
    -0.60693733     -0.68100019      0.00854221       6.74543928      -6.01183225     -0.20035258        0.02402991    1.46535662e+04
     0.49970130      0.50770695     -0.00789214      -5.51410401       5.42715630      0.23184209        0.00949653    1.22647216e+04
    -0.03575133     -0.07146827      0.00528881       1.21518236      -0.60788353      1.14603014        0.03149184    1.04206546e+04
    -0.24354161      0.47720606     -0.00180658      -5.59614760      -2.85598802     -0.77737148        0.00966448    2.40954574e+04
    -0.30591666     -0.72342375      0.00310347       7.60188960      -3.21463692      1.55878918        0.01768970    3.03756297e+04
     0.89722368      0.41973307     -0.00479527      -4.00437731       8.55977844     -1.53046141        0.09873362    1.01669613e+04
     0.36138956      0.70796265     -0.00681015      -7.40740412       3.78121432      1.62964213        0.04441036    2.02828289e+04
     0.31426674     -0.40129789     -0.00679075       4.75849710       3.72650200     -0.37267558        0.05318718    1.28904321e+04
     0.11377881      0.78807366     -0.00859016      -8.24039561       1.18971414     -0.24269875        0.08736185    2.76794437e+04
     0.38214320     -0.62765592     -0.00628707       6.74860761       4.10883485     -1.89001017        0.09955689    1.20863852e+04
    -0.16152704      0.86819031      0.00328439      -8.71883970      -1.62214248     -0.45479472        0.05827144    3.16484100e+04
    -0.20389059     -0.25575235      0.00763381       3.29094689      -2.62360485     -1.03980653        0.08124738    1.62039886e+04
    -0.29988095     -0.81920652      0.00628251       8.26849329      -3.02678694     -0.60764635        0.03269410    1.37670294e+05
    -0.73338380     -0.05843613      0.00370269       0.62806400      -7.88231468     -0.13731097        0.03057440    1.15760267e+04
    -0.33421252      0.92265595     -0.00779136      -8.84171788      -3.20272451      0.95779161        0.04027037    1.50978876e+04
     0.13597931      0.56866668     -0.00421625      -6.53062036       1.56159893      0.20760335        0.06725073    1.12655593e+04
     0.77814374      0.16466395     -0.00380386      -1.72247521       8.13981020      0.30767665        0.06821917    1.18268570e+05
    -0.32100272      0.91048633     -0.00500086      -8.79219081      -3.09979076     -1.09551939        0.03152394    7.60837907e+04
    -0.18300778     -0.26271254      0.00030011       3.39232505      -2.36312231     -0.88075409        0.01332099    1.34293480e+04
     0.89627496     -0.36595037      0.00071108       3.52926383       8.64376985      1.79872502        0.06323963    2.88503875e+04
     0.57231497     -0.60028435     -0.00286228       6.18158327       5.89356133     -0.73520103        0.01283259    5.23697243e+04
     0.02624523     -0.25912979     -0.00292422       3.45929703       0.35036512      1.65620825        0.05784925    2.22048927e+04
     0.13124141     -0.53267181      0.00657111       6.21247307       1.53064934     -0.24306120        0.06934221    2.10240421e+04
    -0.42844213     -0.72429927      0.00578586       7.41671835      -4.38718462      0.00228794        0.07006115    1.31480988e+04
    -0.01676220      0.25897805     -0.00384408      -3.45927699      -0.22389959      1.07036516        0.07534721    1.10152993e+04
     0.63691795     -0.42012615      0.00827577       4.46013895       6.76164177      1.27189242        0.08728594    8.94803343e+04
    -0.28095377     -0.51667014      0.00905630       5.92477838      -3.22176319     -0.11081256        0.04999590    9.20927987e+04
    -0.73184117     -0.29210276     -0.00346515       3.06592105      -7.68143110     -0.38824305        0.07302492    2.67931620e+04
     0.16394192      0.13735022     -0.00291150      -1.89377242       2.26041641     -0.05592045        0.06191727    1.50520687e+04
    -0.88238081      0.30486211      0.00011268      -2.98919303      -8.65180198      0.33795753        0.01866399    1.52839174e+04
    -0.95620778      0.24321935      0.00882242      -2.32475295      -9.13967948      0.89130369        0.00256896    3.55487456e+04
     0.64891287     -0.74012833      0.00752639       7.08233261       6.20948644      0.00422986        0.02845414    8.93967877e+04
    -0.82889955     -0.25015470     -0.00794864       2.53264907      -8.39205359      0.61888630        0.04430337    8.21122961e+04
    -0.26354108      0.24623634     -0.00214539      -3.11735243      -3.33643048      1.63835973        0.06171059    4.38744260e+04
     0.86154815     -0.12648313      0.00106742       1.27758244       8.70233677      0.38130961        0.08499593    2.74432243e+04
     0.12036437      0.10049545      0.00006265      -1.46452262       1.75407287      0.31165286        0.01962457    1.09086772e+04
    -0.13147236      0.06955982     -0.00612274      -1.02410732      -1.93562616     -1.51891083        0.01255498    1.19049380e+04
     0.54915122      0.14846939      0.00717634      -1.71664577       6.34944405     -2.63073014        0.09634799    9.05539930e+04
    -0.04431274     -0.69762423      0.00353882       7.62186536      -0.48413709      0.38837573        0.01080446    2.50228189e+04
     0.76399306     -0.43211343      0.00675817       4.35047843       7.69181209     -0.09482423        0.04784911    1.00918875e+04
    -0.15508299      0.81193882      0.00717529      -8.37189677      -1.59905988     -0.51478267        0.05855637    1.11167538e+04
     0.42026185     -0.51892454      0.00496712       5.74834703       4.65541862      0.24353020        0.05413744    2.91431974e+04
    -0.13713676      0.50479716     -0.00121579      -5.95173831      -1.61689122     -0.06040373        0.00860322    1.00503620e+04
     0.84569241     -0.53096972      0.00221094       5.04601020       8.03694133      1.12778025        0.00570269    1.18934344e+04
     0.01624935     -0.65262337     -0.00679269       7.27687311       0.18118335      0.08611087        0.01054834    2.18936449e+04
     0.22721193     -0.63226716      0.00347291       6.99129318       2.51239554     -0.74692329        0.05855877    3.17436379e+04
     0.40191828      0.04566746     -0.00641493      -0.56670360       4.98754544      0.99016624        0.05443449    2.82041021e+04
     0.86729232     -0.20643057      0.00387899       2.06486210       8.67526075     -0.21713107        0.02337408    1.28539102e+04
    -0.12164664     -0.82394437     -0.00540804       8.47106723      -1.25066314      0.52653668        0.06377741    3.39049055e+04
    -0.15846825      0.44233180     -0.00764897      -5.33508131      -1.91132768     -0.47741071        0.08200675    1.30697871e+04
     0.13731578     -0.25204250     -0.00669431       3.31255735       1.80472106     -0.64982689        0.00415790    1.47524328e+04
    -0.16231307      0.80879773     -0.00996016      -8.34604976      -1.67492182      0.08416823        0.04981299    3.83180655e+04
     0.56393234     -0.58007890      0.00437479       6.03001007       5.86216417      0.01282864        0.06893104    2.80219242e+04
     0.39732484      0.33969471      0.00464802      -4.00572056       4.68530195      0.47982704        0.02523119    6.27869270e+04
    -0.27977228     -0.93412581      0.00029867       8.97842662      -2.68905414     -0.26864575        0.03077709    2.86563138e+04
    -0.37602333     -0.09830741     -0.00677274       1.22863198      -4.69948615     -1.83635978        0.06136379    2.28637024e+04
     0.54023494      0.37480796     -0.00832891      -4.17059781       6.01135215     -0.43277388        0.08979353    1.10221747e+04
     0.04945447      0.97013926     -0.00961742      -9.34130846       0.47618877      0.79381847        0.08099244    1.57242259e+04
     0.64589704      0.05044136     -0.00668504      -0.56365160       7.21750800     -0.29737608        0.05831302    1.35602477e+04
    -0.78374172      0.15580395      0.00781711      -1.62702767      -8.18444871     -0.24638340        0.07302217    1.31847804e+04
    -0.19961218      0.59812154     -0.00516926      -6.73423546      -2.24742853      0.98637651        0.03648225    2.72334486e+05
    -0.42680021     -0.30340861     -0.00291457       3.57643885      -5.03092141     -0.71197323        0.06409655    1.63710799e+04
    -0.29011290      0.94858429     -0.00789309      -9.04361577      -2.76587923     -1.54280322        0.04661816    8.55622950e+04
    -0.19739737      0.60857890     -0.00555277      -6.82448363      -2.21357515     -0.16063112        0.01899361    2.66543871e+04
    -0.04042811     -0.94470354      0.00038449       9.20988145      -0.39413217     -0.48417395        0.07017383    4.69182213e+04
     0.45776373      0.14285296      0.00215505      -1.71586535       5.49838735     -0.96624632        0.05564646    1.99048834e+04
     0.37834224     -0.26450303     -0.00509295       3.20152909       4.57943210     -0.17537846        0.03586216    2.33173526e+04
     0.10573380     -0.14126020     -0.00884536       2.01393714       1.50743967      0.49150565        0.09113392    1.95157181e+04
    -0.39862027     -0.70197486     -0.00217934       7.30305378      -4.14707911     -0.00928856        0.00209341    1.23960369e+04
    -0.50587204     -0.33558877     -0.00531593       3.81700780      -5.75382045      0.30698107        0.03157732    3.51157619e+04
     0.72485102     -0.58219348     -0.00560892       5.71894516       7.12028460      1.81340770        0.00568814    1.38497372e+04
     0.27188872      0.63189115      0.00919726      -6.93783374       2.98519568     -0.34287886        0.07665273    1.02466660e+04
     0.86531007      0.46843560      0.00232601      -4.48324097       8.28159428      0.27834863        0.07021075    2.77021795e+04
     0.02836845      0.42979152      0.00113757      -5.27220520       0.34799270     -0.50921336        0.03313522    1.21262033e+04
     0.25764717     -0.89567913     -0.00168450       8.78873944       2.52813058     -0.84635972        0.06756629    1.45041043e+05
     0.86042047      0.19045596     -0.00142111      -1.91432129       8.64830489     -0.58490765        0.03959372    1.79821481e+05
    -0.76183709     -0.43649295      0.00081810       4.39396548      -7.66904919     -0.47875857        0.07562538    1.06062249e+05
     0.91874326     -0.02634477      0.00392860       0.26009518       9.07051829      0.35947580        0.04541837    1.57842511e+04
     0.53768950     -0.68695996      0.00404292       6.93369705       5.42706461      2.34907579        0.04122797    1.01553984e+04
    -0.78416759     -0.10630861     -0.00656612       1.11410452      -8.21800502     -0.71604344        0.09347299    1.23510734e+05
     0.33369821      0.14103327      0.00000226      -1.78413911       4.22144371     -0.41662531        0.02508791    1.73581671e+04
     0.08824501     -0.15728636     -0.00176084       2.23361518       1.25316268     -0.06312301        0.01204473    2.32494722e+05
    -0.77994346     -0.55904923      0.00741054       5.41359295      -7.55263793      0.39579885        0.05845431    2.17314665e+05
     0.58925893      0.51906091      0.00262838      -5.45484081       6.19255589      0.26355081        0.09693218    6.43001473e+04
     0.74174339      0.49634065      0.00065008      -4.96247474       7.41604148      1.28409579        0.03778392    1.41144138e+04
     0.58502100     -0.37319268     -0.00769211       4.08655941       6.40613606     -2.42639207        0.00620368    1.61615313e+04
    -0.16650807     -0.29930461      0.00211276       3.82219830      -2.12635162     -2.38692987        0.03393053    6.35426171e+04
     0.16906108     -0.31081207     -0.00765592       3.94765375       2.14726087     -0.49587817        0.05059317    1.45720081e+04
     0.59992895     -0.57065799     -0.00325587       5.88031278       6.18193381      1.09730019        0.01619230    1.20163107e+04
    -0.59039874     -0.28589373     -0.00714316       3.18337570      -6.57398477     -1.56564803        0.06581022    2.22832908e+04
    -0.44511213     -0.04898897      0.00384147       0.59650495      -5.41982337     -3.00763234        0.09977494    1.36599382e+05
    -0.63520808      0.29682528     -0.00587496      -3.23991761      -6.93344529      0.57117941        0.04517395    3.21615279e+04
    -0.10347194      0.23130606     -0.00216281      -3.10158474      -1.38745603      0.24365722        0.03547286    2.29547627e+04
    -0.69935653      0.30474881      0.00791350      -3.23546273      -7.42494113     -1.09020841        0.04007042    1.10644527e+04
     0.07752612     -0.51281878     -0.00591367       6.05778165       0.91579387     -0.98553960        0.01151462    2.55661074e+04
    -0.71610554     -0.53362155      0.00015610       5.33377227      -7.15777657     -0.96974372        0.08832736    5.03862398e+05
     0.43482983     -0.34825993     -0.00161457       4.04699078       5.05298540      0.11053532        0.04148257    1.16101296e+04
    -0.63245315      0.23499608     -0.00963752      -2.59521438      -6.98459093     -0.62631528        0.03872744    2.05400537e+04
    -0.08430284     -0.06718312      0.00585516       1.05951149      -1.32949815      0.49406392        0.06596903    7.61031192e+04
    -0.18263425     -0.19771601     -0.00861908       2.62551684      -2.42524267     -2.85462666        0.04420334    3.75038814e+04
    -0.52535590     -0.34131325     -0.00051490       3.84961363      -5.92539923     -0.85685187        0.06482335    3.22628086e+04
    -0.20314751     -0.66232162      0.00121357       7.25626986      -2.22564554     -1.12605396        0.00614463    3.28363274e+04
     0.06109800      0.77219660      0.00256853      -8.15463255       0.64521361     -0.25634068        0.08137233    1.55254489e+04
    -0.53842919     -0.04191163      0.00377263       0.49059365      -6.30254586     -0.53804776        0.09405040    1.40975309e+04
     0.66119814      0.50773901     -0.00493455      -5.21823426       6.79539427      0.79784378        0.06487654    5.03189071e+04
    -0.69378747      0.61545215     -0.00980042      -6.05222428      -6.82255695     -1.85933677        0.09545659    5.05081781e+04
    -0.88044169      0.06836240      0.00446887      -0.68653137      -8.84186158      0.04549148        0.01514323    7.06222646e+04
    -0.11473376     -0.16264990      0.00071313       2.27015546      -1.60137499      0.55833642        0.04774162    1.04284146e+05
     0.65997021     -0.21200534      0.00672235       2.32226839       7.22919506      1.85664744        0.06018067    2.02523022e+04
    -0.26128322     -0.19147130      0.00642777       2.46770290      -3.36744639     -0.48176597        0.05817366    1.98610178e+04
    -0.01979718     -0.49158223      0.00686652       5.87329047      -0.23653128      0.32445860        0.04014618    4.76899529e+04
    -0.99253917     -0.03909728     -0.00029811       0.37250204      -9.45648637     -1.80386279        0.03380844    2.80476815e+04
    -0.25122593     -0.28174648     -0.00332743       3.53919459      -3.15580675     -2.39195620        0.01268240    3.27812112e+04
     0.63732513      0.30447469      0.00583116      -3.31576202       6.94053894      0.84477438        0.03917425    4.71330704e+04
    -0.02169175      0.78592951     -0.00097412      -8.25576175      -0.22786003     -0.00556029        0.01626608    8.41080303e+04
    -0.54172812      0.63952765     -0.00633116      -6.55902604      -5.55598939      1.17851269        0.07343657    1.50288977e+04
    -0.73695167      0.12865036      0.00709948      -1.37502135      -7.87657540     -1.37340289        0.02088309    1.59191846e+04
     0.09480952      0.02796429      0.00765120      -0.45019176       1.52632023      0.51990214        0.00585653    1.10258704e+04
     0.36413696      0.44030169     -0.00067380      -5.08544800       4.20575168      1.86881784        0.05523661    2.33916673e+04
    -0.12065182      0.70933404     -0.00848601      -7.67936131      -1.30619550      0.41970561        0.05952297    1.03689571e+04
     0.29169376     -0.05273753     -0.00224348       0.68953625       3.81385777      0.27658151        0.08719131    1.85508808e+04
    -0.28964585      0.51646124      0.00607075      -5.91215929      -3.31570362      0.00855608        0.05769816    2.16084551e+04
    -0.18105837      0.02051767      0.00803548      -0.29083468      -2.56647382     -1.57088146        0.03454809    1.39601602e+04
     0.09313319      0.26439498     -0.00593055      -3.48812203       1.22869175      1.35557294        0.08030119    2.40920274e+04
    -0.48346343     -0.40396335     -0.00866053       4.54926521      -5.44456174     -0.61085764        0.05402789    1.03113539e+04
    -0.06979887      0.35755261      0.00754701      -4.51893068      -0.88215337      0.50448326        0.00792803    1.03839433e+04
     0.20110529      0.72601481     -0.00221190      -7.74127211       2.14432368     -1.56303431        0.05658506    5.38719247e+04
    -0.82584272     -0.08630625      0.00083522       0.88836891      -8.50057779     -1.17945966        0.09080185    1.55421587e+04
     0.89421976      0.03094695      0.00936132      -0.30908042       8.93095641      1.43508740        0.03963126    1.14388979e+04
     0.44686293      0.02153513     -0.00866871      -0.26226580       5.44212569     -0.34730229        0.02963258    2.07048266e+04
     0.07903582      0.40154193      0.00296636      -4.97239229       0.97871996      1.45327548        0.01434695    4.20687063e+04
     0.31480034      0.07394990     -0.00851789      -0.95334382       4.05832814     -0.07823066        0.01514455    1.27171908e+04
     0.62094955      0.50085118     -0.00249062      -5.23343497       6.48835269     -1.84189777        0.04327715    2.60866098e+04
    -0.44528184      0.71288134      0.00607629      -7.30322638      -4.56176071      0.89206760        0.05956798    1.09229212e+04
     0.05765870     -0.16811192     -0.00133056       2.39364450       0.82096760     -0.58989232        0.00806154    1.05392392e+04
    -0.87011778     -0.42321070      0.00994365       4.08251931      -8.39362669      0.69868881        0.09395686    2.10988752e+04
    -0.22725037     -0.01812598      0.00118119       0.24727913      -3.10020536      0.02521087        0.07551336    2.15159618e+04
    -0.19854417      0.70843246     -0.00357676      -7.61407164      -2.13390781     -1.54311823        0.05866239    2.71043552e+04
     0.76582053     -0.35011346     -0.00559777       3.58423022       7.83996452      0.16429477        0.08284387    3.55657252e+04
    -0.74460063      0.56261801     -0.00298959      -5.51730716      -7.30191771      2.19622314        0.00801868    2.94929211e+05
     0.72163958      0.43968540     -0.00254933      -4.49496891       7.37742818      0.49298646        0.04768389    2.04556431e+04
    -0.66389913     -0.60080449     -0.00862573       5.99868467      -6.62864813     -0.05751775        0.06300931    1.46999788e+04
     0.43983282      0.38209591     -0.00260852      -4.39193423       5.05558101      1.07534340        0.08286529    4.70000641e+04
    -0.50842578      0.74587421     -0.00071523      -7.42150784      -5.05887709      0.21066847        0.07834696    1.36635154e+04
    -0.28273878     -0.01317684      0.00445476       0.17356981      -3.72433189      0.20953423        0.02770692    1.76860213e+04
     0.66561040     -0.67214541      0.00313459       6.55153248       6.48783438     -1.09162517        0.09408802    1.08421278e+04
    -0.73938660      0.02999711      0.00417531      -0.32178390      -7.93152009      0.23384803        0.01243458    1.02574332e+04
    -0.26713515     -0.86367620     -0.00983273       8.58807932      -2.65629391      1.03544342        0.08751336    2.12865282e+05
     0.67186125     -0.03034381     -0.00564665       0.33542434       7.42684028     -0.83606215        0.09709402    5.80114777e+04
     0.54367062      0.58991520      0.00323369      -6.15143752       5.66921459      1.42449582        0.01771535    3.21558363e+04
    -0.11228987      0.71679400     -0.00032021      -7.73926240      -1.21239964     -0.09170602        0.07220661    1.68028655e+04
    -0.67444459      0.52603614     -0.00989373      -5.35198251      -6.86191564     -0.88776951        0.00402855    1.20709003e+04
    -0.25193375      0.13475670      0.00608989      -1.77239145      -3.31356601      0.99763208        0.04054228    1.18325366e+04
    -0.20826342      0.13030131      0.00545619      -1.75599963      -2.80665252     -0.28679424        0.05162833    1.32932846e+04
     0.41566573     -0.27262654      0.00096838       3.25016956       4.95543863      0.75951489        0.05806452    2.19170587e+04
    -0.08950073     -0.38927407     -0.00867073       4.84158647      -1.11316305     -0.29175863        0.09359372    3.41821868e+04
    -0.72719411     -0.58563837      0.00533030       5.74186062      -7.12973645     -0.05982614        0.06722507    2.88679772e+04
    -0.17063991      0.43600001      0.00167427      -5.26245261      -2.05959723      0.49356020        0.04812780    1.38338333e+04
     0.44177603     -0.88357184      0.00563920       8.44049841       4.22015477      0.29089706        0.08096750    1.82870946e+05
     0.55744215     -0.16172211      0.00503494       1.86063886       6.41346151     -1.99553178        0.09505328    3.71082226e+04
     0.18460455     -0.38475846      0.00606004       4.72798881       2.26845756     -1.12124374        0.00220661    2.21636369e+04
     0.88860685      0.00873870      0.00036016      -0.08752910       8.90051361      0.92940998        0.09825213    2.53551971e+04
    -0.53134486     -0.61349850     -0.00719351       6.36980629      -5.51682500     -0.13213659        0.00861321    1.71058322e+04
     0.66971099      0.22289663      0.00342315      -2.42789802       7.29481639     -0.52373130        0.08143868    1.32494849e+04
    -0.03560649      0.74437607      0.00240948      -7.96623671      -0.38105703     -1.35857402        0.02803348    1.54419395e+04
     0.78943287      0.30983467      0.00484506      -3.16302946       8.05913498     -1.07973632        0.01321797    4.00428698e+04
    -0.37987624     -0.29008410     -0.00660238       3.48665398      -4.56590701     -2.02179864        0.04398556    1.01445554e+04
    -0.38724831     -0.91998514     -0.00610050       8.74464989      -3.68087567     -0.10128072        0.06439566    1.12983105e+04
     0.74269486      0.65053632      0.00780819      -6.21600922       7.09660313     -0.59843758        0.03809518    1.04771571e+04
    -0.60100361      0.53769913      0.00499956      -5.59613810      -6.25498351     -0.96658789        0.00545654    1.04201565e+04
    -0.42992016      0.12128937      0.00816457      -1.47755824      -5.23732695     -0.06812343        0.05994611    6.53193370e+04
    -0.56099945      0.60457246      0.00517431      -6.23910706      -5.78943950      0.36397063        0.09024033    3.29621011e+04
     0.19468348      0.18519382      0.00194311      -2.45991112       2.58596132      2.09319793        0.03832154    1.88477287e+04
    -0.15286154      0.08535720      0.00308265      -1.21865059      -2.18241468     -1.51188342        0.02163328    1.10724292e+04
     0.00375735     -0.50761085      0.00778256       6.02447962       0.04459337      1.15938104        0.04425773    1.94817738e+04
     0.61358484      0.29349038      0.00157614      -3.23340698       6.75991310      0.97310156        0.00483627    1.88230707e+04
     0.81604430      0.44982685      0.00264783      -4.41426590       8.00805133     -0.77909274        0.08204876    1.20695668e+04
    -0.52168284      0.67454880     -0.00687047      -6.87127647      -5.31411078      0.20323595        0.08263408    1.75288873e+04
     0.80467808     -0.30854451     -0.00052158       3.12969450       8.16218246     -0.45763325        0.05880005    1.65158136e+04
    -0.31936091     -0.56877231      0.00432794       6.34338029      -3.56175512      0.18568858        0.03531029    2.56207653e+04
    -0.25486599     -0.53007388     -0.00458115       6.07836692      -2.92255300      1.50913101        0.07997834    2.69354983e+04
    -0.39390736      0.46462432     -0.00595492      -5.27995492      -4.47633289      0.60560623        0.05546870    1.04695704e+04
    -0.82662850     -0.55166556     -0.00372346       5.25476970      -7.87386915      0.50860837        0.08259323    1.58948773e+04
     0.19986717      0.01273998     -0.00516999      -0.17762796       2.78666074     -0.43030932        0.06314588    2.62882088e+04
    -0.61095277     -0.70268642     -0.00570175       6.89783276      -5.99734092     -1.48405666        0.07844055    1.99244821e+04
     0.65056685     -0.39425649     -0.00150298       4.18985861       6.91373056     -0.20846821        0.05985630    6.57570030e+04
    -0.50340342     -0.43034918      0.00815677       4.77864239      -5.58984426      1.20660815        0.04141411    2.87444451e+04
     0.59724256     -0.60709059      0.00014119       6.18735319       6.08698397     -1.52716786        0.09579459    1.19232868e+04
    -0.11357492     -0.68830929     -0.00624159       7.52481589      -1.24163711     -1.05508937        0.05411138    1.07511051e+04
     0.67902418      0.64214437     -0.00846057      -6.29323414       6.65466890      0.12626774        0.06050895    2.74721566e+04
     0.77630743     -0.54593832      0.00392312       5.31346029       7.55557644     -0.98465478        0.02204876    1.02695363e+04
     0.59362604      0.26330412     -0.00234402      -2.94028952       6.62895986     -0.79252345        0.06256508    2.38048663e+04
    -0.51420681     -0.11144124      0.00643662       1.31222535      -6.05480728     -0.42359858        0.05716076    1.44567038e+05
     0.48258187      0.59955405      0.00319022      -6.34580396       5.10774623     -1.36561740        0.01848384    2.32406500e+04
     0.95259439      0.07019453      0.00592483      -0.68118070       9.24415198     -0.97412185        0.00595871    1.62413656e+04
    -0.40500009      0.21595628     -0.00456108      -2.61690593      -4.90769300      0.70342792        0.06043593    2.75372352e+04
    -0.22039660      0.75788648      0.00384718      -7.95007123      -2.31191442     -1.30736978        0.07636923    1.83039676e+04
    -0.79163520      0.06981356     -0.00471876      -0.73051176      -8.28347418     -1.59787213        0.05234014    2.17467239e+04
    -0.75745213     -0.39922336      0.00878137       4.06007826      -7.70324384     -0.63002498        0.02267726    1.47167383e+05
     0.34911103      0.09843362      0.00272749      -1.24497311       4.41550212      0.73195550        0.06665220    1.61875584e+04
     0.60571614      0.59070545     -0.00350976      -6.03597838       6.18936147     -0.19692181        0.00801057    2.06520506e+05
    -0.88944024     -0.34340731     -0.00460976       3.33527817      -8.63851909     -0.46458108        0.04418337    9.64293518e+04
    -0.23420905      0.35331180     -0.00618147      -4.34700916      -2.88161590      0.04435880        0.01633668    1.24043812e+04
    -0.06359569     -0.48321725      0.00389282       5.78468689      -0.76131627     -1.74570743        0.01844591    1.07373060e+04
    -0.56777673     -0.80562068     -0.00562569       7.70427828      -5.42973890      0.49470565        0.02022939    1.11082751e+04
     0.24045243     -0.35094100      0.00190607       4.31495995       2.95645878      0.38343503        0.03867071    1.01837101e+04
    -0.32676621     -0.86464382     -0.00470730       8.51527865      -3.21809428     -0.40930847        0.00511502    1.10314217e+04
    -0.63471999      0.29901236      0.00323938      -3.26308363      -6.92661814      1.00592451        0.03977934    3.08810397e+04
    -0.23137629     -0.44010918      0.00629879       5.24655817      -2.75824549     -1.12749610        0.05117074    1.07582033e+04
    -0.14818215      0.92129906      0.00556050      -9.03521521      -1.45322803      1.12790899        0.04832943    1.46153077e+04
    -0.23121782      0.62597410      0.00521703      -6.93554408      -2.56180147      0.15449367        0.03827841    6.11346186e+04
     0.17400192     -0.69608957     -0.00624555       7.54276188       1.88546865     -0.33655259        0.08391466    1.02358254e+04
    -0.56571541      0.19798851     -0.00823230      -2.25942614      -6.45589069     -0.01987364        0.01453267    5.16325696e+04
     0.23048830     -0.73472852      0.00397898       7.77513909       2.43910308     -0.10726477        0.05056967    1.38703224e+04
     0.17772583     -0.36323188     -0.00263306       4.50772021       2.20558374      1.22028290        0.00620414    1.13248126e+04
     0.39119608     -0.48790077     -0.00135308       5.50564282       4.41439329     -1.07667913        0.00711557    3.22341274e+04
     0.85258045     -0.49246208     -0.00937702       4.71178182       8.15732474     -0.76251924        0.05738658    2.65008363e+04
    -0.46104428      0.21347507     -0.00480847      -2.53310815      -5.47077939      1.03630289        0.05660184    7.61598923e+04
    -0.33981897      0.73570356     -0.00932647      -7.64291177      -3.53023496     -0.59553494        0.08780335    3.67269437e+04
    -0.49587484     -0.28159938      0.00758372       3.25400046      -5.73004448      0.90053308        0.05578737    4.88868754e+04
    -0.60674722      0.63665606     -0.00513207      -6.40453686      -6.10366446      1.69943598        0.09597910    1.38737478e+04
    -0.29123195     -0.21461038      0.00114674       2.71557778      -3.68511072     -0.40179503        0.00486948    1.21309926e+04
    -0.27126600     -0.94669731     -0.00922041       9.05690915      -2.59516054      0.68136233        0.00980077    3.89269558e+04
    -0.25424735     -0.62381714      0.00333695       6.89243761      -2.80913091     -1.15369228        0.00440659    4.96934885e+04
    -0.34258152      0.34451178     -0.00353945      -4.12691950      -4.10379694      0.75473330        0.01852769    5.15466324e+05
     0.13526582      0.23494660      0.00795838      -3.11630509       1.79415049      0.19942399        0.05412701    1.69059278e+04
    -0.37338541      0.17418736      0.00776236      -2.15436112      -4.61805608      0.47303828        0.06455722    1.58302467e+04
     0.45043798      0.56292058     -0.00349419      -6.09036529       4.87339057     -0.64557207        0.00455852    4.32243332e+04
     0.44752368     -0.36976443      0.00801922       4.25403040       5.14862753     -1.66108342        0.09459709    1.50919592e+04
    -0.51588142      0.75016646      0.00992315      -7.43683641      -5.11423255      0.50325206        0.08421654    1.27307046e+05
     0.37080369      0.54165685      0.00650831      -6.03008231       4.12803197     -2.06340315        0.02966125    6.65905866e+04
     0.49235120      0.07940131      0.00689743      -0.94594519       5.86561134     -0.31735049        0.00771875    1.73823588e+04
    -0.47827718     -0.62321419     -0.00501983       6.54845088      -5.02551875      0.94118187        0.01698871    3.89654452e+04
    -0.54838810     -0.63721873      0.00153405       6.52754418      -5.61758049      0.19189774        0.01269444    3.95252926e+04
    -0.22030487      0.34424943     -0.00865488      -4.26394343      -2.72874094      1.94834264        0.01232838    1.11370063e+04
     0.36855180      0.17829411     -0.00810164      -2.20769644       4.56352982      1.02510915        0.05185617    9.39208575e+04
    -0.16144729      0.10298641      0.00997785      -1.44707755      -2.26852013     -0.65389839        0.02458474    2.00079971e+04
    -0.32199618      0.79543729     -0.00346722      -8.08229856      -3.27174661      0.02731338        0.03581397    5.50033499e+04
    -0.36017988     -0.73080434      0.00496368       7.57680416      -3.73425863     -0.04737070        0.09895053    1.46380545e+04
    -0.54229119     -0.42491310      0.00613330       4.66319330      -5.95135476     -1.58217676        0.06843142    8.81585414e+04
    -0.60584380      0.69074144      0.00716047      -6.82059553      -5.98228987     -0.94039892        0.09489807    1.62683540e+04
     0.17985166      0.87938816      0.00995257      -8.77106112       1.79384937     -0.56076091        0.01425566    1.01084564e+04
     0.76292387     -0.05745897     -0.00517007       0.60941867       8.09168798     -2.03622050        0.03821395    9.64582058e+04
    -0.89316362      0.26557492     -0.00919298      -2.60615534      -8.76484559      0.04749347        0.05547318    1.09935269e+04
    -0.17158130     -0.42000127     -0.00177617       5.10106426      -2.08391568     -0.24907184        0.00767581    1.46224591e+04
     0.21234942      0.25850985     -0.00739839      -3.31411145       2.72233209     -1.67289390        0.00041874    1.68240691e+05
    -0.51724680      0.04696126     -0.00955148      -0.55456785      -6.10819281      0.40421287        0.06704343    1.69782387e+05
     0.23536127      0.04113308     -0.00279146      -0.55684315       3.18622687      0.71587274        0.06418195    2.31322720e+04
    -0.72838571     -0.02497558      0.00567477       0.26926668      -7.85287150      0.22703448        0.04107888    2.67036131e+04
     0.94315516     -0.21694248      0.00132361       2.09253986       9.09729512     -0.32406818        0.04896441    1.79843522e+04
    -0.14813042      0.13191254     -0.00374444      -1.84225028      -2.06874416      0.59144215        0.04154430    1.40900372e+04
     0.33900538      0.08476594      0.00308684      -1.07886887       4.31473262      0.68022036        0.00240050    1.48231136e+04
     0.65977776      0.12997052     -0.00535964      -1.43676683       7.29355247      0.30740357        0.03353716    2.99215999e+04
    -0.73675114      0.62535811     -0.00971237      -6.03604988      -7.11123201     -0.82461225        0.01770823    3.91927522e+04
     0.30120902      0.47479388      0.00528707      -5.50520013       3.49249642      0.27660077        0.00984242    4.62242321e+04
     0.70455163      0.10412401      0.00247486      -1.13095257       7.65255299      1.19548065        0.09567204    4.58131293e+04
     0.00795827     -0.20373886      0.00524605       2.83194268       0.11061890     -0.59662906        0.05993597    1.09925629e+04
    -0.37214823      0.09924161     -0.00922124      -1.24228153      -4.65845787      2.09793934        0.07286563    1.95877216e+04
    -0.24245372      0.96324780      0.00674239      -9.17748333      -2.31001308     -0.52563093        0.03153637    1.06042646e+04
     0.79508367     -0.57702743      0.00239052       5.52670641       7.61522552      0.03240701        0.03931471    2.19314402e+04
     0.05238758      0.04685640      0.00126791      -0.82583164       0.92331722     -0.67248560        0.02369240    1.77656244e+04
     0.93842636     -0.26677285      0.00249228       2.56350860       9.01764944      0.22327084        0.00969657    8.25267315e+04
    -0.31272974      0.73574455      0.00728866      -7.68191361      -3.26521318     -1.74222169        0.01790316    1.53234597e+04
     0.71183436     -0.60100761      0.00173873       5.89837605       6.98604586     -0.54604180        0.07975140    1.13108909e+04
    -0.53813380     -0.40638881      0.00161901       4.48871938      -5.94389306     -1.09212120        0.06775458    1.16490617e+04
     0.33283248     -0.63625354      0.00981358       6.89271334       3.60566775      0.13533835        0.05469289    4.06331499e+04
     0.69565132     -0.07011293      0.00513460       0.76596652       7.59981944      0.99444738        0.04750899    2.57755796e+04
    -0.19514988      0.79295699     -0.00115412      -8.21407309      -2.02151617      0.64600619        0.09224343    1.11124872e+04
     0.36261279     -0.09035054      0.00414794       1.13692733       4.56294332     -2.37165936        0.00727349    1.09082865e+04
    -0.13303810      0.11079014     -0.00221539      -1.58498290      -1.90326606      2.04206965        0.02806008    3.26754075e+04
    -0.41742557      0.36563074     -0.00542249      -4.25282104      -4.85527082      0.29527994        0.03499379    1.07762729e+04
    -0.45152381      0.70767720      0.00193704      -7.25351533      -4.62800676     -0.77649914        0.07824258    5.36600036e+04
    -0.43416086     -0.11557595      0.00856364       1.40638834      -5.28309532      0.15712792        0.09925146    3.32424490e+04
     0.46490143      0.67623893      0.00858279      -6.99204306       4.80689688      0.17618982        0.02406705    1.08758932e+04
    -0.92928852     -0.32609031     -0.00316189       3.11958676      -8.89016360     -0.66684872        0.08743073    1.09169035e+04
    -0.29597179     -0.07938144      0.00055355       1.03235342      -3.84910503      0.19791667        0.08306228    4.30536818e+05
     0.06127273     -0.81783114     -0.00576728       8.45802899       0.63368403     -0.60747229        0.02246574    1.58863323e+04
     0.33421994     -0.57623541      0.00991262       6.38773090       3.70492164     -0.40436199        0.03993326    1.57961844e+04
    -0.86725918      0.34059326      0.00962236      -3.34244012      -8.51091975     -0.68627914        0.04096729    5.11958248e+04
    -0.13591686      0.39834206      0.00299018      -4.90749471      -1.67446862     -1.43267129        0.09782207    1.60709931e+05
    -0.04878539      0.83081041      0.00608828      -8.54417260      -0.50171587      0.14583647        0.01808919    4.19129984e+05
     0.31214492      0.86062817      0.00430200      -8.51145271       3.08705524      0.58529944        0.07991580    3.93459760e+04
     0.90885094      0.34438959      0.00186316      -3.31524967       8.74900948      0.51488360        0.03341927    1.59361785e+04
    -0.45358993      0.69101679     -0.00893304      -7.12516489      -4.67702542      0.81992525        0.07308703    1.09011514e+04
    -0.08946183      0.69940785     -0.00090471      -7.62074253      -0.97477545      0.32434021        0.04200110    4.33605176e+04
     0.76859898     -0.16462941      0.00349573       1.72949746       8.07443834     -0.53272550        0.05783598    2.23623700e+04
    -0.87154176     -0.33063566      0.00355063       3.24408713      -8.55127782      0.83966386        0.08326118    1.72407785e+04
    -0.43348537      0.61862766     -0.00253755      -6.59016824      -4.61786898     -1.35751754        0.08041656    9.73623007e+04
    -0.15250938     -0.08442718      0.00883384       1.20632482      -2.17910676     -0.90067138        0.08664232    1.12370347e+04
     0.61876736      0.74032132     -0.00665286      -7.15089959       5.97678758     -0.96420007        0.00596173    1.95197689e+04
    -0.77958209      0.28596944      0.00000719      -2.94349449      -8.02426865      1.08005606        0.06920506    1.01136788e+04
    -0.57707038     -0.58609143      0.00381768       6.05470086      -5.96150765      0.94278851        0.01399874    1.86558127e+04
    -0.46327893      0.03236946      0.00394272      -0.39133110      -5.60081807      0.48730524        0.04158186    1.05903062e+04
    -0.66198471      0.46974644      0.00297278      -4.87701730      -6.87288000      1.07192987        0.05485884    1.13331108e+04
     0.62711744     -0.02425124     -0.00449424       0.27339586       7.06979544     -0.87928278        0.04027395    1.13167104e+04
     0.58936183     -0.55125821     -0.00687587       5.73577024       6.13223341      0.34859512        0.05196117    2.79891110e+04
    -0.23316098     -0.22853662      0.00271881       2.94161746      -3.00114009     -0.12517443        0.09965263    3.82532686e+04
    -0.73522948     -0.34246593      0.00198604       3.55661211      -7.63558021      0.84688210        0.01352173    2.36706043e+04
    -0.72590866     -0.68736478     -0.00641288       6.52867028      -6.89476450     -0.11522423        0.06754560    2.10751811e+05
     0.06612771      0.20937804      0.00410278      -2.87421640       0.90776164     -0.38494289        0.03960010    1.59013322e+04
    -0.78160906      0.60519539     -0.00089656      -5.77940168      -7.46408971      0.54090852        0.01330098    1.39441808e+04
     0.61838793      0.15653858      0.00335521      -1.75684492       6.94021676      0.87616917        0.01587368    7.13842810e+04
    -0.92214858      0.14281261      0.00674734      -1.40056751      -9.04353833     -0.66834519        0.09492731    1.28429036e+04
    -0.85240176     -0.23621330     -0.00660543       2.37057737      -8.55448991     -0.06107567        0.08796015    2.15472262e+05
     0.10492940      0.74565815     -0.00961710      -7.95197532       1.11900602     -1.05844063        0.09070420    1.01217948e+04
     0.83747575     -0.19257095      0.00558205       1.95558910       8.50470139     -2.49806102        0.09915328    2.51130328e+05
     0.78965582     -0.50493490      0.00219395       4.94211057       7.72885060      0.20045963        0.02083154    1.04463551e+04
    -0.11070237     -0.62600743      0.00399279       7.03237909      -1.24359709      0.60890536        0.03554393    8.49124809e+04
    -0.55933160     -0.11908538      0.00676310       1.37513164      -6.45884988      0.26206681        0.06692190    2.09390800e+04
     0.55920329     -0.59572231      0.00605622       6.16968921       5.79147441     -1.94956172        0.04838025    5.89454013e+05
     0.61258197      0.65771519      0.00921840      -6.55632757       6.10642427     -0.35084943        0.04183895    1.07881685e+04
     0.21983615     -0.84495988      0.00071870       8.52554539       2.21812079     -2.21834776        0.03578112    2.21393591e+04
     0.63230139      0.63087923     -0.00023009      -6.30547934       6.31969351      1.36970111        0.05937806    2.47583034e+05
     0.18098508     -0.63468710     -0.00196226       7.05472266       2.01169919     -1.08605458        0.05755934    2.07411590e+04
    -0.14577631      0.89251526     -0.00692618      -8.87359740      -1.44934253      1.25540361        0.01614578    2.65325641e+04
     0.24836134     -0.24192086      0.00145214       3.08311624       3.16519571      0.94586964        0.04717398    3.21327677e+04
     0.69275430     -0.25412709     -0.00445975       2.72864019       7.43831444     -0.90059035        0.05534718    1.81816745e+04
     0.04506774      0.06105374      0.00842615      -1.05294049       0.77724397     -1.13278495        0.05702869    2.64049060e+04
    -0.55412923      0.13238818      0.00166382      -1.53014889      -6.40465176      0.35037022        0.02101072    2.37231697e+04
     0.60104635     -0.07214440      0.00185680       0.82117826       6.84136512     -0.84432404        0.07422714    9.27183035e+04
    -0.62600503      0.06550111     -0.00290151      -0.73783686      -7.05163026      0.10248464        0.00251991    1.04711156e+04
     0.54576709     -0.63055966     -0.00896021       6.47963505       5.60830609     -0.48282759        0.03548319    1.38533619e+04
    -0.52895229     -0.32979930     -0.00936512       3.72483339      -5.97411565     -1.78115841        0.07802126    1.69225839e+05
    -0.47463343      0.47266979     -0.00153330      -5.23116302      -5.25289517     -2.23046802        0.05638929    8.42894184e+04
    -0.10866016      0.47511799     -0.00830869      -5.68772700      -1.30079129      0.22668425        0.02611624    1.82182608e+04
     0.17698714      0.58474554      0.00213694      -6.63979880       2.00969294     -0.56155775        0.06949531    2.59021238e+04
     0.03530760     -0.47541876      0.00761946       5.71731232       0.42460369     -0.55308982        0.05673909    1.37856377e+04
    -0.20466289      0.17694357      0.00765830      -2.34773310      -2.71552020      0.69586384        0.07962436    1.22886347e+04
    -0.77487087     -0.05498839      0.00318091       0.58010984      -8.17463871      1.17344228        0.07350252    1.84863872e+04
    -0.81649266      0.03940217     -0.00577536      -0.40800321      -8.45465129     -0.27254472        0.06101079    1.53803256e+04
    -0.69610235     -0.36733072      0.00725994       3.85711265      -7.30934014     -0.34059871        0.04881777    2.36865540e+04
     0.45207266     -0.50904259      0.00772187       5.60657898       4.97911399      0.50014303        0.01331821    1.08337349e+04
     0.61176038     -0.07439773     -0.00606693       0.84284543       6.93057977     -1.35693557        0.02613330    2.82892310e+05
    -0.77686647      0.50971770      0.00474852      -5.00832415      -7.63324312      0.22315305        0.04190995    4.22808614e+05
     0.33720664     -0.63668946     -0.00426961       6.88996733       3.64909878      0.55188597        0.05992993    3.23813326e+04
     0.06309958     -0.68934775      0.00605281       7.55419209       0.69147446      0.68023021        0.05137079    2.13099391e+04
    -0.14334396     -0.07137629      0.00994476       1.03602311      -2.08062996     -1.93675270        0.02881845    1.44182040e+04
     0.56202934     -0.15928228     -0.00939948       1.82963184       6.45587686     -0.76135527        0.00064644    5.14554349e+04
     0.18879065      0.58698697      0.00794732      -6.64896760       2.13848515     -0.87826325        0.04962392    3.10447034e+04
     0.48845356      0.40029477      0.00245261      -4.50500328       5.49716115      0.09988695        0.02856260    1.19188200e+04
     0.46291018     -0.60488556      0.00946765       6.42539866       4.91726477      0.48074458        0.07346083    1.01851573e+05
    -0.67773794      0.27253226     -0.00069981      -2.93602744      -7.30136392      1.49671041        0.00239463    5.38537387e+04
     0.44619030     -0.63938979      0.00694776       6.73655461       4.70102176     -0.49496548        0.05848278    1.67509558e+05
     0.68456886     -0.54428737     -0.00875212       5.48796149       6.90239712     -0.49757250        0.09414742    3.55192234e+04
     0.83311456      0.34482731     -0.00329442      -3.43271545       8.29355775      1.14967202        0.01744093    2.54635022e+04
     0.63022489     -0.56651537     -0.00865967       5.78513812       6.43572661      0.29657694        0.04716495    1.70666115e+04
    -0.92642410      0.31186868      0.00950686      -2.99410571      -8.89416556      1.26765151        0.00914220    1.30550346e+05
    -0.13473810     -0.00884465      0.00633948       0.13277408      -2.02265983      0.28872800        0.06256819    7.01278258e+04
    -0.30972594     -0.31598706      0.00705095       3.85644447      -3.78003102     -1.15711662        0.05505317    1.04686444e+04
     0.07782625     -0.03880657      0.00875930       0.64518433       1.29391167     -1.33312835        0.04073655    1.02680295e+04
     0.79886095      0.09641525     -0.00829793      -1.00426526       8.32096909     -1.55151225        0.05213770    1.59413037e+04
    -0.93763193      0.13739330     -0.00228805      -1.33811166      -9.13185852      0.66205183        0.08965747    5.06195318e+04
    -0.18819483     -0.45614143     -0.00857930       5.44646294      -2.24710170      1.18859682        0.01962943    4.42543827e+05
    -0.16430435     -0.94870365     -0.00578414       9.17264973      -1.58859543      1.84936214        0.00225645    1.17496763e+04
    -0.08672922     -0.22966374     -0.00541268       3.09540583      -1.16893562      0.84310533        0.08616649    2.42830083e+04
     0.64183476      0.72283067     -0.00061786      -6.97589585       6.19422032      1.16283858        0.05771171    1.60534760e+04
    -0.18109721      0.56464722     -0.00462876      -6.46143004      -2.07235051     -0.58001633        0.08906585    2.51352615e+05
    -0.20101113      0.24701286     -0.00798044      -3.19237678      -2.59785368     -1.15641582        0.05969452    6.01314717e+04
     0.23379499     -0.65666709     -0.00665018       7.18071454       2.55656953      0.85007933        0.08101611    5.88046489e+04
    -0.09107064      0.49848040     -0.00705449      -5.91836942      -1.08126555      0.41768075        0.04296734    1.86569332e+04
     0.13044331      0.51754946      0.00946154      -6.07448965       1.53101601      0.10744437        0.07498599    1.69684594e+04
     0.53464246     -0.14644933      0.00518585       1.70383996       6.22020732      0.38737148        0.09130415    1.37112708e+04
     0.89472790      0.04987867      0.00935523      -0.49783914       8.93028178      0.32318548        0.05721230    1.05911082e+04
     0.73420720     -0.01005337     -0.00120519       0.10812190       7.89624604      1.28381686        0.01807852    6.94807059e+04
    -0.24759832     -0.50000277     -0.00443263       5.80822930      -2.87619970      1.29498558        0.02687976    5.12221605e+04
     0.36976297     -0.68819266      0.00596586       7.24559016       3.89302455      0.54422035        0.01986446    9.72809635e+05
    -0.23415408      0.81321740     -0.00347492      -8.30891692      -2.39243132      0.84580287        0.02468570    7.50213926e+05
     0.52002342      0.04690033     -0.00401233      -0.55319765       6.13376719      0.51406255        0.03064154    2.22161690e+04
    -0.04896671     -0.64121086     -0.00534988       7.18012233      -0.54831719     -0.46116973        0.05551338    4.18931587e+04
     0.17609984     -0.30145471     -0.00740642       3.83739070       2.24167630      0.75656467        0.05879916    1.54602690e+05
    -0.02545379     -0.42485463     -0.00487074       5.22329447      -0.31293675     -1.39449507        0.04264997    6.29528342e+04
     0.51459308      0.64522230     -0.00289361      -6.65694618       5.30920655      1.05389155        0.06154208    1.32428339e+04
     0.00917364     -0.42585701      0.00347988       5.23484057       0.11276685     -1.19452294        0.00815749    1.80518023e+04
     0.08595841     -0.71956552     -0.00874870       7.77216134       0.92845285      0.28580329        0.00877882    1.14661519e+04
    -0.45769297     -0.70679799     -0.00578986       7.23575928      -4.68557668     -0.84515396        0.01718295    1.80214330e+05
     0.03304721     -0.32524576      0.00618047       4.18550054       0.42527575      0.55338898        0.05180775    2.50070575e+04
     0.42696149     -0.62049666     -0.00706156       6.61661871       4.55287117     -0.03392523        0.02139947    1.29258482e+04
    -0.38286968     -0.33162266     -0.00314710       3.93765108      -4.54615258     -1.59475596        0.02832844    2.98492919e+04
     0.83310689      0.51851691      0.00729318      -4.96897423       7.98370622      0.42069963        0.04003128    2.57696730e+04
    -0.69327445      0.05400173     -0.00690149      -0.59095168      -7.58663968     -0.57792078        0.08118661    1.54938132e+04
     0.79302452      0.42083804     -0.00834526      -4.19710309       7.90899437      0.88114672        0.00138621    1.12666156e+04
    -0.62008906      0.40708243     -0.00030924      -4.36334429      -6.64647227      0.00132569        0.06493788    2.98380507e+04
    -0.17386273      0.11482283     -0.00395161      -1.59015941      -2.40779166      0.39542099        0.06688765    2.06230055e+04
     0.72824498      0.32064096      0.00126817      -3.35356834       7.61667920     -0.95756896        0.07986558    4.24800188e+04
    -0.56746153      0.79334151      0.00607610      -7.62425019      -5.45347566     -0.58933223        0.09327529    2.06169357e+04
     0.59452582      0.49814743     -0.00725703      -5.25812990       6.27543939     -0.45863864        0.00201378    6.39630285e+04
     0.32383442     -0.84517461      0.00161398       8.39994591       3.21849664      0.85670248        0.01537837    2.20452610e+04
     0.88998460     -0.30353563      0.00011018       2.96659181       8.69822443      1.67737709        0.08861713    2.24885158e+04
     0.42911929      0.20961013     -0.00711842      -2.51982347       5.15864780     -0.80517175        0.04585186    7.56928163e+04
     0.44229205     -0.12815061      0.00247997       1.55189401       5.35612276      1.07684814        0.05645906    1.66513485e+04
    -0.77380160     -0.11050827     -0.00452719       1.16325892      -8.14537804     -2.16967742        0.06630272    1.15297044e+04
    -0.19645078      0.61027499     -0.00024331      -6.83955981      -2.20169079     -1.19418940        0.06790666    1.02933062e+04
     0.81163003      0.42557960     -0.00835455      -4.20699775       8.02323625     -0.95877846        0.09317404    3.96174355e+04
    -0.94868819     -0.00372115     -0.00080832       0.03622305      -9.23489053     -1.35250869        0.09969494    2.59138826e+04
     0.16411963     -0.57138965     -0.00387073       6.53432610       1.87684739     -1.58358839        0.07201575    3.30075456e+04
    -0.12964459     -0.46910856      0.00644762       5.61744557      -1.55245820      0.41299891        0.02872212    1.26716136e+04
     0.83984474      0.27420126     -0.00886043      -2.75317902       8.43264886     -0.21406770        0.08797524    1.15607974e+04
     0.47017974      0.23181252     -0.00162785      -2.73184144       5.54092807      0.37940540        0.00492209    1.01460959e+04
    -0.74326728      0.51977694     -0.00083137      -5.16128696      -7.38050390      0.69047269        0.02310809    1.53158515e+04
    -0.18275042      0.62477239      0.00450012      -6.97203949      -2.03937173      0.26561699        0.08973857    2.40395312e+04
     0.09024725      0.81203777      0.00148575      -8.41009671       0.93467094      0.65776318        0.02561915    1.63484604e+04
    -0.05983237      0.30324149      0.00334425      -3.93814299      -0.77703223     -0.06953229        0.02206511    1.76398008e+04
     0.26045468     -0.74566929      0.00554099       7.81989140       2.73140833     -1.18699339        0.01381253    9.53444338e+04
     0.60677221     -0.28912827      0.00724406       3.19663699       6.70854663      1.05781418        0.08591118    1.52618843e+04
    -0.63374171      0.43009290     -0.00372249      -4.55993489      -6.71906217     -0.58911213        0.05000583    2.03603619e+04
     0.34061652     -0.22802323      0.00076045       2.82285575       4.21672532     -0.93559630        0.06748932    4.46063123e+04
    -0.37277784      0.77324668      0.00680216      -7.85581405      -3.78724343     -0.17791788        0.02390664    1.64630016e+04
    -0.91870734      0.13701790      0.00978902      -1.34647974      -9.02816909     -0.91281092        0.07580404    2.60325711e+04
     0.06985414      0.46028274      0.00779039      -5.56186115       0.84408782     -0.41743038        0.07600055    6.83714269e+04
    -0.19649087     -0.23896839     -0.00257065       3.10296865      -2.55140445      0.34405392        0.03125980    1.66737301e+05
     0.15240961     -0.02024590     -0.00609667       0.29616004       2.22947036      0.34834174        0.04106826    1.17041575e+04
    -0.63771806     -0.48506410     -0.00021215       5.06041446      -6.65297167     -0.89783007        0.02096903    1.20950793e+05
    -0.48836463      0.60711944      0.00483283      -6.39807565      -5.14658837     -0.48770537        0.09765610    1.95005948e+04
    -0.44276442     -0.59216306     -0.00014862       6.35395950      -4.75089949      1.07433300        0.06456026    1.34347558e+04
     0.34496889      0.33607077     -0.00033638      -4.03310700       4.13989135      0.49640012        0.09345439    1.83332978e+04
     0.47836915     -0.40257788      0.00676461       4.54310607       5.39841341      2.07506504        0.03033855    3.35934017e+05
    -0.77087817     -0.01493920     -0.00277192       0.15802039      -8.15401403      1.18012817        0.07818909    1.95195045e+04
    -0.66942525      0.22053730      0.00719589      -2.40328202      -7.29499125      1.14429307        0.07658586    1.48250077e+04
    -0.85270751     -0.51056383     -0.00186390       4.86310334      -8.12201031     -1.38786855        0.06916557    2.68144569e+04
    -0.26154381     -0.26083441     -0.00343534       3.28877808      -3.29772275      0.76386035        0.09656390    1.31189550e+04
     0.75039472      0.36339003     -0.00092020      -3.73453361       7.71175352     -0.05310680        0.03935553    1.08120346e+04
    -0.26123888     -0.57971805      0.00524894       6.51198041      -2.93449980     -0.55098180        0.01307173    1.14625126e+04
     0.03315890      0.65352896     -0.00747996      -7.28205014       0.36947826      0.16801534        0.06717089    1.14516761e+04
    -0.19022801     -0.82547627     -0.00607162       8.43081157      -1.94284992      0.94521153        0.07293098    1.17700185e+04
     0.36624883     -0.74719338      0.00902890       7.68464972       3.76675449      0.50083159        0.05750606    1.15933816e+04
     0.33111649     -0.93894508     -0.00649017       8.93587613       3.15121295     -0.87847380        0.02068179    2.73572361e+04
    -0.33900201     -0.11606863      0.00135455       1.47105773      -4.29652282      0.74245891        0.05044559    1.21960334e+04
    -0.32007265     -0.04078174      0.00158629       0.52593682      -4.12777809     -0.63758754        0.03121897    1.52024343e+04
     0.53056162      0.66546463     -0.00020751      -6.78399879       5.40874636      0.21668312        0.04274665    8.91428675e+04
     0.12060458     -0.75089377      0.00289490       7.98061503       1.28180408     -0.30335007        0.06452186    1.88402693e+04
    -0.07022245      0.51887327     -0.00540347      -6.11637132      -0.82776775     -0.21886625        0.07452147    2.94882747e+04
    -0.28175368      0.00585097      0.00105325      -0.07712496      -3.71395603      0.76624298        0.02322247    1.20568602e+04
    -0.06254152      0.28591399     -0.00255653      -3.74595603      -0.81939953     -1.04019372        0.04053254    1.23512619e+04
     0.63055225      0.70469478      0.00323335      -6.86988520       6.14708902      1.94519507        0.02691616    1.04216596e+04
    -0.30073608     -0.31847313     -0.00717553       3.89428182      -3.67739357     -1.82108607        0.01986316    1.20083441e+04
     0.53584281      0.19037870      0.00141755      -2.20141086       6.19612475     -0.59766768        0.07833872    1.38084248e+04
    -0.00405250     -0.47606720     -0.00629459       5.72668743      -0.04874814      0.37021189        0.09092527    1.21247449e+04
    -0.24548281      0.54289456     -0.00442714      -6.20492633      -2.80570639      0.58431417        0.03702322    1.09626946e+04
     0.26348395      0.00022299     -0.00562580      -0.00297126       3.51088042     -0.10047572        0.07512789    1.13562743e+04
    -0.71869735     -0.05033802     -0.00634324       0.54473919      -7.77747293     -0.05739070        0.08969953    1.83881324e+04
     0.24883856      0.07544493      0.00651422      -1.00743388       3.32279987      0.41055009        0.08461242    1.25670828e+04
    -0.14643984      0.88255985     -0.00428585      -8.81503955      -1.46264642     -0.23106948        0.01828134    1.56403266e+04
    -0.12909933     -0.46588136      0.00854248       5.58656523      -1.54808046      1.39318126        0.09562919    1.99355324e+04
     0.67858199      0.28202553      0.00939853      -3.03233684       7.29610966      0.83934911        0.03766764    3.15946662e+04
     0.49937614     -0.79416784      0.00142521       7.76991759       4.88575745      0.87282435        0.03392407    1.04049505e+04
     0.80653735      0.01936165     -0.00713998      -0.20147588       8.39276789     -0.96615672        0.00624313    4.79423836e+04
     0.01456786      0.72989421     -0.00250904      -7.86480858       0.15697268     -0.07938842        0.04861737    2.64285549e+04
    -0.03253024     -0.56857325      0.00595465       6.57221892      -0.37602166     -0.30046595        0.01090136    1.08806995e+04
    -0.23339862      0.52775657     -0.00265219      -6.08068949      -2.68916506     -1.00560138        0.02485398    7.39879400e+04
     0.65619023      0.48877534     -0.00825966      -5.05936979       6.79230065      0.36016418        0.03169426    1.13203715e+05
    -0.63668184      0.76731714      0.00113570      -7.29739301      -6.05501612     -0.53764576        0.08088263    1.06435877e+04
    -0.10395713      0.80686561      0.00690242      -8.37004917      -1.07840295      0.65540383        0.08754887    1.37761706e+04
     0.41086788     -0.62367540      0.00591853       6.66962842       4.39384985     -1.07019156        0.03024663    4.95391048e+04
    -0.33131316      0.78796072     -0.00649754      -8.01890530      -3.37170210      1.71904061        0.08586981    3.85768377e+04
     0.16518643     -0.66175453      0.00345529       7.28450395       1.81834976     -0.89633266        0.08572309    1.22350471e+04
     0.19078587     -0.15408794     -0.00558991       2.07714621       2.57184402      0.21930234        0.07646510    1.26144100e+04
    -0.68595985      0.30291237     -0.00563585      -3.23495838      -7.32572118      0.79185931        0.01466951    1.57919850e+04
     0.82605784     -0.52464629      0.00748144       5.03427600       7.92648925     -0.57064043        0.06903228    1.92188593e+04
    -0.30034040      0.29171662     -0.00500662      -3.59736646      -3.70371247      0.85246864        0.09450241    2.57779943e+04
     0.80959738     -0.18589508     -0.00473505       1.91316980       8.33210480     -1.22918360        0.06825405    1.57536012e+04
     0.37954373      0.23849580     -0.00998693      -2.90342617       4.62053073      1.45211770        0.03316168    1.84470999e+04
    -0.28216669     -0.67543293      0.00741338       7.27156344      -3.03774498      0.01414926        0.05005793    3.84609806e+04
    -0.31069354      0.01208198      0.00585190      -0.15675556      -4.03104133     -0.59641141        0.06457250    1.03768495e+04
    -0.51071330      0.43536520      0.00254658      -4.81565297      -5.64909183     -0.29918177        0.05105704    1.33317793e+04
    -0.58437913     -0.64394437      0.00500532       6.50804544      -5.90604733      0.80891927        0.01199529    3.40386238e+04
    -0.16854101     -0.56494730     -0.00695903       6.47439370      -1.93150914     -0.58445529        0.03120640    8.79157740e+04
     0.81511478      0.02235216     -0.00083353      -0.23166921       8.44826591     -0.74935769        0.08023960    2.02659159e+04
     0.44454926      0.77319203     -0.00297561      -7.73269329       4.44593701     -0.22153660        0.08614180    2.11323718e+04
    -0.22157102     -0.93706142     -0.00812447       9.05976155      -2.14220818     -1.17696211        0.01373000    1.11869373e+04
    -0.24294029     -0.41907290     -0.00027739       5.02320389      -2.91199599      1.82054391        0.09523868    1.79513310e+04
     0.61758984     -0.13378603      0.00841479       1.50540131       6.94930978     -0.56639459        0.03288226    2.11546681e+04
     0.02705385     -0.38946643     -0.00919882       4.86366281       0.33784892      0.83161679        0.06623137    1.31586877e+04
     0.94895894     -0.30324977     -0.00417078       2.88514687       9.02848461      0.20947008        0.07518251    1.36342094e+04
    -0.28287045     -0.92031803     -0.00584918       8.89827463      -2.73498818     -0.98453405        0.08119462    1.59619804e+04
    -0.21850158      0.70157978     -0.00523707      -7.54350816      -2.34936713     -0.00595471        0.09457497    1.02027333e+04
     0.72377352      0.56407905      0.00816869      -5.57297410       7.15071952      0.78400278        0.03129195    1.46812346e+04
     0.14336273     -0.70739318     -0.00063862       7.65063737       1.55050439     -0.18826134        0.08585065    1.26475579e+04
    -0.48732556     -0.62136904     -0.00067401       6.51686197      -5.11102610      1.19311295        0.01316869    1.47977673e+04
     0.28495871      0.08901105      0.00521151      -1.16247558       3.72153254      1.02151539        0.07050409    1.13451298e+04
    -0.55417388      0.66944883     -0.00691016      -6.76743737      -5.60212648      0.91891485        0.07419777    8.44751615e+04
     0.34428591     -0.09581594     -0.00025469       1.21491986       4.36545085     -0.45965677        0.06777232    2.42516269e+04
    -0.90887974     -0.00229081     -0.00140030       0.02272683      -9.01687052     -1.07984245        0.02523147    3.05167675e+04
    -0.80649844      0.36275108      0.00193821      -3.64082530      -8.09458627     -0.61358761        0.08730431    4.57204569e+04
    -0.81230969      0.22112815      0.00999115      -2.26396150      -8.31661570      0.19624094        0.01688585    1.97416909e+04
     0.04858239      0.18384812      0.00538898      -2.58644990       0.68347672      0.54578671        0.00536348    1.09415306e+04
    -0.37361915      0.40439719     -0.00204269      -4.71246239      -4.35380424     -2.17157140        0.07174650    2.13554508e+04
    -0.35069603      0.37433256      0.00655106      -4.43263417      -4.15274384     -0.00811320        0.04754757    2.38647939e+04
     0.56793559      0.19387000     -0.00658583      -2.21170855       6.47912531      0.15808923        0.08490980    3.81657654e+04
     0.03261135     -0.29424352     -0.00939073       3.84798563       0.42647667     -0.27754426        0.03833971    1.74624586e+04
    -0.83778920      0.48483716     -0.00591103      -4.67613495      -8.08027043      1.29127384        0.01682786    1.14456352e+04
     0.32604863     -0.66895032     -0.00319177       7.16242324       3.49098910      0.42178007        0.08364422    1.39070095e+04
     0.32587091     -0.44646664      0.00021162       5.19787916       3.79387279      1.31019191        0.05489096    1.56116197e+04
     0.14903254      0.61218528      0.00230258      -6.89403463       1.67830802     -0.21596052        0.01891958    2.77360250e+04
    -0.36766354     -0.55859293      0.00821211       6.18512597      -4.07102422      0.93747749        0.07203840    2.29922332e+04
    -0.76325685      0.13428818      0.00019708      -1.41788507      -8.05886662      1.63506639        0.05111136    1.54448684e+04
     0.52396223     -0.49106314      0.00002551       5.31968690       5.67608270      1.31169345        0.06043130    4.28267291e+05
     0.20480939      0.93672039     -0.00899514      -9.07410388       1.98400905     -1.09214159        0.04608983    2.49823294e+04
    -0.30889150     -0.63367935     -0.00930177       6.90502564      -3.36590383     -0.25367608        0.08287090    1.30694101e+04
    -0.77637677     -0.62401692      0.00102320       5.93742507      -7.38710560     -0.34516471        0.08295627    1.11205592e+04
    -0.25911060      0.88559960     -0.00123643      -8.72831379      -2.55374851      0.48925454        0.07093888    1.17831506e+04
     0.29851394      0.34554297      0.00678361      -4.19144325       3.62098015      0.68635356        0.01054014    1.32187383e+04
    -0.55895020     -0.78623781     -0.00678641       7.59508422      -5.39947812     -0.83889267        0.08388539    1.18916607e+04
    -0.02441877     -0.34025009     -0.00950057       4.34799151      -0.31204281      0.06783851        0.06710130    1.22654441e+04
    -0.36234094      0.82834700     -0.00101922      -8.23645087      -3.60284201     -2.01992733        0.06970242    1.39323155e+04
    -0.37864353     -0.48708559     -0.00525043       5.51652858      -4.28835900      1.44194501        0.03629828    1.20720439e+04
    -0.74084961      0.57368648     -0.00900771      -5.61579943      -7.25215415     -0.51237424        0.08792796    8.91247886e+04
    -0.21347412     -0.90690986      0.00449197       8.90022989      -2.09499179      0.05586394        0.07253716    1.08628516e+04
     0.28162121      0.85241709     -0.00776814      -8.50147880       2.80871513     -0.30964971        0.01125905    2.08015363e+04
     0.68562509     -0.56564005      0.00216639       5.66509646       6.86679145      1.14602758        0.04077780    1.68433211e+04
    -0.12855169      0.53679941     -0.00437900      -6.25159799      -1.49712068     -2.83750644        0.08863804    3.64362847e+05
    -0.19182502      0.21005344     -0.00653008      -2.76467577      -2.52475743     -0.01661034        0.00471967    1.12475630e+04
     0.59298792      0.22659546     -0.00240497      -2.54651662       6.66409454     -0.10581876        0.09614166    1.64983027e+04
     0.31842975      0.26856472      0.00602892      -3.31496931       3.93046721     -0.45363639        0.06791626    2.48606121e+05
    -0.82950053     -0.08294555     -0.00215813       0.85247143      -8.52517744      1.72622655        0.06313760    6.98577962e+04
    -0.06489745      0.58471194      0.00501539      -6.70449910      -0.74413549     -0.88732946        0.02705593    5.23289935e+04
     0.50535838     -0.84865959     -0.00749027       8.10749777       4.82783911      0.77179618        0.02487918    1.34286553e+04
     0.79719786      0.07380814      0.00545543      -0.77022168       8.31912368      0.35625279        0.09420582    1.20362828e+04
    -0.65756229      0.62457377     -0.00526133      -6.20211652      -6.52969772      1.26151925        0.02982725    2.95820168e+04
    -0.18990874      0.31057904      0.00354786      -3.92573622      -2.40045694     -0.66718908        0.07755053    1.25128615e+05
     0.92160964      0.11247287      0.00131563      -1.10549686       9.05850922     -0.73296890        0.03931218    2.22814048e+04
     0.68193877      0.67654764      0.00858289      -6.54826968       6.60045020      1.09606991        0.01392541    2.30359844e+04
    -0.59765875      0.36036917     -0.00225355      -3.93917787      -6.53297879      0.42532131        0.00107153    1.38346896e+04
    -0.77784007      0.03489640     -0.00867670      -0.36784323      -8.19921939     -1.54493735        0.05442573    4.19811763e+04
    -0.72110926      0.49478403     -0.00961689      -4.98892576      -7.27097156     -0.53930501        0.09757788    1.22725484e+04
    -0.41026199     -0.08076957      0.00653717       0.99627051      -5.06046938      0.38638265        0.03691362    1.47154570e+04
    -0.58600322     -0.39895652      0.00049471       4.33965394      -6.37425654      0.83776422        0.03571923    1.72765900e+04
     0.63017066      0.03934416      0.00550488      -0.44281201       7.09246574     -0.67923065        0.03440916    2.01018874e+04
    -0.37289405      0.08558048     -0.00531149      -1.07252572      -4.67324375     -2.91425599        0.05205438    1.31576460e+04
     0.59037247     -0.13782150     -0.00309833       1.56814357       6.71730338      0.52322319        0.04406649    1.12827144e+04
    -0.25923362     -0.03114864     -0.00939792       0.41565896      -3.45930905     -1.22032069        0.08799146    2.52853350e+04
    -0.07064268     -0.14429663      0.00922985       2.09315213      -1.02473544     -2.01733880        0.05055208    1.40005873e+04
    -0.13933469      0.34022365      0.00335736      -4.29321464      -1.75823669     -2.83232592        0.05077578    2.35530113e+04
     0.14737647     -0.97025527      0.00866410       9.29757599       1.41225096      0.81398086        0.01383716    1.18038542e+04
     0.10639365     -0.73362792     -0.00469007       7.86511230       1.14062997      0.12861745        0.09827395    1.90959482e+04
    -0.97397779     -0.13110846      0.00222927       1.25552581      -9.32704277     -0.22565638        0.02499729    2.11534350e+04
     0.65019116     -0.09873874      0.00357000       1.09863519       7.23447416      1.38902436        0.00733641    1.05407989e+04
     0.39348456      0.39621464     -0.00364901      -4.60168986       4.56998234      0.63732468        0.06631462    1.49978606e+04
     0.70740676      0.07561445      0.00696218      -0.82157462       7.68619529      1.61630004        0.05953664    1.15349637e+04
     0.08374431     -0.65764624      0.00894323       7.30040623       0.92962967     -1.39273547        0.04151457    1.06694119e+04
     0.11424251     -0.30432439      0.00769710       3.91992863       1.47153013     -0.03455062        0.04221922    5.01520361e+05
     0.58283724      0.54875046      0.00478134      -5.72670105       6.08242710     -1.61671337        0.07850639    1.46870981e+04
    -0.04543572      0.46257300     -0.00445071      -5.59134559      -0.54920375     -0.22938233        0.01957126    5.04479021e+04
     0.78235707      0.08663357     -0.00436768      -0.90965975       8.21481453     -0.24861585        0.08202533    1.33706687e+04
    -0.21672298      0.77668027      0.00926721      -8.08363706      -2.25563851      0.62661364        0.06487471    3.07396918e+04
     0.05649425     -0.38578913     -0.00979431       4.81883141       0.70566082      0.04556388        0.04189698    4.04245518e+04
    -0.24611309     -0.02789220      0.00432100       0.37538831      -3.31232324      0.62340714        0.04580286    2.43713622e+04
    -0.51078052      0.72101653      0.00412492      -7.23907217      -5.12828333      0.70344013        0.02566472    1.87568144e+04
    -0.46955578      0.48920118      0.00245379      -5.39451093      -5.17787760      2.15492868        0.07521143    1.68839777e+04
     0.24116299      0.00205116      0.00980218      -0.02772551       3.25979754     -0.31529666        0.05128747    1.52760283e+04
    -0.30703362      0.94899772     -0.00376241      -9.02363231      -2.91945746     -0.94102270        0.03208545    1.25366466e+05
    -0.14558105     -0.19127655     -0.00320056       2.58687605      -1.96887778      0.24608362        0.05960501    5.62788050e+04
     0.82275300     -0.13458353     -0.00842121       1.38314752       8.45563178     -0.80228003        0.09957345    2.24097879e+05
     0.56805232     -0.81301629     -0.00114404       7.75170151       5.41609324      1.48196077        0.04352623    1.14032140e+04
     0.48369585      0.07223866     -0.00477903      -0.86416427       5.78627367     -0.28321804        0.09206914    3.61740581e+04
     0.30311113     -0.22443933     -0.00313227       2.81974537       3.80813917     -0.56557637        0.03450168    1.40759925e+05
     0.07214822     -0.34085125      0.00669144       4.34038691       0.91873271     -0.47131572        0.00547327    1.21865132e+04
     0.10446979     -0.54070436      0.00870969       6.30049884       1.21732293      0.71841742        0.02042421    1.07047047e+04
    -0.30687045      0.08292370     -0.00628534      -1.07202339      -3.96716844     -0.15774698        0.04186951    3.75529651e+04
    -0.66689009      0.49741225     -0.00254982      -5.11612113      -6.85928113     -0.64166682        0.02196349    2.31872435e+04
    -0.08146087      0.23591508      0.00857261      -3.17115411      -1.09499140      1.66535192        0.00002270    6.00277889e+04
     0.65379267      0.28631673     -0.00876383      -3.10772822       7.09637179     -0.85616984        0.09150015    1.16059724e+04
     0.13610008      0.98902660     -0.00815279      -9.40007604       1.29354566      0.03556607        0.08438794    4.70178104e+04
     0.01925154      0.90199759     -0.00674418      -8.97696062       0.19159734      0.65230615        0.07422922    1.24939256e+04
    -0.78043706      0.07834173      0.00190426      -0.82364080      -8.20507577     -1.63133511        0.01678146    1.19334503e+04
    -0.00888574     -0.55333052     -0.00699055       6.44020267      -0.10342094      0.48026050        0.01203636    1.19420544e+04
    -0.77920033      0.12939349      0.00936153      -1.35694515      -8.17144763     -1.05510768        0.00676047    5.16606238e+04
     0.67855315      0.25808348     -0.00106571      -2.78599144       7.32492930      0.82278278        0.07240292    2.92864573e+04
     0.62992805     -0.17109656      0.00003036       1.90782140       7.02404646     -0.96265101        0.09288080    2.07397784e+04
     0.33837919     -0.12731811     -0.00506683       1.61119350       4.28214303      0.69276903        0.04305358    1.55096994e+04
     0.20649717     -0.91867466     -0.00058079       8.97315826       2.01696188      1.10583307        0.01191407    7.60043223e+04
     0.66966452     -0.03652510      0.00323827       0.40408842       7.40870385      0.86143653        0.05123928    1.63537822e+04
    -0.42404165     -0.12170124      0.00502354       1.48613736      -5.17812416      0.25131665        0.03488319    5.22011789e+04
     0.58991376     -0.14057421      0.00507736       1.59933612       6.71154685     -0.23130094        0.03748249    1.76910855e+04
     0.57227387      0.29433378      0.00155782      -3.29522911       6.40692169     -0.57641958        0.06213306    1.59534156e+04
    -0.60450268      0.67978997      0.00808720      -6.74151697      -5.99488852      1.47103469        0.07187181    1.84519884e+04
     0.13196118      0.84628638      0.00634816      -8.60550549       1.34185385     -0.69949522        0.01106036    1.42524063e+04
     0.29278338      0.82679065      0.00514096      -8.32651199       2.94858721     -1.03706607        0.00355902    3.84812655e+04
     0.06653940      0.08126360     -0.00888789      -1.28939111       1.05576553      0.66536894        0.09943303    1.99081512e+04
    -0.46350679     -0.44868190     -0.00986244       5.01980051      -5.18565965     -0.79613680        0.02327283    1.29851675e+04
     0.13565886     -0.68039755     -0.00575105       7.45095879       1.48558525     -0.95006350        0.00538305    9.13899913e+04
    -0.12210679     -0.06543858      0.00327047       0.97720429      -1.82343924     -1.44360426        0.01898753    1.61303932e+04
     0.30741977      0.40657877     -0.00177605      -4.82109716       3.64529747     -0.48290984        0.00389578    2.16505202e+04
     0.32670102     -0.80842827     -0.00195187       8.16132646       3.29814505     -0.08271502        0.03918109    9.74729075e+04
    -0.24320220     -0.27921747      0.00769174       3.51908691      -3.06517230      0.24309173        0.08024018    2.61777100e+04
    -0.55833284      0.47283673      0.00791126      -5.09126529      -6.01184383      0.95130624        0.03412444    1.13087511e+04
    -0.21286107     -0.41217962      0.00818351       4.98414321      -2.57395075      0.52689792        0.04441834    1.43747974e+05
    -0.00684728      0.10988125     -0.00372244      -1.72446795      -0.10746073     -0.19087222        0.06755868    2.64152619e+04
    -0.27654223      0.40586432      0.00382112      -4.85093224      -3.30526129     -0.19819568        0.05088941    1.49601288e+04
     0.85804559     -0.48952172     -0.00456734       4.67624541       8.19663675      0.51015747        0.08614457    1.15993046e+04
    -0.22539627      0.86644886     -0.00618780      -8.65142584      -2.25056460      1.27257016        0.08660357    4.67475262e+04
    -0.96221525      0.18362588     -0.00630735      -1.76114708      -9.22856041      0.12631420        0.00099107    2.58981497e+04
     0.53857152     -0.44474123     -0.00315785       4.86022078       5.88561678     -0.46913085        0.07780463    2.11921195e+04
    -0.08696731     -0.31964494     -0.00140085       4.10452042      -1.11673632     -0.99286600        0.04607336    8.69214941e+04
     0.68442226      0.28200294      0.00661898      -3.02475347       7.34108885     -1.44520526        0.09888405    4.56019723e+04
     0.40539513      0.53854630     -0.00760218      -5.94915362       4.47827400      0.66626967        0.04832321    1.17668950e+04
     0.91777395      0.04525550      0.00469852      -0.44684531       9.06194745      0.57797852        0.09868959    1.44635090e+04
    -0.21306156     -0.22953725      0.00062910       2.97460638      -2.76109553      0.57736353        0.07545694    1.32626742e+04
    -0.66131632      0.22561440     -0.00424109      -2.46525585      -7.22610759     -0.12865945        0.02486049    3.79516478e+04
     0.25748775      0.28939372     -0.00014361      -3.61893165       3.21994046      1.40693475        0.05383950    1.03433700e+04
     0.55001618     -0.14885606     -0.00400116       1.72042715       6.35689785     -0.48411849        0.09921356    2.29458206e+04
    -0.84382722     -0.15909964      0.00192164       1.61616302      -8.57174992      0.95526924        0.08575306    4.07887066e+04
     0.03512758      0.68904585     -0.00132312      -7.55854185       0.38533470     -0.03874289        0.00973669    7.57564167e+04
    -0.61309288     -0.00232507     -0.00671189       0.02637670      -6.95520582     -0.60835076        0.07063720    1.51208366e+04
    -0.26877560     -0.56765831     -0.00766834       6.39813064      -3.02939526      0.59253031        0.03455796    5.34887307e+04
     0.60153221      0.31241922      0.00093391      -3.44550015       6.63396872      0.40963612        0.00069823    1.12299668e+04
    -0.13697396      0.87535974      0.00804826      -8.77874073      -1.37367392      0.35697276        0.04034810    6.17237349e+04
     0.33088868     -0.88464534     -0.00312085       8.62877600       3.22746778      0.08127842        0.02347544    1.14444468e+04
    -0.94619111      0.24506546      0.00466000      -2.35286877      -9.08436268     -0.03789308        0.08188693    1.64830025e+04
    -0.84935900     -0.25591537      0.00317323       2.56521733      -8.51371444      2.38837199        0.03373306    4.74658937e+04
    -0.51231195      0.23009424      0.00863110      -2.66868624      -5.94191251      1.18425665        0.08275237    1.17428539e+04
     0.79818152      0.22592248      0.00641962      -2.32633326       8.21890864      0.72282689        0.00005979    1.29359225e+04
     0.33405278      0.57097449      0.00133211      -6.34228746       3.71060146      0.11179916        0.03078192    3.50914184e+04
    -0.47539356      0.16932687      0.00314061      -2.01217255      -5.64927381      1.00715720        0.02411652    3.48233273e+04
     0.23258886      0.88700282      0.00796773      -8.76602599       2.29861723      0.51799478        0.02335674    2.73774702e+04
     0.18644016      0.06055092     -0.00200962      -0.84735981       2.60907507      0.02620475        0.00681866    3.19497964e+04
     0.52707800     -0.78990554     -0.00346411       7.68586709       5.12852647     -0.30356433        0.01871243    2.16121449e+04
     0.67458371     -0.08008926     -0.00978378       0.88267782       7.43470580     -0.08091734        0.05555496    1.33205646e+04
     0.21374476     -0.76909990      0.00653102       8.03460546       2.23294113     -3.17042574        0.02913611    1.52030913e+04
     0.49277140     -0.64539156      0.00601961       6.69971483       5.11538737      0.21060084        0.04173948    1.21918768e+04
     0.04767226      0.94490481     -0.00791091      -9.20947003       0.46463543     -0.48847608        0.03768669    9.93700493e+04
     0.77362355     -0.19538751      0.00153715       2.04147946       8.08309912      1.59267000        0.08759049    2.36718818e+04
     0.25647521      0.74037426     -0.00072037      -7.78679544       2.69744654      0.01934407        0.09052990    1.65794285e+04
     0.24624160     -0.07757008     -0.00762582       1.03700689       3.29191677     -1.18896342        0.04929570    1.84292984e+04
     0.71962415     -0.02343300      0.00961136       0.25363450       7.78907852     -0.04988015        0.03301560    1.60798865e+05
    -0.09230289     -0.37636309     -0.00570608       4.70617153      -1.15418658     -1.04612109        0.01068007    1.17899209e+04
     0.85271966     -0.10150341     -0.00865532       1.03106849       8.66190006      0.47340742        0.09534029    2.38303773e+04
    -0.64846029     -0.30285503      0.00189695       3.28436467      -7.03234181      0.29094736        0.00602269    2.00332469e+04
    -0.04941700      0.82327744      0.00477733      -8.49611439      -0.50997693      0.95783963        0.02976503    2.53382461e+04
    -0.18835184      0.07871776     -0.00935113      -1.09394195      -2.61752848     -0.79088179        0.02980662    1.01825640e+04
    -0.24230822     -0.16148915      0.00317435       2.11751130      -3.17724377      0.03400810        0.03204013    7.32078730e+04
     0.75868798      0.37512122      0.00064584      -3.83255802       7.75140285     -1.36502180        0.01642868    1.29528812e+05
    -0.19299024     -0.18665236     -0.00793470       2.47959998      -2.56379600      0.70149478        0.07831614    2.27005404e+04
     0.26507500     -0.03149557     -0.00654952       0.41879441       3.52468359      0.51887118        0.01224979    3.22252484e+04
     0.04043867      0.10233860      0.00135949      -1.60628148       0.63471539      0.49580502        0.06349067    1.15306190e+05
     0.25863392     -0.94319134     -0.00407285       9.05295771       2.48242519      0.00161903        0.01238460    3.33518156e+04
     0.71895637     -0.46969149      0.00876631       4.77101477       7.30298830      0.41477289        0.00705356    1.17787524e+04
     0.55755102     -0.20588411      0.00637480       2.35460461       6.37646192      1.60433911        0.09094295    2.32842682e+04
     0.52755794     -0.13497483      0.00967134       1.57691443       6.16347282     -0.28509426        0.01901288    2.50405592e+04
    -0.58598968     -0.07949418     -0.00480658       0.91031040      -6.71033371      0.13864518        0.08212502    1.72380911e+04
     0.87121311     -0.12506498      0.00939447       1.25771283       8.76133270     -1.08612630        0.05446309    3.69112372e+04
     0.03734043     -0.81238926     -0.00137532       8.42846876       0.38740373     -0.86826096        0.00778565    1.33374848e+05
     0.22676106      0.36575263     -0.00304962      -4.48739734       2.78211806      0.09781329        0.09554482    1.19492626e+05
    -0.41287680      0.06034968     -0.00899301      -0.74468292      -5.09467953      1.10393355        0.02469612    1.80613319e+04
    -0.06200548     -0.30749141     -0.00894469       3.98379479      -0.80333015     -0.25628082        0.08596453    1.12626014e+04
     0.01357880      0.81247667      0.00384023      -8.43192962       0.14092153     -0.23591653        0.01688100    3.99884625e+05
    -0.55468164     -0.67579653     -0.00084142       6.81488182      -5.59353244     -0.40688524        0.08539429    5.90002197e+04
    -0.25759869     -0.44574583     -0.00546957       5.27404075      -3.04789396     -0.53475667        0.00132288    1.14079205e+04
     0.07546302      0.12349208      0.00227941      -1.82799029       1.11704062      0.29497146        0.05117805    1.13165011e+05
    -0.26301882     -0.11398583     -0.00494284       1.49840539      -3.45752452     -1.49725765        0.07694426    7.20447592e+04
     0.13327334     -0.97472984      0.00155264       9.32957733       1.27561902      1.28093958        0.09347955    2.05613105e+04
    -0.54353524      0.00377151     -0.00281583      -0.04408152      -6.35285179     -0.66542230        0.09092021    2.41174625e+04
     0.87451889      0.06663227      0.00647104      -0.67106048       8.80737046      0.72190349        0.08196249    1.65292720e+04
     0.78908244      0.04486053      0.00641392      -0.47034619       8.27324047     -1.26999860        0.08881913    1.05732166e+04
    -0.38497987      0.48345645     -0.00045299      -5.47290094      -4.35811066      0.66884013        0.01992197    1.49665931e+04
     0.40562940     -0.20285969     -0.00298362       2.46398309       4.92687317      0.67194461        0.02841843    4.87388610e+04
     0.04653907      0.34528327     -0.00274880      -4.39681957       0.59262611      0.38420207        0.02889685    1.00460683e+04
    -0.52096677     -0.58617966      0.00611429       6.16313349      -5.47748072     -0.99442852        0.03770539    1.49290314e+04
     0.15363043      0.86662072     -0.00343641      -8.71519547       1.54498870      0.24954819        0.03933207    1.65067440e+04
    -0.34926038      0.72244131     -0.00581881      -7.53267051      -3.64162923     -1.18305618        0.05445553    2.13685097e+04
     0.42075631     -0.59436207     -0.00830623       6.40964698       4.53746890     -0.25276326        0.01598798    1.11928262e+05
    -0.02712376     -0.20301607     -0.00066614       2.81971759      -0.37672559      1.02941310        0.06912467    1.52179793e+04
     0.81255483      0.55519675     -0.00035736      -5.31321816       7.77612808      0.79670193        0.01675665    1.52319136e+04
    -0.80552109      0.38710459      0.00681817      -3.86809228      -8.04906480      0.01518294        0.03103085    3.70543614e+04
     0.53206714      0.09862352     -0.00557523      -1.15390314       6.22522816     -0.97480658        0.05033451    1.81059628e+04
    -0.98280714      0.11857678     -0.00238017      -1.13159316      -9.37905253      0.64558771        0.07964406    1.28594005e+04
    -0.40563399     -0.66131888      0.00616811       6.97991163      -4.28127711      0.01938124        0.07394692    1.81131568e+04
     0.56121464      0.51716611      0.00647247      -5.48992187       5.95751432     -2.32031560        0.06455344    1.16204543e+04
    -0.20922038      0.83922584     -0.00230778      -8.50023288      -2.11912201      0.78262983        0.01557733    1.21156773e+04
    -0.72164460      0.53944309     -0.00081752      -5.37180749      -7.18618133     -0.02423283        0.05470453    1.97388197e+04
     0.70885992     -0.39242352     -0.00393428       4.07702040       7.36458501      1.20245125        0.00874465    1.70863120e+04
     0.35758330     -0.01516346      0.00865110       0.19221994       4.53291409     -1.09527052        0.03773632    1.06041662e+05
     0.55860454      0.16195207     -0.00762712      -1.86234127       6.42358114     -3.17670381        0.04135165    1.55950273e+04
     0.06657827     -0.96106762      0.00867499       9.28976058       0.64355118      0.27908386        0.00398114    2.35173746e+04
    -0.32815512      0.34195004      0.00367733      -4.11715553      -3.95106156      0.29156368        0.02739881    2.67337967e+04
    -0.47600519      0.38155744      0.00063144      -4.33425658      -5.40712467     -1.69067163        0.09556495    1.01313377e+04
     0.01761265     -0.65708955     -0.00934682       7.31225580       0.19599796     -0.97849955        0.09536326    2.91461913e+04
     0.57769724     -0.32507059     -0.00048808       3.60867442       6.41313396      2.75521774        0.03523271    1.21396881e+04
     0.74598537     -0.23758241     -0.00184504       2.49946830       7.84808424     -0.30561061        0.00431001    2.06014020e+05
    -0.85931846     -0.45237995     -0.00677562       4.35647383      -8.27534110      0.73095898        0.01790949    1.17257502e+04
    -0.30583457      0.38361169      0.00312819      -4.58598062      -3.65617479     -0.65065983        0.03922178    1.69628920e+04
     0.08147669     -0.33891433      0.00942302       4.31537645       1.03743797     -2.09030290        0.09477797    1.09229472e+04
    -0.00279594      0.44436772      0.00124378      -5.41877732      -0.03409473     -0.17025825        0.01411991    7.63679951e+05
    -0.86647236     -0.36898583      0.00429507       3.60377713      -8.46258309     -0.26560456        0.07635158    1.98875581e+04
    -0.50669798      0.62375313     -0.00863099      -6.50013096      -5.28029938     -0.39987824        0.01086825    2.43564518e+04
    -0.29599945     -0.44529890     -0.00164666       5.22432834      -3.47271980     -0.11464084        0.09812576    1.07112909e+04
     0.05445877      0.90165469     -0.00767283      -8.96889764       0.54170970      0.26426827        0.03816165    3.88290503e+04
     0.33300268      0.86630203      0.00225592      -8.51629909       3.27362777     -0.15011695        0.07752345    1.26231791e+04
     0.80130324     -0.45213654      0.00876964       4.46183138       7.90752262     -1.26400617        0.03425911    9.01499842e+04
     0.76909377      0.57220740      0.00323555      -5.54367613       7.45115630      0.48618479        0.06276689    1.25484408e+04
    -0.50188416     -0.01879663     -0.00846394       0.22359703      -5.97020781     -1.94937176        0.01920161    1.23271251e+04
     0.15824577      0.85440049     -0.00290668      -8.63764067       1.59980027     -2.05035746        0.01460210    1.03754262e+04
     0.65842998      0.16434553      0.00101327      -1.81183299       7.25888397      0.73918049        0.09380641    1.87739230e+04
     0.89420619      0.20589766     -0.00193584      -2.03424080       8.83463538      0.50702027        0.09176473    2.26856508e+04
     0.38642838      0.76102811      0.00667288      -7.74939282       3.93492082     -0.05739537        0.08874689    1.06957769e+04
     0.59003932     -0.65444713      0.00629342       6.57827697       5.93087195     -1.39544850        0.06254335    4.30611927e+04
    -0.16415951      0.79322979      0.00223662      -8.24187447      -1.70566223     -0.70791094        0.08082682    1.81407853e+04
     0.40098069     -0.12900874     -0.00253084       1.58913073       4.93928365     -0.26274675        0.00690369    2.07963490e+04
    -0.64328279     -0.36223496     -0.00489327       3.88878985      -6.90599151     -1.59589397        0.03347890    1.77416674e+04
    -0.91464282      0.38483536     -0.00788251      -3.66832577      -8.71855400     -0.73902866        0.03137031    1.65770245e+04
    -0.84816916     -0.46690163     -0.00290205       4.50266985      -8.17950818      0.65233034        0.06356453    2.24237333e+04
    -0.20664032     -0.02176041     -0.00173655       0.30149660      -2.86305962      1.42730536        0.03559578    1.18159711e+04
     0.02237521     -0.40535684      0.00351646       5.02692907       0.27748039     -0.41943475        0.01485068    1.21967410e+04
    -0.07359177      0.35540544      0.00316320      -4.49464562      -0.93068050      0.75648835        0.05964671    6.81049361e+04
    -0.51393803      0.67959371     -0.00859784      -6.92492101      -5.23692343     -1.91406007        0.08143839    1.57863931e+05
     0.71138324     -0.55831821     -0.00209481       5.55100249       7.07283066      0.65945124        0.03821235    1.58623459e+04
     0.43616970     -0.15253643     -0.00636442       1.84594266       5.27837342     -0.80394841        0.01322687    1.36618970e+04
     0.55523069     -0.44449024     -0.00686375       4.82996302       6.03330157      0.30734562        0.01966882    2.75907392e+04
    -0.80194749      0.44450337      0.00654604      -4.39310702      -7.92579173     -0.24775242        0.02374833    1.67967527e+04
     0.16233624     -0.84050490     -0.00916170       8.54861240       1.65109047      1.32041401        0.02998976    1.02578042e+04
    -0.72824282      0.10908529     -0.00161634      -1.17208707      -7.82473989     -0.87443565        0.06427951    1.18285952e+04
    -0.76824908      0.01187621     -0.00663593      -0.12577466      -8.13612234      0.62760630        0.06009455    3.43421343e+04
     0.20029477      0.68428251      0.00758660      -7.42977968       2.17475385     -0.27950746        0.06960799    2.87632964e+04
    -0.45847665     -0.29554629      0.00114081       3.45150657      -5.35427175     -0.15830548        0.03625020    1.02756445e+04
     0.29359680      0.69197031     -0.00537239      -7.38385168       3.13290202     -0.18385389        0.08239977    1.28164451e+04
    -0.40698241      0.72336064      0.00004855      -7.44691310      -4.18983623     -0.84567310        0.02040877    1.29662005e+04
     0.57291247     -0.73830497      0.00462973       7.23582617       5.61488167     -0.01409897        0.04690407    2.98662425e+04
     0.21253585      0.76884320      0.00916236      -8.03402656       2.22089319     -0.06264822        0.08009387    1.01990178e+04
     0.78666749      0.37719465     -0.00559108      -3.80704100       7.93986716      0.24124025        0.01801586    1.11491110e+04
     0.36306700      0.16808922      0.00772364      -2.08998956       4.51430631      0.08450515        0.01098631    4.80577288e+04
     0.63289687     -0.24697982      0.00868608       2.72193737       6.97508661      0.79799455        0.08836840    1.21471144e+04
    -0.09650900     -0.00419909      0.00832841       0.06798169      -1.56244485      0.92350862        0.03429297    2.82660460e+04
    -0.41836451      0.26767518      0.00270829      -3.19172213      -4.98852097     -1.05062332        0.06838701    1.30855960e+04
     0.31813246     -0.79072970      0.00259641       8.05631078       3.24127701      0.86877250        0.00253486    1.10919710e+04
     0.51139420     -0.85456768     -0.00193579       8.13176761       4.86624863     -1.18633643        0.06900469    1.31707270e+04
    -0.15550125      0.27385664      0.00504796      -3.54574781      -2.01334612      0.58785589        0.03161013    3.50931695e+04
    -0.21980491     -0.59428959      0.00062588       6.68212625      -2.47146201      0.61973878        0.00557409    6.54191254e+04
     0.11836416     -0.88660075      0.00354876       8.85606801       1.18231466     -1.91131689        0.06098128    5.61538013e+04
    -0.25471412     -0.37303666     -0.00143084       4.53456074      -3.09625510      0.09297925        0.02408038    1.64802121e+04
     0.43186092      0.60710880      0.00462993      -6.49776432       4.62212118     -0.46849611        0.03868072    2.95337465e+04
     0.60877177     -0.60205334      0.00648943       6.12291701       6.19124379     -0.75876526        0.00805808    1.25460196e+04
    -0.76128809     -0.19085569     -0.00707127       2.00610159      -8.00196884      1.35085233        0.01471633    1.40887982e+04
    -0.08785870      0.42462405      0.00665859      -5.20225670      -1.07639566     -0.65367914        0.02979772    8.87882309e+04
    -0.53155336      0.26988070      0.00080593      -3.08412582      -6.07445218     -0.80637693        0.00897595    1.01303975e+04
     0.86076629      0.20705839      0.00689332      -2.07720810       8.63520054      0.07569494        0.09108263    1.09248240e+04
     0.51684846      0.53581170     -0.00137397      -5.73617640       5.53316383      0.68558975        0.00060470    1.25914040e+04
     0.00705283     -0.07197132     -0.00241919       1.25816451       0.12329383     -0.14164859        0.04838602    1.02697544e+04
     0.87234784      0.00006377      0.00830121      -0.00064367       8.80495235      1.16637055        0.01232475    1.21894892e+04
    -0.16267801      0.09405967     -0.00497661      -1.32603227      -2.29339833      0.53097566        0.03076791    2.36524683e+04
    -0.85493585     -0.12173119      0.00688425       1.23375575      -8.66484617     -2.17821132        0.09260596    1.71588484e+04
     0.42372503      0.15145185     -0.00031959      -1.84239000       5.15455413     -0.52946696        0.01616946    8.60178012e+04
     0.96484208     -0.16478242      0.00028191       1.58100540       9.25717991     -0.56184210        0.09658323    5.24298966e+04
     0.09065174      0.59976913     -0.00383063      -6.82323270       1.03129335      0.47936095        0.02057944    1.51148543e+04
    -0.19097241      0.53894448      0.00146084      -6.22366747      -2.20532693     -2.62481706        0.07415661    1.34558570e+04
    -0.12829036      0.36390883     -0.00349578      -4.55385776      -1.60539126      2.54900971        0.05466773    1.60229573e+04
     0.06784999      0.54863521     -0.00921461      -6.38715480       0.78990267      0.53102609        0.08844787    2.40611341e+04
     0.93625616      0.00867026     -0.00456003      -0.08490153       9.16807584      0.14887680        0.05539933    1.36125356e+04
    -0.12917906     -0.98977124     -0.00987242       9.40798030      -1.22787369      1.18156772        0.05345592    2.61716675e+04
     0.59376461     -0.12551141      0.00956710       1.42768472       6.75403675      2.34365405        0.01954580    1.68156968e+04
     0.10771295      0.66106622      0.00931494      -7.31639610       1.19212046      0.87074664        0.01662294    2.20520154e+04
    -0.44149826     -0.72605112     -0.00209689       7.40624642      -4.50360151      0.94881310        0.09164892    1.75983610e+04
    -0.04791141     -0.94015971      0.00456742       9.18396595      -0.46802341      0.13069002        0.03278382    1.41147464e+04
     0.44646376     -0.62746669     -0.00308388       6.63987582       4.72449603     -0.14152575        0.03720823    1.63850551e+05
    -0.55322746      0.29234411      0.00342186      -3.29840512      -6.24185056     -0.47579544        0.07598237    4.09785239e+04
    -0.20971507      0.60715849      0.00610860      -6.80095093      -2.34907683     -0.82611199        0.03388235    1.16105188e+04
    -0.38002239      0.74242921      0.00893512      -7.62888671      -3.90494843     -0.68701410        0.09520624    7.13181791e+04
    -0.01320124     -0.05517237     -0.00199575       1.03763196      -0.24827690     -1.35055596        0.07379278    1.93257959e+04
     0.32066824     -0.71886106      0.00566596       7.54809809       3.36704193     -0.07587145        0.05974292    8.74177107e+04
     0.24837956      0.54203377     -0.00468143      -6.19397702       2.83830530     -1.68466758        0.08808952    4.80438244e+04
    -0.61388331      0.64602215      0.00980665      -6.46301026      -6.14148313      0.19091652        0.00496059    1.72700049e+04
     0.24887129     -0.17622066     -0.00948461       2.29355012       3.23911369     -0.03633061        0.02570627    1.02275070e+04
     0.26745633     -0.71879717      0.00207058       7.61723916       2.83428889      0.14693530        0.04650363    1.36238035e+04
     0.69038588     -0.06588044      0.00319012       0.72153508       7.56123668     -0.52213157        0.02269785    2.15618486e+04
     0.02139030     -0.80116664      0.00376091       8.35729497       0.22313095      3.07686037        0.07439052    2.68199651e+04
    -0.19944090      0.15835694     -0.00759225      -2.12169631      -2.67214700      1.36011590        0.09192080    1.34283850e+04
    -0.64137146     -0.41064150      0.00877060       4.36228547      -6.81335284     -1.24454250        0.04237701    1.16004236e+04
    -0.39746721     -0.63521997     -0.00637633       6.78550405      -4.24579755      0.23286809        0.03421326    5.76637867e+04
     0.65962319      0.35434071      0.00245507      -3.78605545       7.04793421     -0.60800614        0.09615507    3.93053316e+05
    -0.74668035     -0.21437380     -0.00554648       2.26154879      -7.87714741     -1.01447973        0.04448524    2.08521559e+04
    -0.20793931     -0.79575699     -0.00385567       8.22078582      -2.14817402     -1.34007207        0.04890484    1.20476483e+04
     0.44540611      0.77884684      0.00092917      -7.76965101       4.44329989      0.43221669        0.03516499    1.36908330e+04
     0.09935834     -0.50985159     -0.00165613       6.02068684       1.17329324     -0.68138024        0.09095485    1.01854440e+04
    -0.78537320     -0.45633141     -0.00679549       4.52840400      -7.79364971      0.96782602        0.05689555    1.05436094e+05
     0.67430395     -0.20873397     -0.00658127       2.27358845       7.34470626      0.99378221        0.07621746    1.13195617e+04
     0.26779082      0.07311877     -0.00163710      -0.96615943       3.53847056      1.37391439        0.08118067    2.32965184e+04
    -0.02326527      0.24085194      0.00514566      -3.25383486      -0.31430655     -0.85238677        0.03418490    1.37233447e+04
    -0.46437982     -0.34436856      0.00795929       3.96591493      -5.34802266      0.47536561        0.04336943    2.21550787e+04
    -0.25549707      0.84830314     -0.00831745      -8.50766816      -2.56239095      0.63245422        0.08484718    2.81615719e+04
    -0.18647949     -0.82030868     -0.00213792       8.40098154      -1.90978196     -0.47417818        0.03632554    5.60049598e+04
     0.05022014     -0.88661880     -0.00799509       8.88315555       0.50316253     -0.77177196        0.07939351    1.25684519e+04
     0.57510124      0.43188844     -0.00966815      -4.67633492       6.22699240      1.60952067        0.09409923    1.01100568e+04
    -0.66096271     -0.05768269      0.00323437       0.64017901      -7.33555357      0.22749588        0.06232104    1.15676044e+04
    -0.38339651     -0.02143922      0.00204899       0.26851206      -4.80178788      0.63596775        0.07416273    9.17586555e+04
    -0.39027289      0.41938029     -0.00673962      -4.84066960      -4.50469932     -0.82207601        0.08050973    7.41571173e+04
     0.60115539     -0.26950244     -0.00532374       2.99715160       6.68548232     -1.21928447        0.08450396    2.44761475e+04
     0.13929361     -0.26305459     -0.00952584       3.43710013       1.82002559     -0.56944977        0.03950533    2.46616235e+04
    -0.15295306     -0.44409156      0.00669894       5.35669151      -1.84494022     -0.12402139        0.00512635    2.92728314e+04
    -0.17191499     -0.75410247      0.00949381       7.96776010      -1.81643400     -1.06422001        0.04018763    1.21009349e+04
    -0.83301326      0.20433312     -0.00729081      -2.07661102      -8.46580595     -0.00984481        0.06737562    1.05560758e+05
     0.87857310     -0.47587480     -0.00537050       4.52108153       8.34694469     -1.68850519        0.04503504    1.70818355e+04
    -0.32952264     -0.90803533      0.00736819       8.76615393      -3.18120465     -1.12004742        0.07489632    1.61110280e+04
    -0.10555676     -0.79462127      0.00852928       8.28844814      -1.10102986      0.67091125        0.03569824    2.05646446e+04
     0.41900093     -0.49566751     -0.00160745       5.53594797       4.67968403      0.60379052        0.06347441    1.04876364e+04
    -0.12017571      0.78850185     -0.00898755      -8.23971978      -1.25581719     -0.39187677        0.01864198    1.19706079e+04
     0.31107287     -0.82999114     -0.00921216       8.32234580       3.11913689     -1.01776431        0.07493694    3.71268676e+04
     0.11603651      0.32383903      0.00147900      -4.13251043       1.48074205     -1.02740355        0.05456960    1.08928983e+04
    -0.36100411      0.52875412     -0.00214210      -5.92819235      -4.04744228     -0.37326825        0.02040644    2.48213230e+04
    -0.46951130      0.78699519     -0.00942695      -7.77983159      -4.64134835      0.64451849        0.02919112    1.32082184e+04
     0.61391149     -0.08334050      0.00166505       0.94281975       6.94509684      0.92824569        0.07486087    1.62708156e+04
     0.46924368     -0.59302836     -0.00977395       6.31507387       4.99690860     -0.49653174        0.04826012    1.40018135e+04
    -0.23154548     -0.73085980      0.00574744       7.74606264      -2.45404906     -1.15349243        0.02160314    1.54348615e+04
    -0.06170205     -0.42505189     -0.00387134       5.21684074      -0.75729522      0.26784364        0.09672712    3.47048031e+04
    -0.55666235     -0.22882847     -0.00919484       2.60855803      -6.34574026     -0.82353497        0.07151250    1.41673260e+04
     0.54670328     -0.18875065      0.00176704       2.17352389       6.29546237     -0.51825264        0.09571348    2.27655910e+04
    -0.16180926      0.00380434     -0.00204631      -0.05510851      -2.34391779      1.32527609        0.04271050    1.89139568e+04
    -0.11372735      0.10610304      0.00947601      -1.54864180      -1.65992348      0.82711543        0.04751003    2.91574478e+04
     0.47388704      0.77918426      0.00088397      -7.71884948       4.69447723      0.15797431        0.08979552    1.37857717e+05
     0.11785326     -0.50909863     -0.00449522       6.00381353       1.38984656     -1.27191900        0.05250493    3.63962443e+04
    -0.07024022     -0.71634145      0.00418878       7.75434018      -0.76034491      0.21139657        0.07072789    1.27031064e+04
    -0.40851107      0.36310368     -0.00457016      -4.23851894      -4.76856061      1.06265729        0.02521729    1.03185470e+04
     0.95776020      0.15288767      0.00808487      -1.47320202       9.22882993     -0.37563367        0.04467265    1.35069682e+04
     0.27013536     -0.43165223     -0.00250556       5.11951659       3.20388120      1.35111409        0.01234499    2.43384298e+04
     0.65379602      0.04698482      0.00099737      -0.52328092       7.28147972      1.29274529        0.02059800    1.05364258e+04
    -0.26795374     -0.89494751     -0.00898854       8.77234375      -2.62650299      1.66373283        0.00009434    1.96619167e+04
     0.90159328     -0.17047908     -0.00147758       1.68433849       8.90776879      0.30524313        0.00392651    2.44423730e+04
    -0.39872390      0.16468353      0.00664727      -2.01956635      -4.88967753      0.58739170        0.09772838    1.49454815e+04
     0.08446102      0.89191347      0.00611298      -8.90308929       0.84309076      1.41418729        0.02423537    4.22302793e+04
    -0.18937445     -0.64986476     -0.00551363       7.16994082      -2.08936334      0.44739394        0.06633107    1.11798332e+04
     0.28450520     -0.63405494     -0.00547842       6.93986544       3.11396962     -0.50123411        0.08390997    1.08036442e+04
    -0.34991226     -0.10507799      0.00634611       1.32737961      -4.42020613     -0.44854284        0.05506605    3.58303336e+04
     0.27783604     -0.05838365      0.00860797       0.76867535       3.65797116      0.23855495        0.01531445    1.96284878e+04
     0.80862642      0.27214448     -0.00809278      -2.77160940       8.23531893     -1.29056142        0.07281164    3.13989855e+04
    -0.70428016     -0.02122754     -0.00099883       0.23134716      -7.67555966     -0.14325892        0.06002514    1.75586171e+04
    -0.13014994     -0.64800594     -0.00325091       7.19973591      -1.44604419      1.09654712        0.07312506    1.32264287e+04
     0.55527473     -0.64898243      0.00741377       6.60661590       5.65267516     -2.19125385        0.07697466    5.28852317e+04
     0.37622824      0.78991469     -0.00832950      -7.96323534       3.79280707      1.53448210        0.09754104    4.79436306e+04
     0.12319263     -0.37911970     -0.00577748       4.71697465       1.53275206      1.12237422        0.05735633    3.20255698e+04
    -0.73872279     -0.25399564      0.00504937       2.67426091      -7.77784019     -0.45976462        0.03416411    1.36878240e+04
    -0.29288935      0.22264301     -0.00897412      -2.80915452      -3.69547393      0.54339083        0.06484646    2.40574507e+04
     0.58653500      0.63824116     -0.00014929      -6.45875319       5.93550691      0.00314773        0.00684407    1.55609123e+04
     0.53714049     -0.60698868     -0.00115786       6.30535582       5.57977770      1.22999037        0.08973973    1.09970624e+04
     0.53814531      0.81670940     -0.00331198      -7.83873754       5.16509286      0.98268314        0.01193810    1.08861832e+05
    -0.09634346      0.24428662     -0.00210855      -3.25684382      -1.28445671     -1.40007072        0.03278428    1.15667170e+04
    -0.05946858      0.23134003      0.00059881      -3.13193288      -0.80509883      0.58726241        0.08157454    1.68733598e+05
     0.36706628     -0.38399144     -0.00677265       4.51176228       4.31289768     -0.20562785        0.05973124    1.79065687e+04
