# x,  y,  z,   vx,  vy,  vz, t_min, cl_mass(M_sol)
    -0.09652043     -0.18285897      0.00296514       2.53566476      -1.33842740      0.05305931        0.05428781    1.58930643e+04
     0.05155282     -0.17069407     -0.00655227       2.42897425       0.73359587      0.86528976        0.08328936    1.70088748e+05
    -0.00033805      0.11498764      0.00744789      -1.78687426      -0.00525324     -0.47687646        0.01250889    3.63205803e+04
    -0.01059511     -0.01057836      0.00226232       0.33880808      -0.33934454      1.67711587        0.01297830    2.45502335e+04
    -0.15565438     -0.07534199     -0.00685592       1.07808174      -2.22728579     -1.46050090        0.05568184    1.18267400e+04
     0.05684135     -0.09917458      0.00924676       1.54319765       0.88447505      1.19126068        0.09463787    1.18264060e+04
     0.21837975     -0.14624030      0.00036731       1.94941617       2.91105141      0.67513706        0.04149978    1.06101108e+04
     0.02895218      0.00221577     -0.00854203      -0.05308903       0.69368281     -1.71603325        0.03269421    7.01825230e+04
    -0.09266186     -0.17912363      0.00253666       2.49446319      -1.29040256      2.71079430        0.06066893    2.46976917e+04
     0.39330506      0.13282724     -0.00493602      -1.64056028       4.85774342     -0.06374529        0.09304486    3.34439047e+04
    -0.08019964     -0.02542406      0.00607387       0.42637336      -1.34498529     -0.87748402        0.08369278    1.02080258e+04
    -0.03878162      0.16094566      0.00635644      -2.32157333      -0.55940855     -1.40708719        0.09954836    2.51324187e+05
    -0.02042916      0.05481644      0.00957895      -1.02099238      -0.38050663     -0.22001803        0.00225686    5.68563707e+04
    -0.13044383      0.17269645      0.00003739      -2.37639567      -1.79497699     -0.12740687        0.01128581    1.26616853e+04
    -0.13750405     -0.13124240     -0.00090086       1.84649859      -1.93459600      0.10264553        0.06094678    1.21952219e+04
    -0.07414291      0.12709422      0.00506951      -1.87515267      -1.09390707     -0.29779616        0.08205764    1.22185229e+04
    -0.01960549     -0.17964396     -0.00735059       2.55020284      -0.27831712      0.63322531        0.02852443    1.43102425e+04
    -0.30455310      0.20829882      0.00093831      -2.62686657      -3.84073399     -0.38762983        0.02392111    2.08120386e+04
     0.08206604      0.03758516      0.00092495      -0.61891950       1.35139173     -1.93496412        0.07869758    1.74710809e+04
     0.00593059     -0.02753816     -0.00821054       0.66795472       0.14385011     -0.14936150        0.00563819    1.40511968e+04
    -0.07572583      0.33135388     -0.00164032      -4.23684267      -0.96826520     -2.36747765        0.03693826    2.53636106e+04
    -0.18151393      0.08159054      0.00706570      -1.13882049      -2.53352650      0.35377063        0.05058092    1.16022595e+04
    -0.14350809     -0.33418169      0.00712307       4.22476078      -1.81424472     -0.97930023        0.05603487    1.40691143e+04
    -0.10198106      0.17890633     -0.00801525      -2.48256746      -1.41512524      0.16336035        0.07286152    1.56911535e+04
     0.28532120      0.10594472     -0.00818558      -1.37932355       3.71467552      1.31407498        0.03548457    1.82318492e+04
    -0.10773614      0.10920687     -0.00474609      -1.59818319      -1.57665977     -0.94874870        0.06126843    4.49083380e+04
     0.25412295     -0.09248571      0.00749532       1.22721039       3.37200564      1.06125626        0.05853754    1.24638089e+04
    -0.24188375     -0.29896161     -0.00742195       3.74333684      -3.02865766     -0.43338957        0.05476161    2.03704195e+04
    -0.09344001     -0.17377294      0.00439994       2.42908275      -1.30614988      1.75319480        0.06404833    2.41832368e+04
    -0.05792258     -0.06348131     -0.00797669       1.05869757      -0.96599291     -0.36515261        0.02594492    1.04820255e+04
     0.03460279      0.10424557      0.00246276      -1.63689733       0.54334409     -0.84049299        0.00846488    2.50921763e+04
    -0.07920488      0.04462931     -0.00287865      -0.73357656      -1.30189882      0.68723845        0.01192717    1.20310722e+04
     0.00061404     -0.10398622      0.00577828       1.65381395       0.00976576     -0.43578973        0.02245824    1.06883406e+04
     0.09633255      0.07126736     -0.00532619      -1.09738171       1.48333794     -0.84144951        0.05001979    1.65007467e+05
    -0.03336018      0.18867506      0.00278404      -2.65085083      -0.46870462     -0.47783985        0.08404428    2.27147346e+05
    -0.03337984      0.20000870     -0.00528635      -2.78270846      -0.46441156     -0.04460653        0.07012933    5.00784666e+04
    -0.13880488      0.06317859      0.00427321      -0.92563545      -2.03364318      1.34218013        0.07890406    1.43177786e+04
     0.21099558     -0.02615843      0.00747356       0.36102937       2.91208562     -1.93408775        0.03509756    1.10704627e+04
     0.05013267      0.02263673     -0.00746396      -0.42995112       0.95219555      0.02308066        0.04046537    3.09972462e+04
    -0.05683330     -0.00670892      0.00733191       0.12582601      -1.06591032      0.62490359        0.03936819    1.77226711e+04
     0.03581068      0.07531967      0.00187151      -1.26607848       0.60195602      0.19344857        0.01918732    1.13742073e+04
     0.17663334     -0.03291707     -0.00745779       0.46776814       2.51004863      1.30986517        0.00612167    1.96165029e+04
     0.07201915      0.06214171     -0.00144916      -1.00988989       1.17041210     -0.07434533        0.05909161    1.03524452e+04
    -0.09346323      0.06472579     -0.00678279      -1.00839934      -1.45611598     -0.18455144        0.09892167    1.00227715e+05
    -0.01104070     -0.14476144      0.00400696       2.14148450      -0.16332728      0.59232955        0.01668297    1.34443330e+04
    -0.08603055     -0.29305427      0.00517736       3.81320024      -1.11942309      0.09931381        0.00466848    2.90610712e+04
    -0.01945331      0.01026424     -0.00788407      -0.27625231      -0.52356722     -0.39040874        0.07795317    1.44632813e+04
    -0.12855466      0.18531976      0.00012280      -2.53265440      -1.75687979      0.51614404        0.02525860    2.06129186e+04
    -0.18674822      0.14000844      0.00629250      -1.90264696      -2.53781791     -0.65252829        0.08296438    2.17980409e+04
    -0.02663552      0.29614180      0.00872326      -3.87009417      -0.34808310     -0.61117715        0.07039367    1.22399906e+04
     0.11223160      0.38934191      0.00027036      -4.82999639       1.39229353     -0.52799402        0.09456735    2.49306812e+05
    -0.02643259      0.00282749      0.00900558      -0.07023138      -0.65655245      1.35306916        0.04089272    4.29888413e+04
    -0.00908449      0.07765834      0.00071378      -1.32830353      -0.15538533     -3.22101636        0.06619698    1.43069606e+05
    -0.08390709      0.34986940     -0.00211619      -4.43118956      -1.06270571      0.39559883        0.04648548    8.76263505e+04
    -0.08940576     -0.13473061      0.00696406       1.95202280      -1.29534099      0.03427181        0.06305887    2.45050578e+04
     0.19096207     -0.03825005     -0.00014035       0.53588154       2.67537001     -1.68087046        0.04495989    1.14489168e+05
    -0.18373878     -0.14001904     -0.00056195       1.90601577      -2.50115269      0.30972678        0.01886322    1.09601962e+04
     0.21039234      0.11051751     -0.00019375      -1.49745008       2.85069775      0.47575199        0.05078974    1.24073025e+04
     0.35935914      0.18476561      0.00693570      -2.29325890       4.46026490      0.58963923        0.05285842    1.04687379e+04
     0.47168754     -0.14861065      0.00663883       1.77361851       5.62943326     -2.65182806        0.08106038    1.47509384e+04
    -0.07492763      0.24470012     -0.00192960      -3.27594531      -1.00310048      1.36638941        0.07355207    1.62546259e+04
     0.09606523      0.06272958     -0.00333400      -0.97528688       1.49357206     -0.73773670        0.06637916    1.36730735e+04
    -0.28792486     -0.20656029     -0.00016144       2.62286971      -3.65602397      0.68656775        0.01133871    5.56948341e+04
    -0.03002147     -0.02951599      0.00145545       0.61392322      -0.62443712      0.74107378        0.07206163    1.54603902e+04
    -0.05938849     -0.08014694     -0.00523326       1.28742173      -0.95397320     -0.87669709        0.05003052    1.38528170e+04
    -0.04034358      0.36750154      0.00587910      -4.63299726      -0.50860113      0.66045995        0.08940995    2.16108336e+04
     0.10600194      0.01009452     -0.00027034      -0.15965231       1.67649988     -0.38549324        0.09198709    1.16213528e+04
     0.09460012     -0.02113604     -0.00331909       0.34189590       1.53024846     -2.07137718        0.00551566    4.85849655e+04
    -0.00041259      0.07352939     -0.00786358      -1.27934837      -0.00717872      1.16774193        0.08206416    1.07968640e+04
    -0.15148113     -0.30209857     -0.00522310       3.86644689      -1.93875046     -0.77504496        0.00376974    4.35124413e+05
    -0.04685649     -0.16767142      0.00898562       2.39630580      -0.66965786     -0.85449346        0.03671696    4.24668702e+04
    -0.18175744     -0.15037710     -0.00389801       2.03999276      -2.46569368     -0.40306587        0.05423000    1.24490914e+04
    -0.03923638      0.09404339     -0.00662281      -1.50291949      -0.62704156      0.27223673        0.01481008    1.00549695e+04
    -0.03629925      0.27224411     -0.00078654      -3.60347326      -0.48046361     -0.05727041        0.07463138    5.18959711e+04
    -0.22538296     -0.15875808     -0.00385825       2.10008743      -2.98141622      0.54806692        0.00083547    3.33098799e+04
     0.08095663     -0.09056279     -0.00929681       1.39034467       1.24286833     -1.33948937        0.01685990    3.59346545e+04
     0.13984890     -0.04863448     -0.00353710       0.71667042       2.06079263     -0.74238637        0.05807968    4.22936065e+04
     0.07390440      0.05800281      0.00088217      -0.94554756       1.20477130     -0.11599707        0.07143876    1.07910277e+04
     0.25978973      0.38138491      0.00103425      -4.61660333       3.14471322      1.89788729        0.09166431    1.55010178e+04
     0.21068715     -0.07624667     -0.00286882       1.04315675       2.88248299     -0.11381254        0.07054967    1.12957383e+04
    -0.03440801     -0.40573526     -0.00105394       5.02890092      -0.42647131      1.08522226        0.06717793    6.87154837e+04
     0.08828202     -0.07983114      0.00931036       1.23107155       1.36139200      0.03855517        0.03943411    2.61141024e+04
     0.08433798      0.27496002     -0.00245303      -3.61258090       1.10808032     -0.48365864        0.00012844    1.48718576e+04
    -0.23762953     -0.14579598     -0.00483546       1.92515315      -3.13776305     -0.24672442        0.01201593    1.06714790e+04
    -0.07344898     -0.23168438     -0.00513066       3.12772642      -0.99155722     -0.16841971        0.05345545    1.44482050e+04
    -0.18952562     -0.40349849     -0.00084471       4.91738912      -2.30972670      0.60364574        0.06751299    1.47477723e+04
    -0.12010515      0.07819222      0.00519040      -1.15969861      -1.78132514      1.37461127        0.04174483    3.60113947e+04
     0.07094051      0.00688348     -0.00588024      -0.12083335       1.24529670      0.35968085        0.07306790    2.71136365e+04
    -0.20344709     -0.11676710      0.00418592       1.58550707      -2.76248029      1.18707768        0.05218623    8.21967003e+04
    -0.00507146      0.26020825     -0.00957700      -3.47411944      -0.06771063     -0.96478974        0.00741762    1.87790880e+04
    -0.18869591      0.06097793     -0.00162134      -0.85163472      -2.63537954     -0.41463051        0.01920163    1.13429909e+04
     0.08987204     -0.02453704      0.00551730       0.40083904       1.46815660     -0.72430253        0.08399982    3.40266072e+04
    -0.14131022      0.10398233     -0.00322534      -1.48400042      -2.01673124      0.31444459        0.07249127    4.05148954e+04
     0.06490231     -0.10255202      0.00127474       1.57471360       0.99659230     -0.35895839        0.08947620    2.25055129e+04
     0.05754235      0.14152983     -0.00590042      -2.07284766       0.84276602      0.72977294        0.01175572    4.22399879e+04
    -0.10482291     -0.19785727      0.00483991       2.70725381      -1.43427753     -0.93100171        0.09902225    1.95640213e+04
     0.26528398     -0.03859434     -0.00895442       0.51283555       3.52505179      0.04303097        0.02094067    2.07256249e+04
     0.08024538      0.05977280      0.00705085      -0.95943053       1.28804179      0.68685791        0.00117799    1.73390041e+04
     0.14637211      0.00765869     -0.00603607      -0.11308277       2.16122707     -2.06530278        0.09974229    1.02581456e+04
    -0.10050083      0.04455723      0.00748796      -0.69951025      -1.57777662      2.12163131        0.02810739    1.11958577e+04
     0.07594345      0.04997128     -0.00294942      -0.82139136       1.24830291     -0.28315188        0.06680195    1.03211412e+04
    -0.00292813     -0.28843525      0.00445367       3.78783623      -0.03845328     -2.02503991        0.01766823    2.70304100e+04
     0.32726265     -0.19479735     -0.00361549       2.44320772       4.10462785      0.15809390        0.05802285    1.45182641e+04
    -0.12533666      0.05515585      0.00811823      -0.82560533      -1.87611324      0.03344347        0.09040350    2.01403778e+04
    -0.01483475      0.27074856     -0.00746726      -3.59106789      -0.19676033     -0.08189438        0.03201812    9.85132471e+04
    -0.33842441      0.14795814     -0.00642960      -1.86557714      -4.26713150      0.99119111        0.06702540    1.32766739e+04
    -0.05452953     -0.32381431     -0.00013940       4.16405016      -0.70121574      0.74744497        0.01879036    1.68429306e+04
     0.08636586      0.00491857     -0.00836123      -0.08188710       1.43786629      0.29787619        0.06247954    3.96818511e+04
    -0.36666898     -0.23093449     -0.00608040       2.82963268      -4.49278287      0.45015563        0.03364504    1.29284184e+04
    -0.10501099     -0.09059511      0.00887533       1.35256625      -1.56779233     -0.10435845        0.02112083    1.08249723e+04
    -0.08339083     -0.09787229      0.00952979       1.48432518      -1.26470022      1.77549085        0.03131821    1.40223729e+04
     0.00239003      0.04763976     -0.00247481      -0.94861521       0.04759086     -1.47919602        0.01788411    1.18992242e+04
    -0.03804510     -0.16556884      0.00846572       2.37687696      -0.54616872      0.13965167        0.09019161    1.25629207e+05
     0.05408165      0.03498824      0.00089649      -0.63270195       0.97797331      0.06502463        0.03971869    5.00097959e+04
     0.03272819      0.09917757     -0.00460515      -1.57572620       0.51998321      0.81328041        0.02452793    2.68146635e+04
     0.08804676     -0.08535538      0.00404797       1.30770314       1.34893687     -0.84385388        0.04484078    7.28576133e+04
    -0.02148824     -0.30276494      0.00317804       3.94351841      -0.27988469     -1.74367260        0.03205362    4.89321431e+04
     0.34952941      0.03026269      0.00978251      -0.38491525       4.44571179      0.15682302        0.07444193    1.22654893e+04
     0.00121180      0.11877371     -0.00469905      -1.83243212       0.01869559      0.28123049        0.09712199    8.59353176e+04
     0.07488138      0.32922812      0.00344119      -4.21431449       0.95852590      1.48959941        0.04380337    2.14568709e+04
    -0.04386930      0.33365791     -0.00895952      -4.27333753      -0.56185791     -1.27036205        0.08610334    4.98419396e+04
     0.00426447      0.27811231     -0.00772708      -3.67368327       0.05633085      1.15469377        0.05658631    8.85978053e+04
     0.07029968      0.02913269     -0.00992163      -0.50203824       1.21146135      2.36741436        0.01572357    1.45947783e+04
    -0.23444488      0.06186166      0.00998921      -0.83545316      -3.16622166     -0.37776489        0.06906227    1.12227325e+04
    -0.04540347     -0.41686525      0.00604547       5.13922046      -0.55974550     -1.29094222        0.05134345    1.29141539e+04
    -0.18734037     -0.14860888      0.00573446       2.01153712      -2.53579815     -0.40697437        0.06506065    1.73261193e+04
    -0.05895118     -0.11197092      0.00019452       1.70392078      -0.89709129      0.01400497        0.08896874    5.25858067e+04
     0.15209067      0.08504835     -0.00399866      -1.21528119       2.17326888      0.56378788        0.04404346    6.76238953e+04
     0.21377806     -0.06725363     -0.00697471       0.92008732       2.92466715     -0.59139473        0.09011776    1.00693031e+04
     0.09359718     -0.15062165     -0.00430651       2.14546279       1.33320315      1.55519853        0.07506690    2.02281668e+04
     0.02304394     -0.06389321     -0.00248058       1.13735568       0.41020248     -1.11453232        0.04886049    1.70426530e+04
     0.05370905     -0.10879546      0.00512620       1.67068366       0.82476635     -1.73920515        0.06032221    1.28186514e+04
     0.27320756     -0.12292317      0.00079324       1.60445583       3.56604419      1.10671042        0.03255811    1.13464454e+04
    -0.32665969     -0.09324521     -0.00845033       1.19238600      -4.17720595     -2.27462103        0.09835973    1.50204057e+04
     0.02252153      0.06973436     -0.00963942      -1.21448422       0.39223198     -0.20412977        0.06673512    1.50332099e+05
    -0.31812299     -0.28686276     -0.00795336       3.52255100      -3.90641320      3.11768113        0.00438469    1.47052531e+04
    -0.00562455     -0.12566937     -0.00179003       1.91479540      -0.08570001     -0.01204355        0.03266219    2.05593253e+04
    -0.01749876     -0.23005482      0.00866386       3.13227860      -0.23825189     -1.12076765        0.06233144    3.28935217e+04
    -0.26897342     -0.03647013      0.00274805       0.48364053      -3.56693172     -0.05739746        0.00563333    1.56248366e+04
     0.27764530      0.12738062      0.00603652      -1.65742311       3.61260389     -0.05080079        0.00238842    2.63603676e+05
    -0.28978252      0.30429463     -0.00067251      -3.74998600      -3.57114551      0.16064994        0.04500242    2.11966896e+05
     0.10680304     -0.05804731     -0.00276668       0.89102144       1.63941790      0.66226298        0.03326902    1.33202701e+04
    -0.29108619     -0.17079023     -0.00783199       2.18637123      -3.72634000     -1.03911117        0.04382986    1.96957410e+04
    -0.06950544     -0.01707153      0.00751866       0.29931814      -1.21865112      1.68754806        0.02626933    1.42423672e+04
    -0.02942436      0.24722742      0.00566320      -3.32453365      -0.39567722      0.24511428        0.01647177    1.39274232e+04
    -0.18050015      0.19600655     -0.00663764      -2.60704520      -2.40079763      0.72679405        0.06891434    1.03790219e+04
     0.18765115     -0.14490467      0.00024521       1.96414212       2.54355851     -0.62814940        0.05145711    2.52186896e+04
    -0.05284022     -0.09125213     -0.00025250       1.44652769      -0.83762252      1.28638214        0.02001542    1.99065282e+04
     0.08119677     -0.33926961      0.00250183       4.31931982       1.03373479     -0.25705241        0.03195894    1.05370077e+04
    -0.07917804      0.02335690      0.00892374      -0.39368462      -1.33455947      0.27755251        0.05918079    1.38094843e+04
    -0.03009455     -0.03214737      0.00159543       0.65809014      -0.61606691     -0.93310608        0.00722293    9.91898442e+04
     0.00258628      0.25464440      0.00080435      -3.41178730       0.03465160     -0.99693163        0.01474530    1.31090166e+04
    -0.04604031     -0.16020172     -0.00899354       2.30791279      -0.66327015      0.68820531        0.00732456    1.16746861e+04
    -0.29690820      0.14521949     -0.00874185      -1.86543558      -3.81397237     -0.44360683        0.08123173    1.94008337e+04
    -0.13146788      0.04963461     -0.00625306      -0.73906275      -1.95756570     -0.85382309        0.07524092    4.13119853e+05
    -0.04870821     -0.06644429     -0.00935058       1.12053157      -0.82142622     -0.64318334        0.07533129    1.31515737e+04
     0.29613801     -0.12533106      0.00486706       1.61721253       3.82122438      0.69895307        0.07163253    2.98876992e+04
     0.17442856      0.07419250      0.00446661      -1.04435533       2.45530733     -0.62903786        0.06693854    4.06509715e+04
     0.03995663     -0.07873305     -0.00727888       1.30386808       0.66170652     -0.11765493        0.04769919    1.30763597e+04
    -0.06737561      0.24699633      0.00672158      -3.30646458      -0.90193674      0.01502775        0.06422782    3.58338409e+04
    -0.16659660      0.06125929     -0.00690428      -0.87243108      -2.37260424     -1.91734889        0.00383616    1.57258741e+04
     0.20659330      0.02862602     -0.00397649      -0.39636857       2.86058220     -1.47112641        0.06214644    2.67367363e+04
    -0.05119565      0.15411001     -0.00502046      -2.23099897      -0.74114222      0.33627789        0.07778777    2.68236324e+04
    -0.31627643     -0.00522934     -0.00255386       0.06765811      -4.09203667     -0.73702936        0.05003584    2.12954870e+04
     0.29735543      0.10954333     -0.00490672      -1.41687349       3.84610400      1.05672491        0.03575133    1.09816119e+04
    -0.25054812      0.01403210     -0.00022098      -0.18845300      -3.36489387      0.96680710        0.02774267    5.77865901e+04
     0.05671228     -0.02795531     -0.00185184       0.50836187       1.03130175      0.71916867        0.06428021    1.46535662e+04
     0.25491751      0.19874499      0.00973139      -2.56234223       3.28655279      1.81977179        0.06928012    1.22647216e+04
     0.02122852     -0.23332251     -0.00888147       3.16877858       0.28830684     -0.08308933        0.08709676    1.04206546e+04
    -0.20692595      0.13191992     -0.00715637      -1.77812613      -2.78911971      0.64888193        0.03423341    2.40954574e+04
    -0.07574285     -0.11171431     -0.00894348       1.67717876      -1.13713541     -0.58440098        0.07697723    3.03756297e+04
    -0.02275058      0.35322996      0.00251682      -4.48609659      -0.28893728      2.45236991        0.05613558    1.01669613e+04
     0.13913973      0.21771082     -0.00890981      -2.91012658       1.85987188      1.98363365        0.08828365    2.02828289e+04
     0.03497449      0.05546669      0.00672879      -0.99767922       0.62908609      0.01188043        0.05278121    1.28904321e+04
     0.13304552      0.06310951      0.00023877      -0.93097668       1.96265640      0.38658623        0.05176298    2.76794437e+04
     0.14161780      0.33094240      0.00054015      -4.19111928       1.79347550      1.35929760        0.05778771    1.20863852e+04
    -0.02114032     -0.03534946      0.00123189       0.74105997      -0.44318191     -0.14713950        0.07493154    3.16484100e+04
     0.32397353     -0.29781899     -0.00658373       3.63850643       3.95804104     -0.65662407        0.09646905    1.62039886e+04
     0.09319977     -0.21865981     -0.00604619       2.96263487       1.26276932      0.87398975        0.00735634    1.37670294e+05
    -0.08663730     -0.20067144     -0.00362365       2.75678907      -1.19020807      0.07843925        0.00534346    1.15760267e+04
     0.08480182      0.07054263      0.00186993      -1.10660065       1.33028427      0.18299445        0.09375503    1.50978876e+04
    -0.02547235      0.10135365     -0.00579764      -1.61005432      -0.40464117     -0.83427134        0.05298756    1.12655593e+04
    -0.15260193      0.38679910     -0.00767337      -4.77594577      -1.88423013     -1.71767215        0.06149030    1.18268570e+05
     0.00003183      0.11766616      0.00940234      -1.81913100       0.00049210      0.23614241        0.04824236    7.60837907e+04
    -0.28277697     -0.02674044     -0.00956036       0.35203610      -3.72273997      0.90496204        0.00936575    1.34293480e+04
    -0.13963767     -0.03172329      0.00605395       0.47057868      -2.07136465     -0.22580675        0.07680894    2.88503875e+04
    -0.04596466      0.05782909      0.00576070      -1.00486606      -0.79870400      1.43642952        0.07472246    5.23697243e+04
    -0.01171978      0.01534877     -0.00405572      -0.43744699      -0.33401933     -0.70391633        0.03117033    2.22048927e+04
     0.08908616     -0.16558929     -0.00728747       2.33418053       1.25577671     -1.05470445        0.03062392    2.10240421e+04
     0.11248858     -0.44633784     -0.00708743       5.40555531       1.36233859     -0.06723031        0.08378414    1.31480988e+04
    -0.04853570      0.12772749      0.00394863      -1.91275257      -0.72683484     -0.08259258        0.00723573    1.10152993e+04
     0.11430786     -0.06878132      0.00285613       1.03511440       1.72025950      0.76996873        0.08811051    8.94803343e+04
     0.12421491     -0.03794453      0.00565491       0.57424411       1.87984089     -0.77496282        0.02566617    9.20927987e+04
    -0.08367730      0.15987423      0.00874962      -2.27014385      -1.18818092      1.36809424        0.05929847    2.67931620e+04
    -0.09549545      0.12403479      0.00383855      -1.80814558      -1.39210674      1.96691696        0.09359942    1.50520687e+04
    -0.35426877     -0.01254651     -0.00688297       0.15930333      -4.49815948     -0.03914403        0.06781225    1.52839174e+04
     0.16388100     -0.06355376     -0.00513115       0.90671088       2.33806291      1.24971042        0.04144298    3.55487456e+04
     0.12580839     -0.12373953      0.00684387       1.76411975       1.79361491     -1.05649707        0.06895342    8.93967877e+04
     0.05884187      0.04421903     -0.00581388      -0.76915366       1.02350594      1.07522154        0.03439796    8.21122961e+04
    -0.36794351      0.29390352     -0.00854955      -3.54324641      -4.43585884      1.04727641        0.02772584    4.38744260e+04
    -0.09898250     -0.03449575      0.00406560       0.54759274      -1.57126867      0.86343728        0.09966833    2.74432243e+04
    -0.05195718     -0.00102275     -0.00194947       0.01978850      -1.00528621     -0.01556309        0.07507902    1.09086772e+04
     0.07981897      0.21683305      0.00840080      -2.95154837       1.08650206     -2.95424894        0.06447200    1.19049380e+04
     0.12972826     -0.15920980      0.00300510       2.21027540       1.80098951     -0.64172714        0.03552896    9.05539930e+04
    -0.06615890     -0.13385461     -0.00819162       1.96921755      -0.97330430     -0.62591602        0.00491608    2.50228189e+04
     0.07938014     -0.12879365      0.00895713       1.88990082       1.16481354     -0.97825494        0.00310569    1.00918875e+04
     0.18273589     -0.22441484     -0.00482885       2.94553370       2.39848092      0.12224300        0.05541813    1.11167538e+04
    -0.00093078     -0.09009756     -0.00325575       1.48432344      -0.01533431     -0.41896345        0.07620327    2.91431974e+04
    -0.28836722      0.11583042     -0.00195479      -1.50295370      -3.74169906     -0.82461201        0.05373792    1.00503620e+04
    -0.17309772     -0.14420337     -0.00897551       1.97110153      -2.36605555     -1.05880015        0.08407851    1.18934344e+04
     0.08028837      0.12715859     -0.00006969      -1.86809348       1.17952058     -0.71551299        0.00334265    2.18936449e+04
    -0.07456625     -0.14331586     -0.00753363       2.07675419      -1.08052090      1.12149921        0.03667521    3.17436379e+04
     0.04584143      0.09624329     -0.00198059      -1.52175374       0.72482329     -0.66102505        0.02370704    2.82041021e+04
    -0.09367993     -0.25491457     -0.00298580       3.38019640      -1.24220660     -0.51493871        0.04472730    1.28539102e+04
     0.02276149      0.17658891      0.00545680      -2.51351628       0.32398050     -0.45669762        0.00723764    3.39049055e+04
     0.09144358      0.08326115      0.00606341      -1.27328507       1.39841623      0.33899351        0.09541316    1.30697871e+04
     0.10434915      0.17716679     -0.00693174      -2.45907474       1.44836603      0.45624949        0.02232554    1.47524328e+04
     0.49237330      0.00616334     -0.00266898      -0.07362431       5.88165980     -3.04465654        0.09223078    3.83180655e+04
    -0.03024776     -0.15201393     -0.00253294       2.22023060      -0.44178189      1.02163521        0.04258932    2.80219242e+04
    -0.04329015     -0.38989469     -0.00697179       4.86487166      -0.54014853      1.43636803        0.09855241    6.27869270e+04
    -0.12955712     -0.01219202      0.00596907       0.18443717      -1.95990139     -1.05018654        0.05540584    2.86563138e+04
     0.02352494      0.03778059      0.00414457      -0.77052958       0.47978768     -0.97229824        0.09308329    2.28637024e+04
     0.08000379      0.04633846     -0.00619236      -0.75843853       1.30945148     -0.45025339        0.00053490    1.10221747e+04
     0.14922311      0.01802212     -0.00266556      -0.26479034       2.19246387     -0.75600402        0.07482388    1.57242259e+04
     0.04881068      0.08342695     -0.00788390      -1.35045707       0.79011300      0.22392687        0.09030507    1.35602477e+04
     0.00216568     -0.00177208      0.00256413       0.13708415       0.16753178     -1.94652529        0.01397206    1.31847804e+04
     0.02054314      0.38596233     -0.00757256      -4.82840865       0.25699576     -1.11792761        0.00961259    2.72334486e+05
    -0.19909615      0.25911417      0.00971868      -3.33472016      -2.56230662      1.53919720        0.04245726    1.63710799e+04
     0.21031031      0.16386585      0.00561364      -2.17934179       2.79703219     -0.92821997        0.09336789    8.55622950e+04
     0.01421218      0.08101523     -0.00219523      -1.36684840       0.23978084      1.24342828        0.05423866    2.66543871e+04
    -0.06755551     -0.00820005      0.00157128       0.14588671      -1.20187634      0.35533820        0.05274565    4.69182213e+04
    -0.03878016     -0.03116998      0.00822684       0.61187690      -0.76126715     -1.80926771        0.01411261    1.99048834e+04
     0.00752548      0.25762863      0.00108199      -3.44507655       0.10063267      0.63532920        0.00007895    2.33173526e+04
     0.37478692      0.14224528     -0.00651003      -1.76803210       4.65839916     -0.11766730        0.08101401    1.95157181e+04
    -0.11902249      0.09716985     -0.00242593      -1.42159053      -1.74129373     -0.45546706        0.00875746    1.23960369e+04
     0.00670494      0.06733197      0.00686290      -1.19990107       0.11948658      0.24495709        0.06338498    3.51157619e+04
     0.03382477      0.17465468      0.00288426      -2.48636205       0.48152513      0.47463349        0.09146165    1.38497372e+04
     0.12700572     -0.03272625      0.00301449       0.49425908       1.91814596      0.70759182        0.02086519    1.02466660e+04
    -0.10290395     -0.09222731      0.00733643       1.37795612      -1.53747437      1.17825285        0.06652728    2.77021795e+04
    -0.20122649     -0.07514040      0.00787946       1.03527977      -2.77248600      0.40813591        0.00786986    1.21262033e+04
    -0.22032722      0.12885699      0.00839585      -1.72581861      -2.95090557     -1.37563409        0.06037551    1.45041043e+05
    -0.05856568      0.02803489     -0.00810302      -0.50574867      -1.05652329     -0.47364546        0.01639317    1.79821481e+05
    -0.03441347     -0.00904477      0.00088252       0.20014763      -0.76152010      2.94304834        0.07359536    1.06062249e+05
    -0.16182485     -0.46248035      0.00481019       5.53032141      -1.93509496      0.72449106        0.03012313    1.57842511e+04
    -0.02967459     -0.09570106      0.00513854       1.53562278      -0.47615967      2.36928730        0.04633910    1.01553984e+04
     0.02084219      0.03888649      0.00213432      -0.79551307       0.42637508      1.39543408        0.05994305    1.23510734e+05
    -0.08848107     -0.00006268     -0.00666425       0.00103751      -1.46449262      0.24180207        0.01712734    1.73581671e+04
    -0.03172288      0.01958869      0.00594841      -0.42592690      -0.68976675      0.30140707        0.07416378    2.32494722e+05
     0.09812140     -0.10379781      0.00440223       1.54049932       1.45625369     -0.03658004        0.03026403    2.17314665e+05
    -0.20312875     -0.22021188     -0.00827728       2.87431225      -2.65133496     -1.73780462        0.06623719    6.43001473e+04
    -0.12643429     -0.02618665     -0.00072380       0.39679570      -1.91580745      0.01804725        0.01582831    1.41144138e+04
     0.11791908      0.10448045     -0.00652045      -1.52121979       1.71688425      1.21067455        0.06881177    1.61615313e+04
    -0.18604547     -0.14550970     -0.00325046       1.97356551      -2.52335689     -0.59963999        0.01281881    6.35426171e+04
     0.13099866      0.11875486     -0.00963838      -1.69244629       1.86693993      0.41195300        0.04253565    1.45720081e+04
    -0.17697343      0.28999312     -0.00199340      -3.70828890      -2.26304884      0.85159105        0.02472061    1.20163107e+04
     0.21405819      0.26836798      0.00099754      -3.42583573       2.73254736     -0.90968044        0.07483752    2.22832908e+04
    -0.00660908     -0.01734973      0.00239165       0.50328653      -0.19171843     -0.45130286        0.02620350    1.36599382e+05
     0.07747855      0.27473218      0.00326981      -3.61395453       1.01918877     -1.01791149        0.08817173    3.21615279e+04
    -0.12628783      0.10201293      0.00672583      -1.47688929      -1.82832839     -0.82216561        0.08918202    2.29547627e+04
     0.38108951     -0.29302392     -0.00569074       3.51784755       4.57510364     -1.28760528        0.01964413    1.10644527e+04
     0.04784628      0.16208610     -0.00759036      -2.32911331       0.68753222     -0.90044846        0.06138459    2.55661074e+04
    -0.47696841     -0.02340962      0.00703074       0.28142232      -5.73394938      1.41945568        0.00877176    5.03862398e+05
    -0.23849478      0.13253849     -0.00686774      -1.75616339      -3.16010692     -0.91547703        0.03915371    1.16101296e+04
     0.10377899      0.01186936      0.00949520      -0.18857214       1.64876827      0.12645922        0.07133217    2.05400537e+04
     0.04940657     -0.17945602      0.00685076       2.53418088       0.69769286     -0.50286875        0.06594232    7.61031192e+04
     0.44118165      0.20438297      0.00001753      -2.44792060       5.28408829      1.17886594        0.06247007    3.75038814e+04
    -0.33235879      0.05423640      0.00962843      -0.69455806      -4.25622781      1.31116230        0.02825409    3.22628086e+04
    -0.05619338     -0.02252603     -0.00805247       0.41510990      -1.03553202      0.86406998        0.03780249    3.28363274e+04
    -0.17263451     -0.18023258     -0.00393868       2.42269062      -2.32055716      0.30613455        0.01029461    1.55254489e+04
    -0.04899916     -0.12071501      0.00276449       1.82569555      -0.74106392     -0.23105954        0.07190228    1.40975309e+04
    -0.00031998      0.01556031     -0.00299986      -0.48940909      -0.01006415     -1.19187470        0.05038888    5.03189071e+04
     0.14577311      0.00915175      0.00856745      -0.13522187       2.15387338      1.94352888        0.07087656    5.05081781e+04
    -0.01673167     -0.09934233     -0.00868748       1.59196634      -0.26812594     -0.75967302        0.02489435    7.06222646e+04
    -0.30212403     -0.06884264      0.00098824       0.89368192      -3.92202848      0.66364635        0.03244382    1.04284146e+05
     0.06596514     -0.10977413      0.00181733       1.66623319       1.00126784      1.05956557        0.03342153    2.02523022e+04
     0.13683126     -0.28431677      0.00305456       3.68003375       1.77106566     -0.55528050        0.00257424    1.98610178e+04
     0.00251330     -0.00378319     -0.00488668       0.22325240       0.14831406      1.03801253        0.03410479    4.76899529e+04
    -0.11967531      0.01124084     -0.00270867      -0.17296950      -1.84151583      0.76421320        0.08033046    2.80476815e+04
    -0.05139610      0.08864074      0.00687361      -1.41471476      -0.82028675      1.72796384        0.08972985    3.27812112e+04
     0.02592503     -0.09701796     -0.00610114       1.55590817       0.41576806     -0.46934647        0.05182183    4.71330704e+04
    -0.04765882      0.01505797      0.00653736      -0.29514253      -0.93413249     -1.28586402        0.04555017    8.41080303e+04
     0.03562147      0.08015464      0.00125311      -1.32966464       0.59091538     -0.50548976        0.00308246    1.50288977e+04
     0.11749361     -0.15152292      0.00524375       2.12860309       1.65055733      0.20885354        0.08792043    1.59191846e+04
     0.08570179     -0.07792371      0.00427215       1.20893141       1.32960282      0.05821273        0.00130102    1.10258704e+04
    -0.14659554      0.03150361     -0.00584977      -0.46308721      -2.15488086     -0.39343790        0.09447501    2.33916673e+04
     0.12334141      0.06353018      0.00137625      -0.94842027       1.84132158     -1.90919746        0.04892162    1.03689571e+04
    -0.26750416      0.22752391      0.00735446      -2.89343690      -3.40186854      0.47048300        0.03419345    1.85508808e+04
     0.12445957     -0.35592725     -0.00135768       4.47189891       1.56372017      1.97234448        0.09242184    2.16084551e+04
     0.14021398     -0.09950261      0.00933182       1.42530521       2.00846721      0.46425124        0.00243910    1.39601602e+04
     0.03635590      0.12079888     -0.00095570      -1.83947296       0.55361197      0.60913552        0.05814249    2.40920274e+04
     0.05813237      0.02601665     -0.00714429      -0.47207060       1.05480837      0.57244531        0.05489325    1.03113539e+04
     0.30825569     -0.29928271     -0.00221131       3.67300714       3.78312985      0.39704667        0.02193204    1.03839433e+04
    -0.03595055      0.02996799      0.00903405      -0.60061855      -0.72052103      0.93166597        0.04288874    5.38719247e+04
    -0.11347918     -0.03047873     -0.00360558       0.47135115      -1.75494663      0.39537368        0.06522640    1.55421587e+04
     0.11525182     -0.02344051      0.00736196       0.36243019       1.78198911     -0.31267717        0.07271312    1.14388979e+04
     0.11290031      0.05017984      0.00762501      -0.76754545       1.72691122     -0.79598891        0.00007169    2.07048266e+04
    -0.04844296     -0.06521538     -0.00299627       1.10394346      -0.82002572     -0.24897366        0.09368534    4.20687063e+04
     0.25762857      0.12944948     -0.00833485      -1.70009880       3.38351316      0.31412950        0.01645254    1.27171908e+04
    -0.04873720      0.04845085      0.00449116      -0.85951787      -0.86459776     -0.31608296        0.02335804    2.60866098e+04
     0.07295230     -0.20746856     -0.00376975       2.84725172       1.00118092      0.31433868        0.02634734    1.09229212e+04
    -0.06319135      0.02806854      0.00565847      -0.49704921      -1.11901807      0.43915013        0.00378201    1.05392392e+04
     0.05088148     -0.00090089     -0.00114690       0.01755204       0.99132461      0.83317943        0.01230521    2.10988752e+04
    -0.35508775     -0.13816700     -0.00029467       1.73279703      -4.45327013      1.28279497        0.09863499    2.15159618e+04
    -0.03828753      0.07984652      0.00555819      -1.32130669      -0.63358519      0.07800742        0.03152167    2.71043552e+04
     0.05813785      0.30593173     -0.00235273      -3.96827041       0.75411171     -1.30777657        0.01153011    3.55657252e+04
    -0.11109136      0.15185719     -0.00113745      -2.14036670      -1.56578847     -0.34510410        0.01069913    2.94929211e+05
    -0.03734080      0.03851660     -0.00247619      -0.73751805      -0.71500376      0.04406257        0.07194600    2.04556431e+04
     0.39258338      0.18087479     -0.00265319      -2.21730102       4.81258621     -1.83576876        0.08545687    1.46999788e+04
    -0.07100067      0.07601455      0.00051893      -1.20887125      -1.12913467      1.38866452        0.02569523    4.70000641e+04
    -0.32984930      0.07538886      0.00617599      -0.96468268      -4.22078133      0.14237791        0.00209095    1.36635154e+04
    -0.01406910     -0.08132944     -0.00276463       1.37088319      -0.23714771      0.38135283        0.02230900    1.76860213e+04
    -0.18476409     -0.27833059      0.00048509       3.56904097      -2.36923516      1.36552646        0.00565157    1.08421278e+04
    -0.00550328     -0.02076396      0.00341455       0.56462033      -0.14964693     -0.63014283        0.01033949    1.02574332e+04
     0.17746424      0.00933444     -0.00461121      -0.13290954       2.52684580      0.57404193        0.04315081    2.12865282e+05
     0.05663759      0.27494861     -0.00444954      -3.62651754       0.74703858     -0.10986412        0.02299184    5.80114777e+04
    -0.21468239     -0.34633286      0.00866826       4.29209770      -2.66055545     -0.18408687        0.05159459    3.21558363e+04
    -0.37887598      0.03824317      0.00447069      -0.47966822      -4.75208421     -0.77219239        0.02534938    1.68028655e+04
     0.31018199      0.01035945      0.00154373      -0.13444713       4.02560874      1.66560321        0.09405373    1.20709003e+04
     0.12138526     -0.34054948      0.00295440       4.30961346       1.53611611     -0.37550004        0.09059440    1.18325366e+04
     0.01300749     -0.09013814     -0.00941401       1.48095391       0.21371073      0.69946425        0.05668061    1.32932846e+04
    -0.10869460     -0.03412721      0.00236206       0.53143505      -1.69261197     -1.87500739        0.03544240    2.19170587e+04
     0.10529679      0.04672004      0.00019018      -0.72572136       1.63561763      1.17998853        0.03811469    3.41821868e+04
     0.01437626     -0.13804588      0.00091499       2.06068566       0.21460221      1.05221116        0.04118523    2.88679772e+04
    -0.12388719     -0.07192151     -0.00281152       1.06679148      -1.83758389      0.09743411        0.07275793    1.38338333e+04
     0.03752495     -0.18434891     -0.00837052       2.59838424       0.52891134     -0.22694247        0.04516390    1.82870946e+05
     0.00087773     -0.07996031     -0.00613322       1.35932686       0.01492149      0.40000001        0.08567299    3.71082226e+04
     0.07939437     -0.22952668      0.00901489       3.09896675       1.07194731      2.28879066        0.09440948    2.21636369e+04
    -0.08165579     -0.00927882     -0.00182601       0.15658382      -1.37797400     -1.76323670        0.03359462    2.53551971e+04
     0.07685143      0.09328404     -0.00066634      -1.43369359       1.18113881      0.78202739        0.05606945    1.71058322e+04
    -0.08323850     -0.15405363     -0.00894580       2.19937781      -1.18837128     -0.91161730        0.00950565    1.32494849e+04
    -0.21518407     -0.20328014     -0.00924868       2.65844556      -2.81412215     -0.01991840        0.02004690    1.54419395e+04
    -0.01290395     -0.26489666      0.00434363       3.52599580      -0.17176232     -0.24788012        0.04134658    4.00428698e+04
     0.10807535      0.19624064      0.00076189      -2.68488830       1.47864499     -0.42831826        0.02062027    1.01445554e+04
     0.02669392      0.07410897      0.00017412      -1.26502479       0.45565963     -0.01046513        0.08765605    1.12983105e+04
     0.14589138     -0.12006089     -0.00513751       1.69096855       2.05477183     -1.13417115        0.01582863    1.04771571e+04
    -0.00000797     -0.05710731      0.00489501       1.07176502      -0.00014951      1.02918044        0.04556608    1.04201565e+04
     0.11642201     -0.07571442     -0.00663527       1.13009075       1.73767999     -1.79414351        0.06056992    6.53193370e+04
     0.00814728     -0.14863287     -0.00620131       2.18794001       0.11993145      0.53976451        0.06918639    3.29621011e+04
    -0.03089447     -0.02161319     -0.00078576       0.46798832      -0.66895503     -0.32653585        0.03830694    1.88477287e+04
    -0.06301425     -0.09164444     -0.00427440       1.43491849      -0.98664262     -1.17092489        0.08690991    1.10724292e+04
     0.33173544     -0.27751112     -0.00505074       3.40155977       4.06620799      0.20238337        0.05683192    1.94817738e+04
    -0.37829475     -0.20429098      0.00290475       2.50688382      -4.64210898     -1.55695109        0.04395078    1.88230707e+04
    -0.08896804     -0.09764058      0.00301943       1.47244991      -1.34166538      0.03971382        0.00672406    1.20695668e+04
     0.02178079      0.03269800      0.00649034      -0.69733878       0.46451139     -1.42287691        0.04646895    1.75288873e+04
    -0.08431437      0.01394056     -0.00164583      -0.23282953      -1.40818444      0.46127208        0.08207358    1.65158136e+04
    -0.02995709     -0.13977259     -0.00853830       2.07408803      -0.44453386     -0.92435733        0.06145410    2.56207653e+04
    -0.05545602      0.41900519     -0.00452667      -5.15805820      -0.68267742     -0.45099402        0.08321625    2.69354983e+04
     0.02200303      0.07113088      0.00960011      -1.23326602       0.38148825      0.29394939        0.04940117    1.04695704e+04
    -0.10834399      0.25551950      0.00192517      -3.37642708      -1.43165420     -0.77254211        0.01184617    1.58948773e+04
     0.00343244      0.06421306      0.00419474      -1.16176803       0.06210110     -0.05796400        0.00136398    2.62882088e+04
     0.10247421      0.45726410     -0.00985284      -5.51815333       1.23663415     -1.51383050        0.03032195    1.99244821e+04
    -0.12471538      0.06369296      0.00036411      -0.94905828      -1.85832426      0.63087560        0.06979905    6.57570030e+04
     0.23760746     -0.15535649     -0.00924943       2.04543095       3.12835105      1.76491381        0.07902599    2.87444451e+04
    -0.12935135     -0.00574141      0.00138460       0.08694607      -1.95885447      2.79220887        0.02957528    1.19232868e+04
     0.08257798      0.20085983      0.00841542      -2.76234546       1.13566217      0.09116815        0.04956539    1.07511051e+04
     0.07886097      0.04142014      0.00936838      -0.68438304       1.30301598      0.78820414        0.04211189    2.74721566e+04
    -0.02518969     -0.07159467      0.00081105       1.23468132      -0.43440728     -1.78062567        0.04105228    1.02695363e+04
    -0.30464083      0.27615825     -0.00083590      -3.41680764      -3.76921250      1.50273433        0.02313487    2.38048663e+04
     0.16974225     -0.35020573      0.00890034       4.37580723       2.12092289      0.77622850        0.01363711    1.44567038e+05
    -0.19432089     -0.30413026      0.00347220       3.84986443      -2.45983111     -0.48393344        0.01966886    2.32406500e+04
     0.06197314     -0.20726463     -0.00870201       2.85227799       0.85284508      1.23718080        0.00553324    1.62413656e+04
    -0.04167358      0.30030320     -0.00068549      -3.91217396      -0.54289896     -0.25447608        0.01981307    2.75372352e+04
    -0.01782550     -0.04704764     -0.00519510       0.92012511      -0.34861869     -0.45802518        0.00092009    1.83039676e+04
    -0.01124073      0.12689244     -0.00060391      -1.92824545      -0.17081302      0.47533493        0.06272584    2.17467239e+04
     0.11295139     -0.04548713     -0.00089069       0.69796326       1.73314777     -1.06335450        0.03163754    1.47167383e+05
    -0.14419170     -0.16642859      0.00164290       2.28353967      -1.97843099      1.02162476        0.09731447    1.61875584e+04
    -0.06004987      0.11875363     -0.00286459      -1.78809302      -0.90418081     -1.05598981        0.01937171    2.06520506e+05
    -0.00937156      0.07605885     -0.00671459      -1.30815571      -0.16118384     -1.05005479        0.03458286    9.64293518e+04
     0.07463069      0.19174971      0.00007439      -2.66116005       1.03574712     -0.90968979        0.03578412    1.24043812e+04
    -0.10464613     -0.28862121      0.00660406       3.75237403      -1.36050784      0.75950004        0.00084515    1.07373060e+04
     0.02737687      0.13747756      0.00328024      -2.04807743       0.40784797     -0.61677536        0.08392080    1.11082751e+04
    -0.05926565     -0.04044219     -0.00323264       0.70857621      -1.03837663     -1.34799578        0.00319945    1.01837101e+04
    -0.00829845      0.08999057      0.00871046      -1.48143031      -0.13660957     -0.60568000        0.09401798    1.10314217e+04
    -0.05330899     -0.08634434      0.00824415       1.38126256      -0.85279143     -0.03204237        0.08920744    3.08810397e+04
     0.04686120     -0.10840246     -0.00581303       1.67455490       0.72389184     -1.18097248        0.05355219    1.07582033e+04
     0.03905868     -0.21951631     -0.00921165       3.00571875       0.53480945     -1.15168111        0.05435956    1.46153077e+04
     0.01412690     -0.20687606      0.00482617       2.86732134       0.19580011      2.11129633        0.06537779    6.11346186e+04
     0.09343498      0.22646659      0.00655221      -3.05334605       1.25974137     -0.86056540        0.03870500    1.02358254e+04
     0.11457691      0.07109215      0.00935729      -1.06752628       1.72049755     -0.32304237        0.06472223    5.16325696e+04
    -0.09874936     -0.29722523      0.00779673       3.85174733      -1.27969486     -0.36723700        0.00447684    1.38703224e+04
    -0.06255753      0.06801890      0.00201070      -1.11341900      -1.02402048     -0.42135681        0.00540476    1.13248126e+04
    -0.15011702      0.06795512      0.00060105      -0.98107629      -2.16725758      0.62134674        0.04572304    3.22341274e+04
     0.29300429      0.05808908     -0.00944318      -0.75856810       3.82625621      0.94814295        0.05496223    2.65008363e+04
    -0.00515706      0.08560379     -0.00506687      -1.42840871      -0.08605209     -0.30595443        0.08878176    7.61598923e+04
     0.06324662      0.01358604     -0.00080770      -0.24536443       1.14223634     -1.23647829        0.01046606    3.67269437e+04
     0.25946998     -0.24616862      0.00257008       3.12091732       3.28955143      1.27444023        0.08226479    4.88868754e+04
     0.00537428      0.12945800      0.00114504      -1.96018005       0.08137430     -0.09534109        0.02100473    1.38737478e+04
    -0.22430530     -0.08449576      0.00485272       1.14327440      -3.03497490      1.73032181        0.03940836    1.21309926e+04
     0.02900136      0.00724836     -0.00440466      -0.17165253       0.68679799     -2.24558590        0.03166024    3.89269558e+04
    -0.12093632     -0.21001824      0.00129905       2.83656324      -1.63339871      0.19540322        0.04001553    4.96934885e+04
    -0.05421453      0.10974374     -0.00823716      -1.68201651      -0.83093341      1.91860633        0.01504955    5.15466324e+05
     0.03600448     -0.02688493     -0.00172669       0.54648104       0.73185103     -0.35326414        0.05035701    1.69059278e+04
     0.16063996     -0.13612395      0.00500322       1.88180722       2.22072198     -0.22549342        0.08016426    1.58302467e+04
    -0.04663986      0.09112415      0.00386802      -1.45467866      -0.74454478      0.29551169        0.04415340    4.32243332e+04
     0.11494339     -0.08245559      0.00981285       1.22613025       1.70923003     -0.55879582        0.04906136    1.50919592e+04
     0.05462912     -0.00131912     -0.00444218       0.02510791       1.03980542     -0.31207193        0.08487676    1.27307046e+05
     0.03478769     -0.06783613     -0.00003621       1.16841568       0.59918643     -0.33781509        0.07060581    6.65905866e+04
     0.06601550     -0.09730796     -0.00340939       1.50461349       1.02075727     -0.62742073        0.04904544    1.73823588e+04
     0.00036074      0.05791901     -0.00118794      -1.08215816       0.00674009      1.22885655        0.02576956    3.89654452e+04
    -0.33882789     -0.17723181      0.00713900       2.22134325      -4.24671527      0.46107803        0.08849267    3.95252926e+04
     0.01320439      0.00593765      0.00368418      -0.19320435       0.42965590      0.25062823        0.05770204    1.11370063e+04
     0.13998182      0.09502607      0.00764882      -1.36520693       2.01107073      0.80857101        0.02211476    9.39208575e+04
     0.06895582     -0.00047980     -0.00592978       0.00850314       1.22206098     -0.26435583        0.02691198    2.00079971e+04
    -0.05565355      0.10650010      0.00746722      -1.63889225      -0.85643270     -0.77420382        0.08031331    5.50033499e+04
    -0.00454050     -0.39789504     -0.00880475       4.95215421      -0.05651058     -0.60262430        0.00441456    1.46380545e+04
     0.02805606     -0.07544281      0.00777199       1.28025811       0.47610895      0.00178304        0.09920922    8.81585414e+04
     0.28003820     -0.34719924     -0.00341852       4.23078890       3.41239954     -1.05921171        0.01303517    1.62683540e+04
     0.09287045     -0.00138404     -0.00370825       0.02262697       1.51828803     -0.50026102        0.07960685    1.01084564e+04
     0.01421881      0.26587122      0.00024177      -3.53673948       0.18914503     -0.51611664        0.03947753    9.64582058e+04
     0.18278517      0.04736098      0.00881380      -0.66711881       2.57468142      2.12455623        0.04922162    1.09935269e+04
    -0.30398604      0.18973808     -0.00904437      -2.40472502      -3.85269431     -2.77381494        0.08806506    1.46224591e+04
     0.13083150      0.13946298     -0.00295538      -1.96010450       1.83879192     -0.17961972        0.04129112    1.68240691e+05
     0.18306660      0.02596727      0.00713144      -0.36712747       2.58821120      1.72569379        0.05374938    1.69782387e+05
    -0.05757429      0.06921657     -0.00207891      -1.14054491      -0.94870438      0.12184446        0.00492997    2.31322720e+04
     0.01721019     -0.07996664     -0.00601686       1.35115995       0.29079276      0.75341747        0.00023475    2.67036131e+04
    -0.35493813     -0.15673176     -0.00150412       1.95939574      -4.43728986      0.09982632        0.02447999    1.79843522e+04
    -0.04824167      0.11589274     -0.00228895      -1.76662191      -0.73537648     -0.66733338        0.06805831    1.40900372e+04
    -0.07772130     -0.11335252      0.00830832       1.69545682      -1.16250711     -2.24191593        0.01212649    1.48231136e+04
     0.03107061      0.27383115      0.00523869      -3.62250166       0.41103194      0.20545569        0.01137620    2.99215999e+04
     0.12794491      0.01159284      0.00010231      -0.17584860       1.94076169     -0.77560660        0.04109606    3.91927522e+04
     0.03854265     -0.42621401      0.00976741       5.23465514       0.47337136     -0.80033541        0.06478370    4.62242321e+04
    -0.18846530     -0.18551178     -0.00069445       2.47045851      -2.50979050     -0.49898726        0.07120720    4.58131293e+04
     0.01591585     -0.20548771     -0.00883524       2.85101523       0.22082253      1.74486141        0.01784507    1.09925629e+04
     0.34473001      0.08606388     -0.00475451      -1.09233034       4.37534365      2.40483754        0.00795881    1.95877216e+04
     0.02200113     -0.03609593     -0.00127859       0.74969372       0.45695193      0.21720794        0.09403970    1.06042646e+04
    -0.07800816     -0.07281874     -0.00686195       1.15109645      -1.23312923     -0.46476722        0.02606664    2.19314402e+04
    -0.15079525     -0.06345764      0.00895130       0.91737487      -2.17997032     -1.17722642        0.08533465    1.77656244e+04
    -0.06992174     -0.06958343      0.00533698       1.12076861      -1.12621758      0.46854016        0.08634915    8.25267315e+04
     0.17613207     -0.20122261     -0.00463426       2.67487039       2.34133961      1.78290560        0.07725226    1.53234597e+04
    -0.33390292     -0.20299335      0.00181609       2.53457180      -4.16910668     -0.24734039        0.01688336    1.13108909e+04
    -0.13252834     -0.07389204      0.00442898       1.08366356      -1.94359413     -2.37899604        0.08218015    1.16490617e+04
     0.12913399     -0.00757134      0.00882558       0.11468081       1.95595457      0.67004967        0.07692506    4.06331499e+04
     0.01861091     -0.43984831      0.00763271       5.37328524       0.22735504      0.98539971        0.05967230    2.57755796e+04
    -0.14748401      0.05594803      0.00030384      -0.81440559      -2.14684607     -1.58584564        0.03372020    1.11124872e+04
    -0.04516286     -0.16466884      0.00549305       2.36174956      -0.64774469      0.17648418        0.02625086    1.09082865e+04
    -0.10123248      0.08457455      0.00124290      -1.27577768      -1.52705662      0.45122602        0.01218892    3.26754075e+04
     0.05043967      0.37778463      0.00105408      -4.73766955       0.63254687     -0.07310730        0.05097571    1.07762729e+04
    -0.16100132     -0.11217692     -0.00770516       1.56954469      -2.25268056     -0.79077092        0.05852609    5.36600036e+04
     0.24911939     -0.12072120     -0.00747725       1.59586437       3.29321420      1.01593722        0.03593390    3.32424490e+04
     0.27561258     -0.13151817      0.00059067       1.71133827       3.58632093     -0.40337975        0.04753591    1.08758932e+04
    -0.07057326      0.10831743     -0.00462277      -1.64085557      -1.06908499     -1.48518616        0.03635145    1.09169035e+04
    -0.15221652     -0.02674097     -0.00957926       0.39078037      -2.22442307     -2.04947449        0.06410061    4.30536818e+05
     0.07879361      0.32052259      0.00445678      -4.11824453       1.01238209      1.26084952        0.09012592    1.58863323e+04
     0.13499348     -0.00370658     -0.00935027       0.05564095       2.02644319      0.61666398        0.01639203    1.57961844e+04
     0.29246901     -0.03486215      0.00190554       0.45628622       3.82792160      0.08797355        0.03814088    5.11958248e+04
    -0.24470929     -0.33463724      0.00078388       4.13415924      -3.02317562     -0.44027464        0.01408686    1.60709931e+05
     0.07225072     -0.20302624      0.00937629       2.79575556       0.99492239     -0.52899841        0.06249438    4.19129984e+05
    -0.05792398     -0.25990519     -0.00031574       3.45731306      -0.77051684     -1.07573665        0.07288705    3.93459760e+04
    -0.25108489     -0.16642248     -0.00872797       2.17031429      -3.27439611     -0.43145564        0.09319127    1.59361785e+04
     0.30936542      0.10776440      0.00103376      -1.38632087       3.97979060     -2.12008722        0.02788719    1.09011514e+04
    -0.13796185      0.04030324      0.00682192      -0.59740921      -2.04498905     -0.73606365        0.09502112    4.33605176e+04
    -0.01957533     -0.03829156      0.00993699       0.79044966      -0.40409201     -0.31093752        0.00632627    2.23623700e+04
    -0.06403577     -0.13077901     -0.00139314       1.93349651      -0.94673398      0.60988005        0.06030139    1.72407785e+04
    -0.16449608      0.16842336     -0.00359403      -2.28555861      -2.23226419     -0.03992646        0.00571327    9.73623007e+04
     0.14875156     -0.05707322      0.00813307       0.82920726       2.16118639      0.79492311        0.08937742    1.12370347e+04
     0.13397091      0.23438654     -0.00617516      -3.11096457       1.77816852      1.34913511        0.05298091    1.95197689e+04
    -0.13334901     -0.00030116      0.00230858       0.00453274      -2.00699328      1.05817009        0.06693484    1.01136788e+04
    -0.07979880     -0.20486594     -0.00188571       2.81166629      -1.09519233      0.47050985        0.08315739    1.86558127e+04
    -0.02853753     -0.08273303     -0.00917835       1.37323561      -0.47367712      0.01186268        0.01503106    1.05903062e+04
    -0.16067091     -0.21721374     -0.00305423       2.88267868      -2.13228961     -0.98078801        0.00385916    1.13331108e+04
    -0.02982516      0.18612655     -0.00469543      -2.62252960      -0.42023755      0.73994405        0.08788811    1.13167104e+04
     0.05135888      0.07681861      0.00372182      -1.25748568       0.84072151      1.67974738        0.03149332    2.79891110e+04
    -0.07618188     -0.08744754      0.00897581       1.35630490      -1.18157545      0.34210604        0.01289789    3.82532686e+04
    -0.21895999     -0.15762145     -0.00463906       2.09230179      -2.90652300      1.91725915        0.04684612    2.36706043e+04
     0.07249390      0.15245312      0.00622932      -2.19114331       1.04192375     -1.52557171        0.05983061    2.10751811e+05
    -0.02661283     -0.09190178     -0.00889280       1.49138332      -0.43187333     -1.15416338        0.00309706    1.59013322e+04
    -0.43039870      0.12453817      0.00076242      -1.51624854      -5.24009153      0.85520151        0.02748957    1.39441808e+04
    -0.12527384     -0.22046639     -0.00858900       2.95590084      -1.67960761      0.26429021        0.00327999    7.13842810e+04
     0.22667597     -0.37059594      0.00868066       4.53874400       2.77613452      1.31378218        0.04203354    1.28429036e+04
     0.07378138      0.13366706      0.00532703      -1.95794311       1.08074305     -0.01547164        0.08951000    2.15472262e+05
     0.16537105      0.01998912      0.00315900      -0.28800478       2.38267948     -0.86797542        0.09826524    1.01217948e+04
     0.06732217     -0.36405590      0.00647793       4.58845559       0.84850922     -0.21359324        0.06370476    2.51130328e+05
    -0.14035306     -0.11566141      0.00295040       1.64004064      -1.99016006     -1.53268397        0.01616377    1.04463551e+04
    -0.07778713     -0.23757214      0.00937889       3.19260123      -1.04533835     -1.12859067        0.09058494    8.49124809e+04
     0.05544544     -0.08964851      0.00427916       1.42122713       0.87899469      0.97244400        0.05162478    2.09390800e+04
     0.05156172     -0.14964482      0.00849317       2.17688495       0.75006892      0.87278741        0.01537493    5.89454013e+05
     0.06695053     -0.01677799      0.00034264       0.29726648       1.18620557      0.36300428        0.09217267    1.07881685e+04
    -0.09057292     -0.02080492     -0.00765871       0.34008135      -1.48052322     -1.72107752        0.07574691    2.21393591e+04
    -0.00569106      0.00041209      0.00056355      -0.02149086      -0.29679317     -0.35840358        0.07317053    2.47583034e+05
    -0.03054459      0.02164328     -0.00746254      -0.46988850      -0.66314144     -1.22499989        0.07091807    2.07411590e+04
     0.26312508      0.38040894      0.00184987      -4.60264690       3.18360512      1.17653325        0.02003398    2.65325641e+04
    -0.09227060     -0.04528002     -0.00035014       0.72213861      -1.47155788     -0.58372213        0.02110067    3.21327677e+04
    -0.03903948      0.22780360      0.00245151      -3.10073278      -0.53138318     -1.08574771        0.06882930    1.81816745e+04
     0.28467561     -0.15346983     -0.00979906       1.97845596       3.66989495      0.02979617        0.02197228    2.64049060e+04
    -0.16473930     -0.09491567     -0.00610319       1.33535213      -2.31768859     -0.64015446        0.04386717    2.37231697e+04
    -0.06510167     -0.04296328     -0.00017339       0.73534710      -1.11426152      1.48374391        0.07820018    9.27183035e+04
    -0.15906570      0.20526682      0.00901007      -2.74155272      -2.12448843     -0.73481090        0.07839525    1.04711156e+04
     0.19615753      0.06645736     -0.00232782      -0.92129239       2.71931432     -1.39922826        0.04532618    1.38533619e+04
     0.25601482      0.05175072     -0.00151256      -0.69054035       3.41615672     -2.15291352        0.07921899    1.69225839e+05
    -0.24892392      0.13013068      0.00429392      -1.71623597      -3.28294760     -0.03078650        0.08386218    8.42894184e+04
     0.39636221      0.23294935      0.00207586      -2.82189058       4.80143336     -0.56193011        0.06547758    1.82182608e+04
    -0.15486951     -0.12303396     -0.00402148       1.71909159      -2.16391370     -1.42890461        0.02284259    2.59021238e+04
     0.09473928     -0.08788236     -0.00178367       1.33141440       1.43529646      1.18922646        0.02740118    1.37856377e+04
     0.16694665     -0.15111624     -0.00564600       2.06576177       2.28216365      0.66724515        0.03148412    1.22886347e+04
    -0.02708729     -0.04212216      0.00932043       0.82506608      -0.53057112     -0.02821788        0.01168041    1.84863872e+04
     0.08917120      0.35880536     -0.00738731      -4.52334466       1.12415290      1.36432624        0.02731596    1.53803256e+04
     0.04415486     -0.05137309     -0.00256326       0.91520134       0.78661000      0.66253603        0.02095192    2.36865540e+04
     0.09473230     -0.08236801     -0.00948322       1.25558180       1.44405770     -0.82285590        0.04553287    1.08337349e+04
     0.10127208      0.29073686     -0.00556441      -3.77816201       1.31604343     -1.03922016        0.09084375    2.82892310e+05
    -0.01626281     -0.20541885      0.00560942       2.85015755      -0.22564417      0.81798154        0.01044803    4.22808614e+05
    -0.03260220      0.13958044     -0.00597650      -2.07010690      -0.48352082      0.39636696        0.07202679    3.23813326e+04
     0.05393502     -0.15707928     -0.00839873       2.26445904       0.77752868      0.16974777        0.06872830    2.13099391e+04
     0.33447276     -0.00580529     -0.00051094       0.07442487       4.28800429     -0.84649780        0.00957542    1.44182040e+04
     0.12650027      0.02415264     -0.00980062      -0.36617436       1.91785066      0.60794757        0.09225724    5.14554349e+04
     0.27662073     -0.20805751     -0.00830468       2.65229206       3.52632776     -0.75549888        0.05684722    3.10447034e+04
    -0.04115172     -0.03994429      0.00615252       0.74865203      -0.77128218     -0.10198665        0.03637255    1.19188200e+04
     0.28078146     -0.04740120      0.00542947       0.62378121       3.69497422      1.44694415        0.07565386    1.01851573e+05
    -0.32146872      0.07183659      0.00830278      -0.92330184      -4.13177557     -0.66083424        0.02573655    5.38537387e+04
     0.04953070     -0.07058065      0.00709031       1.17605848       0.82531118     -1.57298926        0.06935098    1.67509558e+05
     0.14194359      0.05868431      0.00366351      -0.85860671       2.07676852     -1.05254719        0.00397112    3.55192234e+04
    -0.04165473      0.07015329     -0.00895334      -1.18616409      -0.70430552      0.99429883        0.08394080    2.54635022e+04
     0.22786789      0.10205413      0.00565697      -1.37172073       3.06279724      0.25473114        0.04481708    1.70666115e+04
     0.18293468     -0.02856985      0.00691022       0.40382511       2.58571957     -0.12887738        0.06366929    1.30550346e+05
     0.08990275     -0.20088035      0.00598164       2.75650379       1.23365618     -0.50909381        0.02212378    7.01278258e+04
     0.05424949     -0.07220872      0.00016958       1.18889109       0.89319874      0.48535991        0.06770737    1.04686444e+04
     0.08742067     -0.03591180     -0.00534196       0.58455606       1.42299411     -0.84910485        0.07722403    1.02680295e+04
     0.03314572      0.01963142      0.00690660      -0.42170951       0.71201479      0.30566557        0.04732132    1.59413037e+04
    -0.09331614      0.08164858      0.00454326      -1.24792154      -1.42624921     -0.73125457        0.06177269    5.06195318e+04
     0.17421376      0.08336668      0.00961522      -1.16966228       2.44427691     -0.89765939        0.04563259    4.42543827e+05
     0.08219545      0.32688406     -0.00688615      -4.18549199       1.05244777     -0.63748743        0.08940914    1.17496763e+04
     0.03007215      0.23065009     -0.00548671      -3.13619255       0.40889671     -0.37540745        0.04978692    2.42830083e+04
    -0.15212087      0.02990395     -0.00576404      -0.43673969      -2.22168732     -0.04882984        0.08418087    1.60534760e+04
    -0.04995376      0.42636763      0.00585080      -5.23349886      -0.61316325      0.23545580        0.08013521    2.51352615e+05
     0.20576707      0.15143931     -0.00626185      -2.02795427       2.75546834     -3.68836529        0.04105048    6.01314717e+04
     0.19936651      0.34948123     -0.00866680      -4.34100363       2.47638689     -0.80765056        0.02300845    5.88046489e+04
     0.10988722      0.14592700      0.00997122      -2.06756907       1.55693888     -0.39156998        0.04060821    1.86569332e+04
     0.10567453     -0.01804876     -0.00950366       0.28500404       1.66868332      1.50506204        0.08262174    1.69684594e+04
     0.00254926     -0.04361222      0.00670488       0.89529179       0.05233247     -1.08000261        0.02276325    1.37112708e+04
     0.25342528     -0.05204781     -0.00269266       0.69557250       3.38680261      0.16279662        0.05244363    1.05911082e+04
    -0.06350660      0.02526390      0.00683231      -0.44889851      -1.12840906      1.49503031        0.08060967    6.94807059e+04
    -0.02107447      0.11697872      0.00109241      -1.80446445      -0.32508582     -1.31296853        0.03534775    5.12221605e+04
     0.05504803     -0.17581385      0.00803262       2.48726871       0.77877397      0.39397523        0.06422096    9.72809635e+05
    -0.08975444      0.17277426      0.00852386      -2.42068575      -1.25752123     -0.80227183        0.02456316    7.50213926e+05
    -0.06327297      0.19733234     -0.00981804      -2.73533477      -0.87706226     -0.50463374        0.01092794    2.22161690e+04
     0.00897376      0.08131141     -0.00849176      -1.37384841       0.15162192     -0.80311083        0.07943842    4.18931587e+04
     0.09571623      0.10151632     -0.00499283      -1.51377163       1.42728298     -0.73185731        0.00989686    1.54602690e+05
    -0.00865800      0.21308874      0.00338631      -2.93945700      -0.11943292      2.72191215        0.02713814    6.29528342e+04
    -0.27752922      0.35630810      0.00776544      -4.33133099      -3.37368398      0.84445587        0.08551094    1.32428339e+04
    -0.11924769     -0.23042518     -0.00080116       3.07801286      -1.59290709      1.10173786        0.03464693    1.80518023e+04
     0.36420231      0.15103141      0.00213946      -1.88279569       4.54023808      0.49199349        0.09730453    1.14661519e+04
     0.06799495      0.26836868     -0.00623000      -3.54763790       0.89884354     -1.60625679        0.09797343    1.80214330e+05
     0.07396213     -0.19020794      0.00609934       2.64344955       1.02790220      0.39495797        0.02682760    2.50070575e+04
     0.05374313      0.07104026      0.00934656      -1.17378785       0.88798990      1.07292961        0.00409782    1.29258482e+04
    -0.12782666      0.19421128     -0.00462802      -2.64091202      -1.73820471     -0.85339947        0.07050633    2.98492919e+04
     0.14220701     -0.16200075     -0.00010348       2.23070783       1.95815329      0.96532667        0.04509865    2.57696730e+04
     0.11694010      0.17189855     -0.00827768      -2.38146738       1.62007783      0.70433621        0.01007528    1.54938132e+04
     0.14838591      0.08493072      0.00118273      -1.21782096       2.12770427      1.85204004        0.07075228    1.12666156e+04
    -0.18215088      0.01775196      0.00005567      -0.25143580      -2.57995477     -0.41778301        0.00311749    2.98380507e+04
    -0.04117270      0.12045437     -0.00711127      -1.83069622      -0.62575323     -1.09761098        0.08701967    2.06230055e+04
    -0.16595935     -0.06985497     -0.00115868       0.99229116      -2.35745570     -0.36162811        0.01386525    4.24800188e+04
     0.03005278     -0.08548347     -0.00331791       1.40628458       0.49439688      1.43557099        0.01273119    2.06169357e+04
     0.19616995      0.22866092      0.00043662      -2.98189006       2.55818616     -1.82840588        0.01756723    6.39630285e+04
    -0.07634817     -0.04241054      0.00171309       0.70432215      -1.26793280     -2.06837572        0.09602664    2.20452610e+04
    -0.05619298     -0.00194576     -0.00983009       0.03669798      -1.05982681      0.08939528        0.06931694    2.24885158e+04
     0.09587742      0.12213805      0.00522012      -1.78326096       1.39984594     -0.44258929        0.08013715    7.56928163e+04
    -0.16301453     -0.16097573      0.00426029       2.19428415      -2.22207534      0.00772789        0.03976350    1.66513485e+04
    -0.02304145      0.15397995     -0.00267427      -2.24700028      -0.33623946      0.94531177        0.03363127    1.15297044e+04
    -0.11162622      0.00854928     -0.00894128      -0.13365904      -1.74515910     -0.55256935        0.02344840    1.02933062e+04
     0.16744284      0.09519050      0.00509865      -1.33618642       2.35039038     -1.87300583        0.04806480    3.96174355e+04
    -0.12647231      0.03282513      0.00910350      -0.49614261      -1.91159366      2.04448156        0.05518287    2.59138826e+04
    -0.14079890      0.38008142     -0.00519697      -4.71484807      -1.74658736     -0.99722829        0.06317748    3.30075456e+04
     0.17321226     -0.35423918     -0.00352951       4.41594944       2.15926584     -1.05903712        0.02571185    1.26716136e+04
     0.16372125      0.06125307     -0.00632374      -0.87476294       2.33812428      1.10372001        0.09486541    1.15607974e+04
    -0.10948214      0.06144198      0.00153872      -0.93657707      -1.66886645     -0.38448912        0.01697585    1.01460959e+04
    -0.25510323      0.06818622     -0.00690317      -0.90825158      -3.39801677     -0.06338985        0.09656532    1.53158515e+04
    -0.00565486     -0.03571221     -0.00287612       0.78548899      -0.12437849      0.48279012        0.00148561    2.40395312e+04
    -0.14866838     -0.07491397      0.00394026       1.07948490      -2.14226091      1.08358310        0.04811257    1.63484604e+04
    -0.06352006     -0.11089631      0.00120232       1.68401877      -0.96458555     -0.33346069        0.03333678    1.76398008e+04
     0.06632435     -0.38648035     -0.00227075       4.82261849       0.82761530      1.51995201        0.04491234    9.53444338e+04
     0.01325253     -0.01557548     -0.00159501       0.43276135       0.36821854     -2.13579985        0.05706646    1.52618843e+04
    -0.07455061      0.17567133      0.00124222      -2.46987936      -1.04815632      0.75978724        0.04355892    2.03603619e+04
    -0.25825326     -0.06289889     -0.00988271       0.83693653      -3.43633390     -0.83952756        0.04148469    4.46063123e+04
     0.09093930     -0.14308255     -0.00842980       2.05484132       1.30600018      1.37227132        0.07327234    1.64630016e+04
     0.05625863     -0.00373432      0.00762516       0.07036902       1.06012996      0.14204448        0.06858763    2.60325711e+04
     0.35003581     -0.29136000     -0.00844242       3.53603031       4.24813721     -0.67290533        0.08332713    6.83714269e+04
    -0.12418327      0.12982232      0.00413607      -1.84487917      -1.76474377      0.66284109        0.02499590    1.66737301e+05
     0.07165681      0.19968972      0.00840076      -2.75703724       0.98933725      0.89318835        0.06095285    1.17041575e+04
    -0.10101559      0.00674254     -0.00458633      -0.10792132      -1.61685897      0.64189412        0.05851948    1.20950793e+05
    -0.00887573     -0.16884712     -0.00259017       2.42605562      -0.12752960     -1.02969624        0.03697378    1.95005948e+04
    -0.15308988      0.00715295      0.00137843      -0.10469912      -2.24080630     -0.48401712        0.04860575    1.34347558e+04
    -0.05225087      0.00554240      0.00763418      -0.10684798      -1.00730690     -0.00407284        0.03137821    1.83332978e+04
     0.03341526     -0.05397119      0.00883811       0.98028395       0.60692461     -0.04125965        0.01418444    3.35934017e+05
    -0.20761054      0.24649863      0.00479126      -3.17955378      -2.67794135      0.74974548        0.02138012    1.95195045e+04
     0.06498102     -0.07875520     -0.00826760       1.25800019       1.03797753     -2.01490123        0.01055136    1.48250077e+04
    -0.07491727      0.04968124      0.00338308      -0.81896510      -1.23496564      0.33432705        0.06830696    2.68144569e+04
    -0.08287540      0.15479596     -0.00179393      -2.20887539      -1.18259823     -0.28998135        0.06607274    1.31189550e+04
    -0.26871183      0.07992079     -0.00058598      -1.05436656      -3.54501961     -0.83850062        0.09506064    1.08120346e+04
     0.00371131     -0.04735842     -0.00901703       0.94433945       0.07400447     -0.74248678        0.07296784    1.14625126e+04
     0.13975689      0.14152786     -0.00617876      -1.97559206       1.95087101     -0.21453766        0.00520458    1.14516761e+04
     0.02235938      0.06388738      0.00581027      -1.13840709       0.39842098     -3.60108510        0.08842452    1.17700185e+04
     0.03436514     -0.01082201     -0.00092082       0.23834892       0.75687365     -0.70128957        0.08626752    1.15933816e+04
     0.01969682      0.03895418     -0.00396676      -0.79990103       0.40446245     -0.87581482        0.04433203    2.73572361e+04
    -0.29146490     -0.13210294     -0.00231962       1.70594887      -3.76391499      0.53278321        0.05858631    1.21960334e+04
    -0.05910988     -0.03216515      0.00708799       0.57413023      -1.05507860     -0.80552668        0.09760783    1.52024343e+04
    -0.04016372      0.00262205      0.00497998      -0.05542872      -0.84904071     -0.21511380        0.05323044    8.91428675e+04
    -0.09565508     -0.12291104     -0.00455369       1.79350215      -1.39578664      1.54227663        0.09053218    1.88402693e+04
     0.04131847      0.32423016     -0.00764996      -4.17257341       0.53173448      0.99435152        0.00830388    2.94882747e+04
    -0.10227227     -0.03513216     -0.00496004       0.55364746      -1.61170795      0.90227140        0.01910519    1.20568602e+04
    -0.10496837      0.10876487      0.00841513      -1.59627854      -1.54055943     -0.49987243        0.04407549    1.23512619e+04
    -0.01989695     -0.03209077      0.00163178       0.69448617      -0.43059609      0.54303228        0.05847568    1.04216596e+04
     0.10037859      0.12325398      0.00066960      -1.79152085       1.45902254     -0.23389780        0.08162279    1.20083441e+04
    -0.17975193     -0.08579839      0.00192787       1.19737652      -2.50856367     -0.19609321        0.09882621    1.38084248e+04
     0.07788687      0.18082808     -0.00267943      -2.52861854       1.08913499      0.40968534        0.03888515    1.21247449e+04
    -0.02268961      0.12471055      0.00614214      -1.89709531      -0.34515410     -0.59699359        0.00474156    1.09626946e+04
     0.02388076      0.11989838      0.00046572      -1.83814770       0.36611299      1.49300310        0.08011715    1.13562743e+04
     0.02606170      0.05804843     -0.00766504      -1.05357593       0.47301845     -0.16013014        0.06043807    1.83881324e+04
     0.06228525     -0.12090348     -0.00741870       1.81228990       0.93362847      0.61836057        0.01985429    1.25670828e+04
    -0.01362900      0.05972418      0.00073718      -1.09660118      -0.25024336      1.45560048        0.04948285    1.56403266e+04
     0.25042580     -0.12341723      0.00873140       1.62928345       3.30597783      1.03165377        0.07423102    1.99355324e+04
     0.43871936     -0.08390012     -0.00383296       1.02209311       5.34459351     -1.40891910        0.07704118    3.15946662e+04
    -0.40744710     -0.19568630      0.00739082       2.37841705      -4.95220744      0.44489590        0.04996184    1.04049505e+04
     0.21332093      0.26799298      0.00528191      -3.42229717       2.72412965      0.85071939        0.03052145    4.79423836e+04
    -0.14616866      0.14700081     -0.00504375      -2.03753637      -2.02600210      0.89186302        0.09737426    2.64285549e+04
     0.07300276     -0.23607277     -0.00927319       3.17841571       0.98288806     -1.11329483        0.06633626    1.08806995e+04
    -0.07679827      0.08451670     -0.00796305      -1.31540414      -1.19527583     -0.65703524        0.04082375    7.39879400e+04
     0.18651508      0.11351979      0.00456988      -1.55978876       2.56276130      0.99455824        0.02804632    1.13203715e+05
    -0.15073052     -0.05618369     -0.00600661       0.81480320      -2.18596744     -0.76176037        0.07311030    1.06435877e+04
     0.09489375     -0.13940410     -0.00257458       2.00397836       1.36412792     -0.29969606        0.02421834    1.37761706e+04
     0.07812050     -0.26316526      0.00003398       3.48358495       1.03410073      1.57587581        0.01717100    4.95391048e+04
     0.05137016      0.10101274      0.00450936      -1.57487096       0.80090260     -0.04779925        0.05298339    3.85768377e+04
    -0.05733753     -0.10872851     -0.00773538       1.66493689      -0.87799763     -0.72677414        0.02899874    1.22350471e+04
     0.07304698      0.38962859     -0.00187267      -4.85254153       0.90974720     -0.87761736        0.06289051    1.26144100e+04
     0.00895702      0.04424136     -0.00029854      -0.89785831       0.18177865      0.33271933        0.01179387    1.57919850e+04
     0.11930927     -0.12070913      0.00081654       1.73318331       1.71308369     -1.33314801        0.06549411    1.92188593e+04
     0.00079940      0.38432048      0.00636721      -4.81264680       0.01001047     -0.24733596        0.02832965    2.57779943e+04
    -0.01752239      0.21002933     -0.00656644      -2.90302543      -0.24219445      0.33323053        0.00002429    1.57536012e+04
     0.18873147      0.00077482      0.00615663      -0.01091485       2.65865824      1.29914982        0.01269361    1.84470999e+04
     0.07203362     -0.07606470      0.00385757       1.20763292       1.14363383      0.66754808        0.09336154    3.84609806e+04
     0.03428888     -0.12504629      0.00111742       1.89309511       0.51910459     -0.71406512        0.08673546    1.03768495e+04
    -0.23176983     -0.23865410      0.00399056       3.06238454      -2.97404635      1.17841932        0.02336090    1.33317793e+04
     0.00032221     -0.19295747     -0.00175965       2.70768594       0.00452142     -0.29951504        0.07783719    3.40386238e+04
     0.10312822      0.14585545     -0.00723205      -2.07484676       1.46703643     -1.23570302        0.06085716    8.79157740e+04
    -0.05919882      0.01586616      0.00331530      -0.29127823      -1.08679914     -0.17204136        0.09709047    2.02659159e+04
    -0.01406132      0.01904516      0.00049345      -0.49663662      -0.36667388      1.43816920        0.03736057    2.11323718e+04
     0.36839953      0.24624552      0.00278750      -3.00443976       4.49483992      0.16524005        0.06814606    1.11869373e+04
    -0.13824736      0.01207812     -0.00324002      -0.18030151      -2.06374908      0.01252186        0.00635357    1.79513310e+04
     0.18288600     -0.09943843      0.00813733       1.37731141       2.53313512      1.63721164        0.03962473    2.11546681e+04
     0.05261705      0.01353060      0.00174740      -0.25802338       1.00338725     -1.43135485        0.09638177    1.31586877e+04
    -0.06165453      0.23129346     -0.00829195      -3.13021577      -0.83440305     -1.28559911        0.05389809    1.36342094e+04
     0.10676513      0.39066235     -0.00100392      -4.84682203       1.32460061     -1.61584647        0.02878795    1.59619804e+04
     0.01477078      0.19796051      0.00512712      -2.76427494       0.20625577      0.37264819        0.01202710    1.02027333e+04
     0.05860687     -0.03800678      0.00588269       0.67105658       1.03477666      0.16649313        0.07035283    1.46812346e+04
    -0.19657091      0.03997544     -0.00010806      -0.55720661      -2.73994745      1.54273637        0.06448560    1.26475579e+04
    -0.27282006      0.05864800      0.00789495      -0.77429673      -3.60189063      0.24347508        0.03739387    1.47977673e+04
     0.00975252     -0.14655158     -0.00464663       2.16299354       0.14394007     -0.40415716        0.09509414    1.13451298e+04
     0.20015165      0.29250236     -0.00178803      -3.71402294       2.54140789      0.00179487        0.00222028    8.44751615e+04
    -0.22454810      0.01800546      0.00797194      -0.24611947      -3.06938260      0.11770742        0.03037239    2.42516269e+04
    -0.33604968      0.15817111      0.00792513      -1.99245059      -4.23315218     -1.67176127        0.09210695    3.05167675e+04
    -0.17685848     -0.12332243      0.00371426       1.69805551      -2.43520595      2.71033164        0.03209354    4.57204569e+04
     0.07144863     -0.00019856      0.00717961       0.00348307       1.25333460      0.51987102        0.02522528    1.97416909e+04
     0.01471296     -0.11979972     -0.00822453       1.84176289       0.22619232      0.21000831        0.05342204    1.09415306e+04
    -0.07352282      0.05493877      0.00729990      -0.90086160      -1.20559454      0.61516398        0.08238017    2.13554508e+04
     0.17813022     -0.33615843     -0.00358760       4.21699566       2.23458434      0.70941098        0.01031468    2.38647939e+04
     0.13183440      0.24235475     -0.00643337      -3.20553517       1.74372402     -0.14055349        0.09430207    3.81657654e+04
     0.23221091      0.04499814     -0.00521260      -0.61017155       3.14876327     -0.63124114        0.07950729    1.74624586e+04
     0.03342120      0.11356585     -0.00164063      -1.75338595       0.51600252      0.59945069        0.01812503    1.14456352e+04
    -0.04672677      0.07321047     -0.00497616      -1.21758421      -0.77712628      0.38571084        0.07120080    1.39070095e+04
    -0.27321963     -0.01819068     -0.00358865       0.24089218      -3.61814188     -0.80989010        0.03849587    1.56116197e+04
    -0.12465052     -0.11007410     -0.00730043       1.58645136      -1.79653510      1.41903561        0.04022947    2.77360250e+04
     0.08321761     -0.05236830     -0.00407646       0.84415817       1.34143786      0.29335204        0.07832901    2.29922332e+04
    -0.21264517     -0.01318268      0.00144568       0.18187907      -2.93382660      0.72981936        0.09627848    1.54448684e+04
    -0.03795829     -0.00030425     -0.00116293       0.00657134      -0.81985072      1.39192089        0.01266559    4.28267291e+05
     0.11890600      0.03883572     -0.00306562      -0.59244699       1.81393564      0.02188882        0.04206302    2.49823294e+04
     0.16069400      0.03582561      0.00492904      -0.51730225       2.32033351      0.31695201        0.04809416    1.30694101e+04
    -0.07255471     -0.02416048      0.00787020       0.41578635      -1.24862015      0.81002724        0.03763118    1.11205592e+04
    -0.43863405      0.17950086      0.00513578      -2.16122616      -5.28124136     -0.72486108        0.03631891    1.17831506e+04
     0.04984440     -0.07944355     -0.00335999       1.29562825       0.81290182      0.05405166        0.00522687    1.32187383e+04
     0.03787347      0.06024611      0.00488884      -1.05804278       0.66513415      0.12554859        0.06855386    1.18916607e+04
     0.09112699      0.01441646     -0.00696040      -0.23608468       1.49229965     -0.95605855        0.04362144    1.22654441e+04
    -0.26625717      0.08829357     -0.00739364      -1.16471238      -3.51229442      2.31763679        0.01947938    1.39323155e+04
     0.01196395      0.15175499     -0.00308746      -2.22417103       0.17534758     -1.40729344        0.08160335    1.20720439e+04
     0.18563258      0.05981881      0.00615405      -0.83785185       2.60006194     -1.29810390        0.08025607    8.91247886e+04
    -0.00431690     -0.02681755     -0.00507304       0.66022350      -0.10627805      1.31422658        0.04863916    1.08628516e+04
     0.02672809      0.02256579     -0.00873493      -0.50259566       0.59530034      0.71326625        0.02984507    2.08015363e+04
    -0.12281276     -0.09943414     -0.00736581       1.44692106      -1.78711628     -1.02596482        0.06380927    1.68433211e+04
    -0.05979484      0.30259827      0.00717490      -3.93110541      -0.77680492      0.60728902        0.02881521    3.64362847e+05
     0.16599339      0.31830828      0.00267567      -4.03297827       2.10314274      1.46785044        0.02360079    1.12475630e+04
    -0.04137785      0.03897813     -0.00493598      -0.73259064      -0.77769311     -0.03026306        0.07305147    1.64983027e+04
     0.05912067     -0.17648340      0.00110592       2.49222748       0.83487830      2.59882290        0.00403252    2.48606121e+05
    -0.29965181      0.24132528      0.00055159      -3.02140919      -3.75166129     -1.72406181        0.00947685    6.98577962e+04
     0.00068562     -0.14177812      0.00310872       2.10731012       0.01019071      0.69382345        0.00067882    5.23289935e+04
     0.22339163      0.22476097     -0.00533625      -2.90713754       2.88942612      1.16652834        0.01529432    1.34286553e+04
     0.01029290     -0.07144800      0.00728806       1.24965834       0.18002756      0.89134390        0.00689900    1.20362828e+04
     0.03347142      0.40677277     -0.00381263      -5.03962187       0.41468682     -0.20435573        0.09958024    2.95820168e+04
    -0.11948763     -0.24349062      0.00388263       3.22939113      -1.58475219     -0.29044148        0.02888100    1.25128615e+05
    -0.38002239     -0.16667073     -0.00967751       2.05871257      -4.69402679      0.44414517        0.01492680    2.22814048e+04
     0.21355789     -0.10189804     -0.00254686       1.38164244       2.89564582      0.81575449        0.02409963    2.30359844e+04
    -0.10262121      0.08784490     -0.00296580      -1.31859539      -1.54039515      0.60247344        0.09361256    1.38346896e+04
     0.37627987      0.16611194      0.00086969      -2.05512197       4.65530060      1.04005789        0.05201602    4.19811763e+04
     0.11083009      0.01340401     -0.00854527      -0.20969249       1.73382664     -1.01886996        0.03648181    1.22725484e+04
     0.05883025     -0.11220218      0.00580263       1.70701304       0.89502717     -0.22777098        0.08733915    1.47154570e+04
    -0.24409915     -0.03824599     -0.00564438       0.51494156      -3.28653557     -0.94001593        0.03949903    1.72765900e+04
     0.04398882     -0.27500450      0.00354076       3.63188607       0.58094456     -0.38611278        0.03350086    2.01018874e+04
     0.03922867      0.39959777      0.00606424      -4.96535245       0.48745064      1.01522089        0.02072825    1.31576460e+04
    -0.05209400      0.07656730      0.00123754      -1.25268080      -0.85228491      0.10798392        0.03777968    1.12827144e+04
     0.29164853      0.05583223      0.00481766      -0.72979223       3.81218592      2.60685916        0.03166844    2.52853350e+04
     0.25704306     -0.06343447      0.00323721       0.84459963       3.42240542      0.19340637        0.06773040    1.40005873e+04
    -0.02380776     -0.04196454     -0.00288940       0.83236802      -0.47222756      0.05969188        0.02895827    2.35530113e+04
     0.12928787     -0.05768754      0.00617717       0.85768554       1.92222324      0.10618292        0.05771997    1.18038542e+04
    -0.01103849      0.11301171     -0.00410597      -1.76115501      -0.17202198     -0.63780869        0.00658922    1.90959482e+04
    -0.09123246     -0.07689810      0.00142426       1.18519834      -1.40612786     -0.05783661        0.01912892    2.11534350e+04
    -0.20465449     -0.42448178      0.00490795       5.11676025      -2.46693270      1.12778803        0.04074053    1.05407989e+04
    -0.09181355      0.20317529     -0.00242088      -2.78198419      -1.25716003      0.11397067        0.09369493    1.49978606e+04
     0.14728270     -0.20786612     -0.00394465       2.78486700       1.97320624     -0.79345973        0.03772520    1.15349637e+04
     0.43634142     -0.15043075     -0.00081308       1.82087398       5.28165103     -0.92508462        0.06640741    1.06694119e+04
     0.10405637     -0.09190651      0.00635927       1.37185738       1.55321414     -0.45020189        0.02550872    5.01520361e+05
    -0.02054064     -0.29854511      0.00859844       3.89746867      -0.26815549      0.07386343        0.01270336    1.46870981e+04
    -0.02657833      0.15248677      0.00090167      -2.22771247      -0.38828864      1.19358654        0.00585366    5.04479021e+04
    -0.06828929      0.33923399      0.00322932      -4.32470623      -0.87058228     -1.34048864        0.03054135    1.33706687e+04
     0.08363329     -0.01960105      0.00806547       0.32692854       1.39493084     -0.31982628        0.01576610    3.07396918e+04
     0.42166327      0.02728561     -0.00802906      -0.33590948       5.19103914      0.14431002        0.01740104    4.04245518e+04
    -0.02041265     -0.09423698     -0.00535843       1.52635422      -0.33062326     -1.83370577        0.07607593    2.43713622e+04
    -0.03396032     -0.12040308      0.00417800       1.83673163      -0.51805970     -0.83359828        0.00158381    1.87568144e+04
    -0.19631695     -0.19069824      0.00647489       2.52554252      -2.59995481     -0.67988854        0.05578101    1.68839777e+04
     0.14309356     -0.00890444      0.00714058       0.13205498       2.12211213     -0.79597037        0.03794614    1.52760283e+04
    -0.07959755      0.19430492     -0.00169786      -2.68736931      -1.10088837      0.19188955        0.05065500    1.25366466e+05
    -0.08445448      0.13313098     -0.00821320      -1.93810452      -1.22947796     -0.16055961        0.05628302    5.62788050e+04
     0.23451950      0.12690043     -0.00124437      -1.68767894       3.11893045     -0.55528610        0.03133677    2.24097879e+05
    -0.09268432      0.03482421     -0.00538531      -0.56040378      -1.49150937      0.42796263        0.02951089    1.14032140e+04
    -0.00319585      0.04596255     -0.00417607      -0.92618088      -0.06439890      1.72307472        0.07334018    3.61740581e+04
    -0.06539192      0.09835119      0.00544535      -1.51926316      -1.01013052      1.63925652        0.08712770    1.40759925e+05
     0.08428833     -0.14340296     -0.00848946       2.06670289       1.21475128     -1.92277177        0.01925816    1.21865132e+04
     0.07564068     -0.03245961      0.00655162       0.54753769       1.27592790      0.57707218        0.00976188    1.07047047e+04
     0.05216363      0.12208275     -0.00144662      -1.83911963       0.78582072     -0.17802329        0.08977958    3.75529651e+04
    -0.10097622      0.10418767      0.00192128      -1.54146130      -1.49394767      0.15515534        0.03498955    2.31872435e+04
     0.04111800     -0.01978257     -0.00820696       0.39997317       0.83134286     -0.39828303        0.05513174    6.00277889e+04
     0.18616525      0.07616618     -0.00325282      -1.06116157       2.59368928      0.11758863        0.03595431    1.16059724e+04
     0.29957961      0.19641143     -0.00820598      -2.48943793       3.79705419      0.15140740        0.01258023    4.70178104e+04
     0.04041897      0.06622927      0.00923087      -1.13521025       0.69280596     -0.57895176        0.05893316    1.24939256e+04
    -0.17042021     -0.11615091      0.00614523       1.61134326      -2.36421263     -0.89636755        0.05251409    1.19334503e+04
     0.13563696      0.18785800     -0.00080734      -2.55595905       1.84544981     -0.44869568        0.02029936    1.19420544e+04
     0.14746999     -0.02998301     -0.00552795       0.44042346       2.16620132      0.23425926        0.04518690    5.16606238e+04
    -0.23347997      0.08122761      0.00866910      -1.09355098      -3.14329388      0.59899634        0.07969475    2.92864573e+04
    -0.14807118     -0.00141229     -0.00310807       0.02081092      -2.18191541      0.85334898        0.05904261    2.07397784e+04
     0.00368428      0.17546200     -0.00678031      -2.50398959       0.05257782     -0.49419002        0.00969173    1.55096994e+04
    -0.01570889      0.00289852      0.00126329      -0.09006747      -0.48813267      0.28384457        0.05480215    7.60043223e+04
    -0.12776969     -0.20678720      0.00887548       2.79156353      -1.72485145      0.96250259        0.07027383    1.63537822e+04
     0.00170351     -0.23031928     -0.00992339       3.13676060       0.02320044      1.16559490        0.07927034    5.22011789e+04
     0.00089932     -0.03699589     -0.00523750       0.80666066       0.01960885     -0.05883285        0.06291176    1.76910855e+04
    -0.12038650     -0.06412064      0.00876895       0.96057014      -1.80347033     -0.22093172        0.01526582    1.59534156e+04
     0.38369198     -0.26301931     -0.00657828       3.17871374       4.63710044      0.19112423        0.07101733    1.84519884e+04
     0.06201020     -0.13754967     -0.00773513       2.01945110       0.91040983     -1.14970747        0.06773418    1.42524063e+04
     0.00773282     -0.17450235      0.00140374       2.49242927       0.11044847     -0.19360951        0.00244269    3.84812655e+04
     0.35845904      0.13059588      0.00723688      -1.63748173       4.49455316      0.74458640        0.04117477    1.99081512e+04
     0.25432540      0.01099765     -0.00045780      -0.14735800       3.40771747      0.64194713        0.03329502    1.29851675e+04
     0.04692066      0.19515381      0.00989129      -2.71991435       0.65394669     -0.27026760        0.06694121    9.13899913e+04
    -0.15346200     -0.25408087      0.00358343       3.32134063      -2.00605256      0.21771820        0.02161358    1.61303932e+04
    -0.29011460      0.18106486     -0.00851850      -2.31283150      -3.70577799     -0.82465034        0.05908719    2.16505202e+04
    -0.13184861      0.09278082      0.00985664      -1.34498510      -1.91132625      0.70349215        0.09132060    9.74729075e+04
     0.12466500     -0.11048340     -0.00184212       1.59184950       1.79617862     -0.07782144        0.07978024    2.61777100e+04
     0.11191683     -0.08617940     -0.00425195       1.28188251       1.66471615     -0.27595145        0.09214577    1.13087511e+04
     0.37639422     -0.24161209      0.00115758       2.94261966       4.58414587     -0.36172384        0.09785060    1.43747974e+05
    -0.09589460      0.22595620     -0.00391385      -3.04549894      -1.29249343     -0.06289387        0.00106701    2.64152619e+04
    -0.02012499     -0.05183191     -0.00827085       0.98107271      -0.38092523     -0.44787764        0.06227413    1.49601288e+04
    -0.04619337      0.33774827     -0.00997143      -4.31650984      -0.59036311      0.65814304        0.04128394    1.15993046e+04
     0.06131918      0.15662531     -0.00100833      -2.25261459       0.88190392     -0.39528355        0.08598545    4.67475262e+04
     0.02004379      0.04602656      0.00673727      -0.90081230       0.39228861      1.59296410        0.02518147    2.58981497e+04
    -0.10382218      0.15890654      0.00144630      -2.23626727      -1.46107360      1.46521050        0.09810295    2.11921195e+04
    -0.13559644      0.06385095      0.00998415      -0.93865606      -1.99336771     -0.89154349        0.06137080    8.69214941e+04
     0.17175173     -0.30804913     -0.00426307       3.91465049       2.18259989      0.06970427        0.07935374    4.56019723e+04
     0.06739022      0.06319691     -0.00439090      -1.03455863       1.10320486     -0.65065662        0.00855996    1.17668950e+04
    -0.02977381     -0.31341537     -0.00680501       4.05814039      -0.38551493     -0.32664756        0.01834579    1.44635090e+04
    -0.18870254     -0.03778790     -0.00671873       0.53050476      -2.64919687      2.00242747        0.07584037    1.32626742e+04
    -0.01049846      0.04319640     -0.00429627      -0.88134686      -0.21420272     -0.30757142        0.00219865    3.79516478e+04
    -0.45407636      0.02049997      0.00585680      -0.24888905      -5.51291809      0.36022604        0.08168780    1.03433700e+04
    -0.05493385      0.16927865      0.00811514      -2.40966079      -0.78197669      0.54132129        0.00139490    2.29458206e+04
    -0.09525123     -0.06568367      0.00950174       1.01928889      -1.47812260     -1.00062937        0.06571188    4.07887066e+04
    -0.15084863      0.06658309     -0.00535421      -0.96115068      -2.17755387     -0.85509547        0.03650939    7.57564167e+04
     0.17263003      0.28942864      0.00762595      -3.70601074       2.21045415     -1.20602237        0.06114949    1.51208366e+04
     0.08879367      0.07986577     -0.00343490      -1.23068906       1.36826320     -0.88597073        0.06960314    5.34887307e+04
    -0.08544592     -0.02581464     -0.00774319       0.42630905      -1.41107393     -2.85003011        0.03424752    1.12299668e+04
     0.05787571     -0.04072299      0.00740050       0.71632093       1.01803866      0.54458240        0.01079624    6.17237349e+04
    -0.06543838      0.09765934      0.00272211      -1.51013577      -1.01189339      2.05419384        0.00696459    1.14444468e+04
    -0.03055106     -0.28493394     -0.00670538       3.74579737      -0.40163022      0.14782074        0.05889360    1.64830025e+04
    -0.08987611     -0.13902352     -0.00140337       2.00537119      -1.29643495     -1.41626886        0.05206554    4.74658937e+04
     0.08978657     -0.04118378     -0.00425485       0.66311809       1.44569272     -0.64277638        0.07422010    1.17428539e+04
     0.03527779     -0.07378514      0.00473589       1.24676607       0.59609765     -0.45887685        0.05097355    1.29359225e+04
    -0.11589284     -0.05154524     -0.00093168       0.78399897      -1.76272059     -1.01758478        0.04224458    3.50914184e+04
    -0.22794233     -0.34478820      0.00978560       4.26190157      -2.81757839      0.86018264        0.03980872    3.48233273e+04
     0.10406735     -0.07723334     -0.00890510       1.16937426       1.57566247      0.81026004        0.00264469    2.73774702e+04
    -0.38710500      0.28304046     -0.00289969      -3.39970317      -4.64966073     -1.15545179        0.03355572    3.19497964e+04
    -0.07869598      0.15023702     -0.00036200      -2.15743880      -1.13009269      0.72508104        0.09760202    2.16121449e+04
     0.08528140      0.00580192      0.00006267      -0.09689561       1.42425031      1.52681266        0.08735556    1.33205646e+04
     0.16845917     -0.32280349     -0.00368128       4.08010742       2.12925681      1.90255821        0.03293781    1.52030913e+04
     0.05108238     -0.15398043      0.00458480       2.22953250       0.73963827      2.86521202        0.05877954    1.21918768e+04
     0.19891001      0.15320139      0.00749494      -2.05734393       2.67116578     -0.90199265        0.08472967    9.93700493e+04
    -0.41842058     -0.21938382      0.00877439       2.64311738      -5.04109518      2.82422043        0.04412743    2.36718818e+04
    -0.04144101      0.00954196      0.00610187      -0.19776071      -0.85888046     -0.35420639        0.00179579    1.65794285e+04
     0.04429880      0.04092828      0.00701160      -0.75510852       0.81729310     -0.59246546        0.00745105    1.84292984e+04
     0.25414882     -0.03118501      0.00101091       0.41745527       3.40213960      0.32707237        0.05103927    1.60798865e+05
     0.02492682      0.11052377      0.00651776      -1.72324087       0.38864873     -0.58206133        0.09694394    1.17899209e+04
     0.07928186      0.03563784     -0.00392992      -0.59257552       1.31827541      0.39904414        0.06932095    2.38303773e+04
    -0.03102171     -0.02103888     -0.00203042       0.45654985      -0.67318040     -1.32007719        0.00709162    2.00332469e+04
    -0.00193675     -0.02764135     -0.00366174       0.67497591      -0.04729358     -0.23875260        0.01893609    2.53382461e+04
     0.27760662      0.05738670     -0.00065225      -0.75573273       3.65583680      1.28558223        0.07713231    1.01825640e+04
    -0.03929085     -0.06082363     -0.00428841       1.06289167      -0.68660672     -0.05706129        0.08414398    7.32078730e+04
    -0.16102055     -0.03312622      0.00923223       0.47845821      -2.32569876      0.14159579        0.06176946    1.29528812e+05
     0.16663935      0.12637343     -0.00374311      -1.74901252       2.30629413      0.47525860        0.06444232    2.27005404e+04
     0.07158743      0.13525419     -0.00803911      -1.98030666       1.04813805      1.17066163        0.00283375    3.22252484e+04
    -0.02815771     -0.01281485      0.00053634       0.29936342      -0.65778283     -1.65522471        0.08285303    1.15306190e+05
    -0.08285349      0.27636237     -0.00885802      -3.62915977      -1.08802280      0.58452405        0.07882752    3.33518156e+04
     0.01770829     -0.00722890     -0.00778914       0.20691400       0.50686700     -0.26813914        0.02590351    1.17787524e+04
     0.11581848     -0.25127027     -0.00561221       3.32193819       1.53118721      0.16663790        0.07086767    2.32842682e+04
     0.36408506     -0.03772604     -0.00071300       0.47641548       4.59777233      1.05995017        0.02148546    2.50405592e+04
    -0.00937034      0.15401974     -0.00133498      -2.25145647      -0.13697539     -1.19418665        0.00403302    1.72380911e+04
     0.18187352     -0.03502165      0.00599384       0.49498951       2.57056679     -1.01264444        0.02011365    3.69112372e+04
    -0.15177492      0.06998785      0.00478949      -1.00776356      -2.18542556     -1.93542996        0.01786289    1.33374848e+05
    -0.08173302      0.11626514     -0.00147363      -1.72726976      -1.21425028     -0.54915894        0.03377480    1.19492626e+05
     0.34296326      0.11226883     -0.00332592      -1.42119224       4.34151434      1.33043234        0.04184495    1.80613319e+04
     0.34663255      0.11932466     -0.00367062      -1.50647259       4.37623238     -0.12058719        0.05085389    1.12626014e+04
    -0.04549258     -0.11928352      0.00547990       1.81179142      -0.69098453     -1.34012490        0.04767539    3.99884625e+05
    -0.20510128      0.05551558     -0.00895855      -0.76628454      -2.83102389     -0.48567874        0.02706746    5.90002197e+04
     0.05862133      0.39449486     -0.00974357      -4.90784560       0.72929833     -1.48786170        0.00291707    1.14079205e+04
    -0.33262045     -0.28944141      0.00591089       3.53483713      -4.06216616     -1.12518610        0.06051016    1.13165011e+05
    -0.00317544      0.17680609     -0.00045707      -2.51971720      -0.04525416      0.38881891        0.03957448    7.20447592e+04
    -0.14137680     -0.07500508     -0.00738238       1.08881081      -2.05229563     -1.17387333        0.02986722    2.05613105e+04
    -0.07125838      0.08701378     -0.00528868      -1.35894953      -1.11288744      1.11263431        0.08669410    2.41174625e+04
     0.19470580     -0.39088152      0.00865008       4.78246525       2.38224035     -0.07112029        0.07467433    1.65292720e+04
     0.03220434     -0.06766784      0.00719006       1.17109570       0.55734553      0.08559470        0.08577655    1.05732166e+04
    -0.19791999      0.02835802      0.00419570      -0.39549604      -2.76029752     -0.27837297        0.04949828    1.49665931e+04
    -0.06718081      0.09147273     -0.00035550      -1.42565745      -1.04705336      0.77284784        0.01309313    4.87388610e+04
    -0.07312873      0.08555763      0.00040647      -1.33598301      -1.14190566      0.78315989        0.06962214    1.00460683e+04
     0.05023424     -0.13758967      0.00950489       2.03182352       0.74182243      0.33505435        0.02060738    1.49290314e+04
    -0.23482282      0.43896107      0.00931541      -5.23153182      -2.79861499      0.56478911        0.04412297    1.65067440e+04
     0.01134814      0.04313803     -0.00569462      -0.87910590       0.23126266     -0.21208967        0.00650008    2.13685097e+04
     0.17191468      0.10121620      0.00622209      -1.41215374       2.39852875      0.54220301        0.08253084    1.11928262e+05
    -0.05415923      0.01150249     -0.00605515      -0.21801415      -1.02651491     -0.33787778        0.01259406    1.52179793e+04
    -0.07791019      0.00878370     -0.00572925      -0.15012708      -1.33160563      0.00223162        0.09030975    1.52319136e+04
     0.08445974     -0.13142261      0.00352186       1.91658256       1.23170635     -0.27464375        0.08642306    3.70543614e+04
     0.03186618      0.17441253     -0.00189998      -2.48442773       0.45391941     -0.45721854        0.04645828    1.81059628e+04
    -0.07858262      0.07287829      0.00863089      -1.15087960      -1.24096129     -0.68911180        0.07443682    1.28594005e+04
     0.04395187     -0.11434303     -0.00821981       1.75221466       0.67352696      0.46769010        0.06194451    1.81131568e+04
     0.02540953     -0.05095361      0.00023051       0.95717633       0.47732438      1.31060591        0.08030756    1.16204543e+04
    -0.08905569      0.07890076      0.00837043      -1.21682341      -1.37343478      1.17110197        0.04318051    1.21156773e+04
    -0.43239964      0.11356176      0.00808227      -1.38320349      -5.26670853     -1.25656534        0.07858085    1.97388197e+04
    -0.13766133      0.39568925     -0.00686942      -4.87896976      -1.69740646      1.28920305        0.04624568    1.70863120e+04
     0.11614290     -0.05239232     -0.00266725       0.79611705       1.76482608     -0.31815850        0.09409658    1.06041662e+05
     0.14465573      0.13353943      0.00238243      -1.86738484       2.02283266      0.60073302        0.04863721    1.55950273e+04
     0.34863169     -0.15412997     -0.00681210       1.93285173       4.37198145     -0.90621533        0.04626193    2.35173746e+04
    -0.00591046     -0.01339569      0.00936044       0.43357248      -0.19130127      0.14197991        0.07850719    2.67337967e+04
    -0.29870626     -0.06004517      0.00829499       0.78160954      -3.88826709      0.31372318        0.08215777    1.01313377e+04
     0.41449675      0.08627026     -0.00666100      -1.06167301       5.10094702     -1.48460479        0.05544891    2.91461913e+04
    -0.05778011      0.00892973     -0.00757689      -0.16635191      -1.07638569      0.60826717        0.01797978    1.21396881e+04
    -0.06728382      0.04404722     -0.00829183      -0.74765677      -1.14207452      1.34593501        0.04677582    2.06014020e+05
     0.23247176      0.37259339      0.00818887      -4.55380475       2.84125001     -0.17464795        0.09680725    1.17257502e+04
    -0.10310180     -0.15463822     -0.00612752       2.18428923      -1.45632912      1.36016813        0.07529862    1.69628920e+04
     0.02189745     -0.00401327     -0.00167430       0.10745055       0.58627760     -0.18969349        0.08111626    1.09229472e+04
    -0.09881074     -0.04070258     -0.00102297       0.64320057      -1.56145186      0.84958453        0.00328255    7.63679951e+05
    -0.03497079     -0.15531894      0.00198022       2.25691855      -0.50815585     -2.21856997        0.04678595    1.98875581e+04
     0.22141013      0.10156662     -0.00856529      -1.37064332       2.98793351      2.41877778        0.06466211    2.43564518e+04
    -0.22782024      0.12962975     -0.00546483      -1.72874120      -3.03820884      1.49545825        0.08300327    1.07112909e+04
     0.36616443      0.32841431      0.00862981      -3.92399644       4.37504660     -0.28462550        0.00492737    3.88290503e+04
    -0.08716301     -0.07472489      0.00816820       1.16160854      -1.35496078     -1.97208903        0.08524389    1.26231791e+04
     0.17234846     -0.07014617      0.00562581       0.99061939       2.43394212      0.28802837        0.05484009    9.01499842e+04
    -0.09711553     -0.15687565     -0.00961198       2.21876435      -1.37354951     -1.44392555        0.01973140    1.25484408e+04
     0.12991345      0.06805893     -0.00345986      -1.00478959       1.91798040      0.44485354        0.03172552    1.23271251e+04
    -0.05051237      0.06540293      0.00255917      -1.10206886      -0.85115618      0.41156572        0.02819296    1.03754262e+04
    -0.43955133     -0.14484717     -0.00449620       1.75234057      -5.31762965     -0.94140317        0.05308590    1.87739230e+04
    -0.27379420      0.19061248      0.00819173      -2.44478833      -3.51167376      1.12096702        0.00516857    2.26856508e+04
     0.08707734     -0.15014476      0.00267779       2.14700522       1.24516841      0.80557470        0.01585362    1.06957769e+04
     0.08228429     -0.19123135     -0.00856187       2.64870065       1.13970039      0.97582334        0.08126930    4.30611927e+04
    -0.07533737     -0.06379849      0.00818011       1.02739806      -1.21321793      0.00885770        0.01326040    1.81407853e+04
    -0.13155735      0.13413169      0.00915533      -1.89101866      -1.85472496     -1.41552407        0.02333963    2.07963490e+04
    -0.00819629      0.24435908     -0.00844575      -3.29564894      -0.11054264      0.97787227        0.04533706    1.77416674e+04
     0.14064735      0.11034011      0.00064720      -1.56941887       2.00049293     -0.27037140        0.05171209    1.65770245e+04
    -0.29585893      0.38192577     -0.00393271      -4.58045328      -3.54824973     -1.38978014        0.07636105    2.24237333e+04
    -0.18047042      0.10954616     -0.00214322      -1.51371497      -2.49375034      1.35203937        0.04473324    1.18159711e+04
    -0.06162644     -0.12251058     -0.00640698       1.83325940      -0.92218364      2.09940752        0.07898646    1.21967410e+04
    -0.15395280     -0.23650167      0.00156144       3.11678610      -2.02889887     -0.04124813        0.06183463    6.81049361e+04
     0.07508530      0.03539479      0.00915959      -0.59570617       1.26371057      2.15912115        0.01130997    1.57863931e+05
    -0.11141942      0.08613536      0.00006145      -1.28199792      -1.65831387      0.09131473        0.01563314    1.58623459e+04
     0.05430375      0.11883094     -0.00834171      -1.79613003       0.82080138     -0.38045590        0.04370337    1.36618970e+04
     0.08511063      0.12835716      0.00240003      -1.87700999       1.24460137     -0.63045845        0.03968894    2.75907392e+04
     0.13423303     -0.25428598     -0.00319554       3.34107063       1.76369158      1.63708241        0.07435443    1.67967527e+04
     0.16344589      0.04406889      0.00711850      -0.63305791       2.34793120     -0.78014388        0.05807371    1.02578042e+04
    -0.25741573      0.14324142     -0.00130644      -1.87473863      -3.36904793      0.73526931        0.03881331    1.18285952e+04
     0.09772927      0.17311157     -0.00614321      -2.41669889       1.36433532     -0.55916384        0.01707603    3.43421343e+04
     0.09391051     -0.08893452     -0.00617789       1.34710213       1.42247410     -0.46030676        0.02268371    2.87632964e+04
    -0.28491094     -0.10671990      0.00537528       1.38949956      -3.70955776      1.03024969        0.05755010    1.02756445e+04
     0.01186968      0.10099657     -0.00468825      -1.61483089       0.18978392     -0.38003685        0.04234388    1.28164451e+04
    -0.09793217     -0.00149369      0.00534467       0.02410052      -1.58012575     -0.40479538        0.05149275    1.29662005e+04
    -0.02036424     -0.17427356     -0.00588225       2.48713570      -0.29062720      1.13280470        0.01706774    2.98662425e+04
     0.10401463     -0.02802152     -0.00356627       0.44198546       1.64063037      1.59739729        0.06629063    1.01990178e+04
     0.00328108      0.01746581     -0.00069026      -0.51678153       0.09708126      0.64468980        0.08525387    1.11491110e+04
     0.16996356     -0.14761464      0.00886392       2.01799227       2.32351720     -0.65476978        0.02579395    4.80577288e+04
     0.16258829     -0.07120387      0.00863463       1.01406421       2.31553398     -0.51060850        0.04915142    1.21471144e+04
     0.13664981     -0.07917681     -0.00586256       1.15226852       1.98867905      0.07991526        0.09755273    2.82660460e+04
    -0.29514982     -0.33654402     -0.00283562       4.09815996      -3.59409504      0.32093006        0.03332417    1.30855960e+04
    -0.13500924     -0.14344596     -0.00701201       2.00570925      -1.88774411     -0.98786591        0.05950463    1.10919710e+04
    -0.28007264      0.19497595      0.00019970      -2.49140114      -3.57876598      0.72303794        0.00901957    1.31707270e+04
     0.00111382     -0.07392192     -0.00078835       1.28421349       0.01934986      0.08551333        0.06060150    3.50931695e+04
    -0.19252941     -0.03835184      0.00801520       0.53656686      -2.69361008     -1.71570832        0.00896318    6.54191254e+04
    -0.15181532     -0.30958865      0.00860011       3.94911785      -1.93655867     -0.92892648        0.09592354    5.61538013e+04
    -0.18109899      0.08737187     -0.00232865      -1.21735377      -2.52325543     -0.50412867        0.07156627    1.64802121e+04
    -0.02956978     -0.25319236     -0.00016524       3.39178266      -0.39611888     -0.07285769        0.07881598    2.95337465e+04
     0.06198414     -0.12265590      0.00792472       1.83463966       0.92713493      1.88927880        0.07041044    1.25460196e+04
     0.03565190      0.04682872      0.00613416      -0.87056011       0.66277971      0.23817131        0.05897290    1.40887982e+04
     0.08040311     -0.14008148     -0.00992687       2.02997410       1.16515208     -0.84077189        0.04499128    8.87882309e+04
    -0.13899272     -0.03596344     -0.00359881       0.53319822      -2.06072278      0.22063080        0.08583734    1.01303975e+04
     0.19280650     -0.28499116     -0.00156452       3.63662412       2.46030351     -0.35208775        0.09568357    1.09248240e+04
    -0.09375430      0.04318440     -0.00540567      -0.68801762      -1.49370174      0.32475824        0.04990362    1.25914040e+04
    -0.32422110      0.30816323     -0.00600857      -3.75308998      -3.94865717      0.58056769        0.09315350    1.02697544e+04
     0.37513525     -0.22166119     -0.00924431       2.71317528       4.59172695      1.20923065        0.05833329    1.21894892e+04
    -0.00076549      0.10419245      0.00286739      -1.65631341      -0.01216870     -0.02428650        0.05383842    2.36524683e+04
     0.07306494     -0.10866475     -0.00474979       1.64169523       1.10385718      1.63896053        0.04544827    1.71588484e+04
    -0.36619853      0.03689100     -0.00895306      -0.46543315      -4.62012239      0.90802266        0.02092878    8.60178012e+04
    -0.44539942     -0.03954994     -0.00538041       0.48170720      -5.42484072     -0.70743954        0.00037197    5.24298966e+04
    -0.05650771      0.14683536      0.00603828      -2.13845462      -0.82295688      2.20985567        0.02415062    1.51148543e+04
    -0.11090739     -0.05480227      0.00702978       0.83801734      -1.69595749      0.32699451        0.05097232    1.34558570e+04
    -0.08293259      0.16223181     -0.00033868      -2.29964813      -1.17557569     -0.83512450        0.03799600    1.60229573e+04
     0.23405510      0.05895124     -0.00167859      -0.79673931       3.16330755      1.65291305        0.04484852    2.40611341e+04
    -0.01530503      0.11002235      0.00955707      -1.72315312      -0.23970497      2.07777759        0.09806482    1.36125356e+04
     0.26352333      0.01056786     -0.00598871      -0.14079344       3.51086673     -0.03302526        0.03502724    2.61716675e+04
     0.04277896     -0.00585411     -0.00569281       0.12067464       0.88183035     -0.50365026        0.04521829    1.68156968e+04
     0.04116169     -0.00899804     -0.00416266       0.18710414       0.85591158     -0.17237496        0.01335156    2.20520154e+04
    -0.11174713      0.08650544     -0.00654485      -1.28661329      -1.66203804      0.71473173        0.00479577    1.75983610e+04
    -0.01793826     -0.13118252     -0.00241269       1.97731067      -0.27038298      1.27785666        0.07754095    1.41147464e+04
    -0.06924296      0.10078608      0.00821668      -1.54506623      -1.06150536      0.57048733        0.05706832    1.63850551e+05
    -0.08151310     -0.15071468      0.00230696       2.16023355      -1.16834888      0.10172321        0.07607048    4.09785239e+04
     0.04219508     -0.11621511     -0.00176107       1.77733910       0.64531166      1.49801177        0.01498628    1.16105188e+04
     0.08420201     -0.02926911      0.00868822       0.48351856       1.39099650     -0.31283647        0.05718288    7.13181791e+04
    -0.09769491      0.07078061     -0.00903072      -1.08827522      -1.50209135      1.03091934        0.02536425    1.93257959e+04
     0.09533176     -0.44899104     -0.00579448       5.44071644       1.15519699     -0.28806280        0.02280618    8.74177107e+04
    -0.01480577      0.14744300      0.00131777      -2.17235147      -0.21814080      0.43102296        0.00115260    4.80438244e+04
     0.15740838     -0.00957338      0.00231105       0.13936135       2.29142094     -0.11356256        0.01303407    1.72700049e+04
     0.19621175      0.03205023     -0.00920885      -0.44742514       2.73914008     -0.05585218        0.03092681    1.02275070e+04
    -0.37550053     -0.28574799     -0.00193922       3.44353028      -4.52513222     -0.37738652        0.01168788    1.36238035e+04
    -0.05523385     -0.08644038      0.00298308       1.37922150      -0.88129775      1.34485403        0.09858584    2.15618486e+04
    -0.09054861     -0.22074082      0.00396141       2.98899126      -1.22609402     -0.73292604        0.03086326    2.68199651e+04
     0.18471244      0.17430495      0.00276280      -2.33639974       2.47590268     -0.74023225        0.01303239    1.34283850e+04
     0.19421103     -0.07897655     -0.00358874       1.09258237       2.68676649      2.12099357        0.01990823    1.16004236e+04
     0.02409736      0.05221363     -0.00812960      -0.97776848       0.45125455      0.97784756        0.05877032    5.76637867e+04
    -0.16973916     -0.16501355     -0.00145775       2.23726441      -2.30133455     -2.38511370        0.00640435    3.93053316e+05
     0.00826308      0.04765655     -0.00742491      -0.94447281       0.16376037     -0.56525874        0.08624341    2.08521559e+04
    -0.07234784      0.19249963      0.00895247      -2.67182201      -1.00416065     -1.81198934        0.09614997    1.20476483e+04
    -0.25404451     -0.07633821     -0.00049658       1.01609116      -3.38143092     -0.95069069        0.02467474    1.36908330e+04
    -0.08181964      0.04687822     -0.00365482      -0.76348916      -1.33256795     -3.13851467        0.04500953    1.01854440e+04
     0.17384807      0.27480095      0.00532608      -3.53944161       2.23916653     -0.13698958        0.00221345    1.05436094e+05
     0.01562463      0.02882149     -0.00004103      -0.65814230       0.35679044     -1.14194182        0.06407102    1.13195617e+04
    -0.28445621      0.16072711     -0.00379932      -2.06855782      -3.66095123      0.05990526        0.04139261    2.32965184e+04
     0.00742087     -0.16205499      0.00623935       2.34646748       0.10745007     -1.62512126        0.02700585    1.37233447e+04
     0.07701846     -0.05747625      0.00734304       0.93170875       1.24849425      0.08291185        0.02068371    2.21550787e+04
     0.06235538      0.03641705      0.00346016      -0.63688763       1.09051598     -0.41491628        0.06540231    2.81615719e+04
    -0.33622732      0.26728055     -0.00906071      -3.28042761      -4.12663543      1.50195297        0.04162170    5.60049598e+04
     0.04178139      0.03045456      0.00132646      -0.59023875       0.80976360      1.41135686        0.01796593    1.25684519e+04
     0.09054270      0.00947375      0.00526590      -0.15566723       1.48774528      0.78534560        0.06891091    1.01100568e+04
    -0.06893319     -0.11125903     -0.00726994       1.68105540      -1.04153803     -0.32661378        0.05650723    1.15676044e+04
    -0.17148572     -0.12866996     -0.00542658       1.77337139      -2.36347223      1.98538040        0.08586721    9.17586555e+04
     0.09781517      0.16079475      0.00764990      -2.26622057       1.37859452     -1.55303528        0.01174759    7.41571173e+04
     0.00707728      0.06934494     -0.00959757      -1.22511569       0.12503423     -1.40355863        0.07856666    2.44761475e+04
     0.11411992      0.01712619      0.00505454      -0.26592377       1.77197642     -0.08378310        0.06735168    2.46616235e+04
     0.05179936     -0.08765428     -0.00052453       1.40109233       0.82797650      2.25403811        0.01150109    2.92728314e+04
     0.09380099     -0.01504360     -0.00106456       0.24455823       1.52488767     -0.20233891        0.06948207    1.21009349e+04
     0.09768051      0.11144382     -0.00985807      -1.64193873       1.43915938     -0.18324524        0.04415473    1.05560758e+05
     0.02886095      0.24683689      0.00638796      -3.32026365       0.38821571     -1.44191036        0.09449848    1.70818355e+04
     0.06505732     -0.07068137     -0.00280350       1.14587590       1.05469974      0.94592959        0.01416114    1.61110280e+04
     0.12171426     -0.06061298      0.00081531       0.90860637       1.82453248      0.95317625        0.06428334    2.05646446e+04
    -0.12479053      0.06898513      0.00354601      -1.02418555      -1.85269870      0.78907520        0.03819800    1.04876364e+04
     0.43816505      0.14426551      0.00405259      -1.74642806       5.30427370     -0.62922067        0.09568147    1.19706079e+04
     0.41810502      0.10564979      0.00911960      -1.29570046       5.12768535     -0.70670677        0.03299749    3.71268676e+04
    -0.26660799     -0.13363512      0.00062680       1.74555581      -3.48246122     -1.29312225        0.09621859    1.08928983e+04
    -0.08022785      0.06394827     -0.00200561      -1.02030625      -1.28004987      0.08387250        0.09014859    2.48213230e+04
     0.04911606      0.00893907      0.00907407      -0.17527785       0.96307049     -1.08040733        0.02703832    1.32082184e+04
    -0.10622177     -0.06125516      0.00284220       0.93848823      -1.62742011     -1.17741651        0.08035418    1.62708156e+04
     0.10903018      0.00775592     -0.00403699      -0.12192242       1.71394485     -0.42369072        0.09956042    1.40018135e+04
     0.04092486     -0.17107051     -0.00747072       2.44032070       0.58379314     -0.48915618        0.02526630    1.54348615e+04
    -0.09904451      0.26752513      0.00685109      -3.51950111      -1.30300758     -0.53797853        0.04367772    3.47048031e+04
     0.32661773      0.08442579     -0.00275637      -1.08085030       4.18148123      0.46644460        0.05201807    1.41673260e+04
    -0.27829577     -0.17259641      0.00320939       2.22048303      -3.58032370      0.07904780        0.02949311    2.27655910e+04
    -0.10731207      0.08037791     -0.00058367      -1.20837996      -1.61330090     -0.28815603        0.00152648    1.89139568e+04
     0.23787472     -0.03951578     -0.00602140       0.53414774       3.21543066      0.18301293        0.02201292    2.91574478e+04
    -0.11687895     -0.03331925      0.00203373       0.51146856      -1.79415529     -0.99152704        0.02819369    1.37857717e+05
    -0.00743488      0.04648972     -0.00878634      -0.92985940      -0.14870807      0.10527862        0.04435997    3.63962443e+04
    -0.06237403     -0.23942317     -0.00173315       3.22286507      -0.83961413      0.15060249        0.01711025    1.27031064e+04
    -0.00248890      0.01831890      0.00093230      -0.53241882      -0.07233713     -1.50304686        0.08732544    1.03185470e+04
     0.12171910     -0.08356897     -0.00127906       1.23214557       1.79463330      0.99569375        0.07049111    1.35069682e+04
    -0.08890000      0.08921114      0.00497344      -1.35894648      -1.35420684     -0.88143371        0.00852005    2.43384298e+04
    -0.23192884     -0.07514655      0.00655850       1.01396544      -3.12945622      0.09030980        0.06500925    1.05364258e+04
     0.26503075      0.08717006      0.00542486      -1.15089368       3.49916265      1.16441174        0.06536565    1.96619167e+04
    -0.10659769      0.05337166     -0.00922374      -0.82275476      -1.64326445      0.92567676        0.09562212    2.44423730e+04
     0.15102191     -0.26529788     -0.00611742       3.45230993       1.96524168      0.03433339        0.00030209    1.49454815e+04
     0.03991283     -0.10946001      0.00073215       1.69598245       0.61841269     -0.36249900        0.02479324    4.22302793e+04
     0.02541086      0.15610894      0.00869644      -2.27123321       0.36970333      0.94751191        0.09277915    1.11798332e+04
     0.03880517      0.25623836      0.00669914      -3.42344757       0.51845274      0.67469498        0.09321339    1.08036442e+04
     0.09997296     -0.22213969      0.00685069       2.99776895       1.34913237     -0.61836502        0.07205864    3.58303336e+04
     0.43329639     -0.20257049     -0.00393584       2.43443285       5.20722932     -0.79489365        0.07657633    1.96284878e+04
     0.08105598      0.05535471     -0.00141104      -0.89267466       1.30714474     -2.07235518        0.00914830    3.13989855e+04
    -0.21945502      0.07121588     -0.00058588      -0.96962846      -2.98795498      0.15403184        0.05138758    1.75586171e+04
    -0.10994012      0.17952171     -0.00685257      -2.48184211      -1.51989427     -0.08269775        0.02315830    1.32264287e+04
     0.26586635     -0.28067593     -0.00937864       3.51111595       3.32585548      1.13619137        0.01812180    5.28852317e+04
     0.06831808      0.03955319      0.00893806      -0.67476329       1.16548210      0.35905509        0.08103033    4.79436306e+04
     0.06563810      0.26336457     -0.00518575      -3.49257983       0.87045226      1.33422919        0.01350381    3.20255698e+04
     0.00303957     -0.19597122     -0.00520102       2.74253082       0.04253738     -0.69736423        0.04686516    1.36878240e+04
     0.10566278      0.03528412     -0.00833242      -0.55225539       1.65379869      1.13815033        0.09385782    2.40574507e+04
    -0.16619430      0.00780050      0.00857016      -0.11241494      -2.39506826     -0.52891638        0.01858321    1.55609123e+04
    -0.11880105      0.04522670      0.00159474      -0.68757168      -1.80610646      0.77759606        0.09779934    1.09970624e+04
    -0.10104017      0.17232612      0.00334074      -2.40371935      -1.40937555     -1.45875839        0.09942880    1.08861832e+05
    -0.28562841      0.22278804      0.00823154      -2.81842526      -3.61340011      0.23513530        0.05556172    1.15667170e+04
    -0.19288135     -0.03671947     -0.00308760       0.51371384      -2.69845471     -1.98468794        0.01701427    1.68733598e+05
     0.11559811      0.18566014      0.00243015      -2.55031033       1.58790709     -0.26713749        0.03161049    1.79065687e+04
    -0.16179110     -0.07862616     -0.00922401       1.11708316      -2.29865112      0.44035399        0.04244928    1.22441223e+04
     0.01466263     -0.04038251     -0.00626455       0.83390891       0.30278704     -0.52096855        0.03093242    2.15741323e+04
     0.00639472     -0.10002704      0.00662492       1.60490213       0.10260121     -1.05043763        0.02806356    7.36465843e+04
     0.09745652      0.14129219      0.00533537      -2.02453595       1.39642700      0.84611847        0.09722297    3.63507665e+04
     0.07149075      0.09742906     -0.00298715      -1.49745168       1.09878861     -0.10346279        0.01533648    4.96266922e+04
    -0.00982328      0.08564929     -0.00246379      -1.42720710      -0.16368907     -0.48957065        0.07333279    2.87517871e+04
    -0.11267918      0.13434819      0.00067109      -1.91756848      -1.60828411      0.04189592        0.00004103    3.17817281e+04
    -0.10420754      0.06755942     -0.00999518      -1.03222741      -1.59216687      2.63666914        0.05961827    6.27760952e+04
    -0.04573926     -0.09672281     -0.00517511       1.52803463      -0.72259240      1.15350285        0.09159430    1.32832348e+04
     0.15304858      0.05693332     -0.00583536      -0.82334694       2.21332726      1.16257367        0.02879341    1.93997980e+04
     0.07035675      0.01557475     -0.00499034      -0.27254474       1.23118255      0.43554632        0.01855260    1.28040538e+04
    -0.31103074      0.25107951      0.00611812      -3.12238217      -3.86792546      0.16648527        0.06516798    4.50274558e+05
    -0.11230729     -0.32577482     -0.00440652       4.15602819      -1.43274509     -2.39608229        0.07126014    1.52949040e+05
     0.08704065      0.23450521     -0.00616957      -3.15107059       1.16957420     -0.67898035        0.06880305    1.04061797e+04
    -0.04000940     -0.04930468      0.00008527       0.89545059      -0.72663371     -0.48057441        0.03193169    3.31696324e+04
    -0.01754149      0.28370234      0.00731290      -3.73448813      -0.23090574     -1.87489206        0.02522024    1.19041715e+05
     0.22863731     -0.19881445     -0.00517301       2.59030329       2.97885782     -1.15741579        0.09559188    1.21768506e+04
     0.22183844     -0.17054038     -0.00842928       2.25056303       2.92752593     -1.98083647        0.09232995    2.28449125e+04
    -0.01932678      0.06312285     -0.00287191      -1.13312062      -0.34693569     -0.03832384        0.04573166    1.06761658e+05
     0.02800783      0.22163485      0.00495304      -3.03374950       0.38337265      0.81876597        0.08461939    1.03477519e+04
    -0.27167778      0.16930570      0.00101381      -2.18625514      -3.50819214      1.10677452        0.04523235    3.23045481e+04
     0.01183721      0.19873724      0.00633587      -2.77373067       0.16520920      0.41478446        0.04243890    1.41718439e+04
    -0.10513628     -0.19821791      0.00919184       2.71125563      -1.43807044     -0.96339634        0.01567629    1.17858141e+05
     0.07434998     -0.14353811      0.00585325       2.07973829       1.07726437     -1.93206516        0.04264061    2.58716567e+05
    -0.08504280     -0.16207314      0.00207606       2.29554100      -1.20451310     -1.75686870        0.05374169    1.53430297e+05
     0.01574045     -0.03120657     -0.00013317       0.69526301       0.35068737     -1.26898258        0.00225043    1.88491492e+04
    -0.17668856      0.13354525     -0.00919862      -1.83059291      -2.42198671     -0.88885970        0.04441130    6.82231666e+04
     0.03051496      0.04571049      0.00968644      -0.86843833       0.57974351     -0.15974850        0.07813562    6.10142662e+04
    -0.01171750     -0.15447973     -0.00233038       2.25644226      -0.17115430     -1.01416422        0.06800461    1.46179483e+04
    -0.07431919      0.08929308     -0.00695544      -1.38440310      -1.15224727      0.33897589        0.06351570    5.57495390e+04
    -0.08944771     -0.16582762      0.00333418       2.33670741      -1.26042416     -0.23227350        0.09095554    1.03803092e+04
    -0.00932591      0.07149466     -0.00431423      -1.25089555      -0.16316942      0.01054571        0.00180320    2.44085312e+04
     0.21206908      0.11872875      0.00171557      -1.60283734       2.86293125      1.14025055        0.05570476    1.29484828e+04
     0.29485278     -0.01375304      0.00173536       0.17994152       3.85778533     -1.18023173        0.07873488    1.13553936e+04
     0.04500513      0.06731054     -0.00108540      -1.14042600       0.76251100      0.41870458        0.05413354    1.08246625e+04
     0.06270201     -0.00456983      0.00672237       0.08324532       1.14219829     -0.01397323        0.03238956    3.21880698e+04
     0.07497588     -0.01077644     -0.00470066       0.18594695       1.29370523     -0.33348628        0.01362506    1.50710498e+04
     0.09574123     -0.33891762     -0.00102735       4.30797542       1.21696502      0.88525632        0.08875631    3.54006240e+04
    -0.09854327     -0.15404200      0.00075384       2.18214061      -1.39595218      0.87901415        0.04707624    1.06917884e+04
    -0.14501649     -0.07714085      0.00327249       1.11435452      -2.09486645     -0.94649080        0.08781152    1.45377878e+04
     0.04242822     -0.04745912      0.00567944       0.86126200       0.76996396     -0.18216058        0.05858521    2.14636666e+04
    -0.05533779      0.21872125     -0.00210385      -2.98897946      -0.75622971      0.28121168        0.06741921    4.60438933e+04
    -0.33773935      0.06954151      0.00292094      -0.88706590      -4.30817580     -0.27300675        0.08042612    1.46105907e+04
    -0.23115990     -0.21541222     -0.00698778       2.78753954      -2.99132225      0.58502133        0.06591555    2.62903613e+04
    -0.18371452      0.11467023      0.00865296      -1.57775308      -2.52773670      0.28119202        0.03980548    8.13788644e+04
    -0.04731279      0.02318329     -0.00233882      -0.44653471      -0.91129442      1.83256124        0.05136334    2.56216160e+04
    -0.03166242      0.05735050      0.00459043      -1.03185604      -0.56967342     -1.53027914        0.08030455    1.29976454e+04
    -0.03875467     -0.01654902     -0.00959318       0.34409962      -0.80581607     -0.12243599        0.03736503    1.02475477e+04
     0.06310166     -0.08619593     -0.00589626       1.36222812       0.99724966     -0.90850251        0.03881215    7.21489713e+04
     0.02182575      0.06943458     -0.00025835      -1.21159575       0.38084754      0.60410746        0.00956901    1.02150964e+04
     0.09851468     -0.04304841      0.00756505       0.67931892       1.55459588     -1.61717189        0.09145844    7.46016214e+04
    -0.05264887     -0.13078054      0.00054510       1.94606191      -0.78343435      0.34631271        0.00910363    2.09928688e+04
     0.18522857     -0.37349471      0.00859741       4.60945899       2.28598543     -0.63004843        0.06482092    1.42201030e+05
    -0.19776390     -0.07287524     -0.00032406       1.00727774      -2.73348217     -0.73416187        0.04131945    4.78000970e+04
     0.05911020     -0.31506142     -0.00019102       4.06748827       0.76312123     -1.44649820        0.04056194    8.30204116e+05
     0.25007845      0.02554379     -0.00760506      -0.34295947       3.35763658     -0.46507595        0.06795518    1.53187377e+04
     0.02730253     -0.05958731      0.00605312       1.07193396       0.49115339      1.08450053        0.00670937    4.15828782e+04
     0.25512980      0.06574352     -0.00506069      -0.87603220       3.39960372     -0.02518868        0.05937058    1.66088569e+04
     0.08588385     -0.07112807      0.00799225       1.11301070       1.34390886      0.62768042        0.07720318    1.90504082e+04
     0.22125299     -0.01118268      0.00821648       0.15328200       3.03273368      1.66464182        0.08282128    2.64012746e+04
    -0.03527487      0.12412699      0.00886620      -1.88107869      -0.53457193      0.26375558        0.01705304    7.40413549e+04
     0.12234494      0.48049266      0.00040461      -5.73139045       1.45934931     -0.55879957        0.08974191    3.88238463e+05
     0.01045181     -0.10793778      0.00354188       1.69988314       0.16460277      0.46725222        0.06561461    4.17694682e+04
    -0.00214067      0.11256395      0.00557032      -1.75757183      -0.03342436     -0.54429615        0.08818548    1.70528894e+04
     0.26751053     -0.30127833     -0.00737971       3.74133711       3.32200156     -0.50442268        0.04852807    1.71568797e+04
     0.02352548      0.01774275      0.00201914      -0.42260667       0.56034306     -1.51989280        0.05420333    3.70653822e+04
     0.17237567      0.17445727     -0.00931404      -2.35170994       2.32364961      0.92625749        0.09190383    1.30956795e+04
     0.25614049     -0.03374628     -0.00004868       0.45109038       3.42385945     -0.38600258        0.08999095    1.12279992e+04
    -0.14805473     -0.28540708     -0.00690315       3.68283952      -1.91047052      0.18209825        0.04481609    1.54101236e+04
     0.26208808     -0.37598245     -0.00634154       4.55736637       3.17682756     -1.03596193        0.02744126    1.39736351e+04
    -0.20712121      0.41076797     -0.00269905      -4.97533367      -2.50870858      0.43594763        0.03931704    1.41511778e+04
    -0.02176532     -0.04371971     -0.00135126       0.86361790      -0.42994150     -0.76194124        0.03877643    1.30084968e+04
    -0.25870721     -0.17402143      0.00246345       2.25679910      -3.35504774     -0.14170872        0.02868669    1.04348435e+04
    -0.17884671     -0.13542782     -0.00851143       1.85245519      -2.44636222      0.87782603        0.02685796    1.01801396e+04
    -0.09244254     -0.20484892      0.00007384       2.80119797      -1.26410167      0.79075931        0.08610629    4.51368759e+05
    -0.06278295     -0.03216819     -0.00634750       0.56635449      -1.10535936     -0.02203007        0.00698619    1.73459154e+04
    -0.20379625      0.09736981      0.00147950      -1.33038393      -2.78451044     -1.76813103        0.06776112    1.61416170e+04
    -0.07629745      0.46428601      0.00274809      -5.59831179      -0.91998660      2.99281057        0.01728201    3.05670939e+04
     0.04465491     -0.38074393      0.00113419       4.76995894       0.55943657      1.74585897        0.03445059    1.27562629e+04
     0.02318578      0.15436692      0.00476591      -2.25152893       0.33817775      0.72267482        0.00615430    1.67958751e+05
    -0.01338343     -0.03532040     -0.00328782       0.76428608      -0.28959946     -0.75320378        0.02699736    4.51429696e+04
     0.01408921      0.13404570      0.00530213      -2.01301642       0.21158308     -0.11359216        0.07684211    1.09711304e+04
    -0.22211887     -0.22304237     -0.00134466       2.88805312      -2.87609527     -0.54342043        0.08850153    1.70475361e+04
    -0.00454119     -0.24734337     -0.00031631       3.32954306      -0.06112992      1.26385594        0.02215272    7.71171300e+04
     0.03162839      0.15881834      0.00296204      -2.30037018       0.45811469      0.26250289        0.04635478    1.54522969e+05
     0.04153273      0.01642686     -0.00963283      -0.33461040       0.84600984     -0.78416386        0.04703240    1.86125289e+04
     0.10379194      0.11189122      0.00307988      -1.63909626       1.52044972     -0.47075510        0.08735753    2.54632578e+04
    -0.12956424     -0.10180663      0.00237170       1.46980233      -1.87054450      1.12118814        0.07627991    1.19812652e+04
     0.23433783     -0.32490897     -0.00380306       4.03893590       2.91304812      1.60009785        0.05130772    5.33530807e+05
     0.21347505      0.06201561     -0.00828411      -0.84956656       2.92444531      1.52833156        0.06707472    1.29761431e+04
    -0.01205134     -0.12062073     -0.00818129       1.85263909      -0.18509911      0.75703207        0.08473551    1.49935055e+05
    -0.09876570      0.15281637      0.00846447      -2.16670489      -1.40034815     -0.25262487        0.00095390    2.80229932e+04
    -0.04869921      0.00661017      0.00378559      -0.13029759      -0.95994295     -3.24151383        0.04028900    2.51041462e+04
     0.41082415     -0.19692708     -0.00745795       2.38980535       4.98554979      0.29716002        0.09072432    2.03071095e+04
    -0.06609338      0.11677332     -0.00286554      -1.75525774      -0.99347105     -0.00182876        0.07403130    1.29594634e+04
    -0.16344308      0.03617073      0.00184966      -0.52067495      -2.35275103      0.13998210        0.05428414    1.21177274e+04
     0.13240050      0.01141048      0.00671143      -0.17185830       1.99414223      0.05389735        0.05296445    1.27923262e+04
     0.20836889      0.11729266     -0.00912678      -1.58766097       2.82045907     -1.32626216        0.03477701    1.22635267e+04
    -0.01244699      0.23035021     -0.00526734      -3.13637448      -0.16947418      0.55740856        0.05205205    4.38190260e+04
     0.24978928      0.04416510      0.00779498      -0.59210869       3.34885239      0.63221631        0.06553832    1.53051231e+04
    -0.07437687     -0.08058767     -0.00981669       1.26587506      -1.16831563      0.68233878        0.04183630    1.06074263e+04
    -0.10944431      0.05455879     -0.00597202      -0.83638074      -1.67777018      0.94657700        0.07141531    2.46375835e+05
    -0.06642351     -0.02072967      0.00918048       0.36641676      -1.17409909      0.60405164        0.08612322    7.99667505e+04
     0.10394999      0.20290014      0.00226804      -2.76800130       1.41810498     -0.41002941        0.01546848    1.22661400e+05
    -0.01072896      0.03613804     -0.00476657      -0.78254783      -0.23232918     -0.07083685        0.04515470    6.64838115e+05
    -0.10626887     -0.17669908     -0.00866018       2.45140868      -1.47430561      0.09112487        0.04080201    1.20795749e+04
     0.33797432     -0.07487153     -0.00943617       0.95443633       4.30837970      0.10769945        0.06874648    1.64549355e+04
     0.34574149      0.11334004     -0.00510510      -1.43275456       4.37058871      0.99821766        0.02498675    4.01052508e+04
     0.12271389     -0.10101963      0.00762972       1.46836080       1.78369556      0.64366875        0.06402509    3.21605880e+04
    -0.14339764     -0.07521277     -0.00168173       1.08941799      -2.07704045      2.07734344        0.08774892    1.17974187e+04
    -0.04907480     -0.02084218      0.00440667       0.39988622      -0.94156826      2.20646898        0.04181316    5.19952647e+04
    -0.23418323     -0.00040984      0.00836570       0.00556651      -3.18069651      0.07964958        0.09110157    1.28567121e+04
     0.28227754      0.13151946     -0.00183919      -1.70594643       3.66143817     -3.83665555        0.09931637    1.28465260e+04
     0.08734518      0.05533618     -0.00617445      -0.88126263       1.39102561      1.23683247        0.01060920    2.13494874e+04
    -0.12168331     -0.08947792      0.00034236       1.31341119      -1.78614150     -0.54037634        0.02330532    2.42136927e+04
    -0.17483447      0.27186188      0.00816167      -3.50502788      -2.25408471     -0.80148392        0.09503798    2.34899126e+04
     0.30565593     -0.17493390      0.00608749       2.22358772       3.88519763     -0.39844527        0.09583277    1.09959223e+04
    -0.08576650      0.05704228     -0.00868340      -0.90926055      -1.36712795     -0.44664305        0.00977073    7.61534897e+04
     0.11812676      0.14893913      0.00385146      -2.09545580       1.66195013      0.61226981        0.00149985    1.35674909e+04
    -0.01961420     -0.08702643      0.00143795       1.43738504      -0.32396087     -1.55943578        0.01611000    1.14707809e+04
    -0.01669641      0.05977071      0.00814926      -1.09310600      -0.30534941     -1.07772075        0.09960128    8.32366395e+04
    -0.37777922     -0.06097924     -0.00755037       0.76418598      -4.73429277      0.34315855        0.01799996    1.85511490e+05
    -0.10009885     -0.29437190      0.00068072       3.81928492      -1.29871780      0.62294403        0.05025476    6.82623403e+04
     0.22331406     -0.16168164      0.00758925       2.13874171       2.95402172      0.64154164        0.08484177    5.03577703e+04
     0.01097717     -0.04043384     -0.00179952       0.84246956       0.22871756     -0.78703628        0.00204016    2.84648530e+04
    -0.14580797     -0.29231757     -0.00036010       3.76223967      -1.87660472     -0.97826565        0.06044890    2.19948830e+04
    -0.06665594     -0.14080780     -0.00859079       2.05454522      -0.97258570     -0.50663483        0.02770254    1.09423185e+04
     0.12202723     -0.04313334     -0.00443713       0.65325301       1.84809855      0.23987275        0.08623349    1.67889090e+04
    -0.05359901      0.18098578     -0.00350987      -2.54949118      -0.75503277      1.48547737        0.02834611    1.58468970e+04
     0.05847420      0.00040859      0.00890245      -0.00761132       1.08926004     -2.04743719        0.06867557    1.34617811e+04
    -0.03766691      0.27132414     -0.00434665      -3.59282625      -0.49877858     -0.22072876        0.06742196    3.52343328e+04
     0.04024434      0.19676809     -0.00078263      -2.74211705       0.56083635     -1.33267844        0.02214935    1.96431615e+04
    -0.04606390     -0.07446879      0.00342609       1.23588825      -0.76447914     -1.65224268        0.00347992    1.08723513e+04
    -0.05874318     -0.06555357     -0.00675633       1.08646204      -0.97358910      0.96695665        0.04092496    1.27874191e+04
    -0.07234927     -0.04815269     -0.00027115       0.80070413      -1.20305554      0.54462457        0.02891932    3.09048485e+04
     0.04522967      0.00463226      0.00477078      -0.09377369       0.91561197      0.44943352        0.08089777    1.08151316e+04
    -0.02694927     -0.20090805      0.00733710       2.79538024      -0.37496488      0.92102584        0.08003642    6.35707075e+04
    -0.14454615      0.29028322      0.00252519      -3.74053845      -1.86259619     -0.47971890        0.04570240    1.96153455e+04
    -0.01259195     -0.02130893      0.00338107       0.54529080      -0.32222521     -0.43263752        0.06065122    1.90759864e+04
    -0.03937787     -0.01461965     -0.00747433       0.30433420      -0.81972077      2.18573062        0.06042595    2.41828440e+04
    -0.10868369      0.16493310      0.00891553      -2.30507099      -1.51894086     -0.24657105        0.08271581    5.44763655e+04
     0.20580520      0.23219105     -0.00734852      -3.01355669       2.67110056      0.73513211        0.04250024    1.52516007e+04
     0.10383914      0.07001614      0.00549346      -1.06783288       1.58367562      0.00638154        0.02754467    3.04169548e+04
     0.06438075     -0.11450682     -0.00470367       1.72879734       0.97200553     -1.84825853        0.02650349    2.27311290e+04
     0.17926548     -0.10091564      0.00867186       1.40058713       2.48798812     -2.04462900        0.05361923    1.35935684e+04
    -0.06552739     -0.08993859      0.00439919       1.40803654      -1.02586617     -0.57898422        0.04491482    7.68306948e+04
     0.02439733      0.01854294      0.00507627      -0.43480878       0.57208681      1.05610125        0.04401208    4.74950542e+04
    -0.21482593      0.15193757     -0.00561882      -2.02498658      -2.86314731      0.78829166        0.00911373    2.87246802e+04
    -0.02855415     -0.21452067     -0.00113920       2.95194673      -0.39292406      0.91407716        0.07186037    6.33215624e+04
     0.03730373     -0.19675580      0.00235626       2.74330832       0.52011502     -0.98704618        0.02137367    7.07319921e+04
     0.19615982      0.18011744      0.00539947      -2.39591880       2.60931419      1.61587249        0.01969536    3.34760918e+04
     0.23604164      0.00004556     -0.00792081      -0.00061798       3.20179141     -0.96489330        0.04127583    5.83577641e+04
    -0.02189415     -0.09028813      0.00924731       1.47597526      -0.35791225      0.21282440        0.02277783    3.23098381e+04
    -0.08203018      0.10359055      0.00780441      -1.56207498      -1.23695930     -0.01035229        0.05838583    3.06128101e+04
    -0.00196652      0.06982255     -0.00459303      -1.23281153      -0.03472150     -0.17387382        0.03714633    2.58014754e+04
     0.07077606      0.00574808      0.00645520      -0.10101007       1.24373580      1.33859214        0.04489117    3.92448465e+04
    -0.22890627     -0.05923238      0.00036648       0.80323397      -3.10413500     -0.70511052        0.05371693    1.18626643e+04
     0.20038347     -0.27165191     -0.00076387       3.47743131       2.56512008     -1.34960526        0.02035355    7.81628917e+04
     0.42626665     -0.11623447     -0.00371132       1.41896868       5.20378369      0.01999549        0.01557516    7.30594101e+04
    -0.19913930     -0.08728418      0.00161937       1.20014846      -2.73814492     -0.39982673        0.08804219    1.02981819e+04
    -0.08650891     -0.00788218      0.00459778       0.13108456      -1.43868597      3.37738292        0.04337237    5.48121154e+04
     0.05448226      0.03224678     -0.00178134      -0.58617100       0.99036009      0.67650748        0.04120936    1.14623844e+04
    -0.29172335     -0.09250764      0.00258438       1.20330892      -3.79464111     -0.40934058        0.00356122    1.49648550e+04
    -0.14546352      0.13663532      0.00398626      -1.90619496      -2.02935682     -1.05611157        0.04979763    3.78892898e+04
    -0.16705850     -0.13321170      0.00422244       1.83700842      -2.30376066     -1.88028841        0.05541697    1.18927601e+04
    -0.21994327      0.18493742     -0.00896068      -2.43014138      -2.89013028     -1.02521909        0.05588409    5.25727401e+04
     0.01511781      0.24771922      0.00719496      -3.33286790       0.20339826      0.11494177        0.07070312    5.67578238e+04
     0.26487512      0.17992447     -0.00083493      -2.32326805       3.42019005      1.42732865        0.01774818    2.00961826e+04
    -0.01790388      0.04143165     -0.00475168      -0.84086498      -0.36336331      1.12168914        0.02522231    1.00636224e+04
     0.22110774      0.15362891     -0.00516471      -2.03997538       2.93599923      0.22909483        0.08107305    1.39697534e+04
     0.14709915      0.29740903     -0.00033972      -3.81798022       1.88838119     -0.32316767        0.09471706    2.56909352e+04
     0.11408199     -0.00909663      0.00773663       0.14150964       1.77469116      0.26881236        0.01359327    3.49336634e+05
    -0.20849853      0.07639339     -0.00243305      -1.04672470      -2.85679907     -0.51863800        0.04976496    2.67019411e+04
    -0.11945279     -0.02424614      0.00499451       0.37195633      -1.83250671      1.71836400        0.02141763    1.34626745e+04
     0.30526837     -0.31061439     -0.00806363       3.80234008       3.73689755     -0.18919018        0.00600732    2.68575808e+04
     0.03443561     -0.00095898     -0.00047887       0.02148407       0.77145909     -0.08633786        0.03255033    2.14862248e+04
    -0.17353064     -0.09929026      0.00983372       1.38476983      -2.42017693     -2.21582243        0.01436876    4.38686809e+04
     0.03132029     -0.07564906      0.00540876       1.27787833       0.52906829     -0.19543485        0.07099331    1.11845668e+04
    -0.11724451      0.22332955     -0.00578943      -2.99685015      -1.57329935      0.83648414        0.05337254    4.05543987e+04
    -0.02901287      0.07941957      0.00002883      -1.33015426      -0.48592051     -1.06772258        0.01438345    2.15449409e+04
    -0.08263421      0.05791842     -0.00532750      -0.92777119      -1.32368324     -0.75072033        0.00092416    2.14417813e+05
    -0.08064613     -0.15233084     -0.00180878       2.18103864      -1.15467309      0.79271102        0.08081570    1.51160941e+04
    -0.15966715     -0.35180486      0.00560168       4.40142925      -1.99759508     -1.47665722        0.01761944    2.67591229e+04
    -0.03766123      0.08667201      0.00542450      -1.41083972      -0.61304645      1.05780101        0.06062166    1.29379202e+05
     0.05047333      0.05596897     -0.00543799      -0.96709641       0.87213632     -0.53214389        0.03369219    1.11294702e+04
    -0.18530775     -0.20338406      0.00844447       2.69125780      -2.45206484     -0.38856822        0.05854859    1.38612054e+05
     0.12062381      0.12577353      0.00185136      -1.79719234       1.72360745     -1.12387841        0.03156536    3.13486370e+04
    -0.33764057     -0.18147629     -0.00240151       2.27356849      -4.23002350      0.37804626        0.00869396    1.07199369e+04
    -0.02647718     -0.07131675      0.00003871       1.22909549      -0.45631611      2.45987199        0.02229500    1.42440795e+04
    -0.06845781     -0.21347890      0.00210143       2.92040291      -0.93650663      0.78149724        0.01880586    3.34549272e+04
     0.00218658     -0.10021293      0.00119781       1.60786321       0.03508257     -0.86428526        0.04280194    1.07144054e+04
     0.05514555     -0.05664925     -0.00027190       0.96602860       0.94038643      1.13562059        0.06582838    2.36043211e+04
    -0.23950424      0.00006171      0.00009866      -0.00083509      -3.24103981     -0.31667955        0.02638061    1.52073729e+04
    -0.02534710     -0.20320106     -0.00647176       2.82239050      -0.35206217      1.37448498        0.00120699    2.59542308e+04
    -0.19996386     -0.18583209      0.00625466       2.46212147      -2.64935566      0.80667640        0.05189374    1.04743258e+04
     0.04676813      0.11120470      0.00083521      -1.70981460       0.71907776     -2.94314157        0.06057595    7.28976880e+04
     0.15657568      0.02549512     -0.00737840      -0.37071819       2.27672780     -1.00407963        0.09628705    2.75893117e+05
    -0.03157020      0.14317365      0.00532314      -2.11388505      -0.46611776      0.94438522        0.05894708    2.45032437e+05
    -0.44306423      0.16572426      0.00864888      -1.99612025      -5.33663259      0.15165727        0.04711726    3.87830369e+04
    -0.08603993     -0.07790178      0.00894614       1.20804235      -1.33424272     -1.02375595        0.05734016    1.14782279e+04
     0.06859910     -0.09446931     -0.00261965       1.46304724       1.06239494     -0.63358952        0.09279006    4.01091875e+04
     0.04396957      0.12519623     -0.00728966      -1.88622132       0.66245081     -1.90623662        0.08283781    1.02494832e+04
     0.13723698      0.13818842      0.00036799      -1.93601160       1.92268195     -0.08837329        0.03229787    1.02239277e+04
     0.10268506     -0.02398479     -0.00774782       0.38020474       1.62775455      2.21068973        0.02372544    1.47139776e+04
     0.30103913      0.24287361      0.00867975      -3.03796378       3.76552211      0.80493339        0.02626336    1.93707136e+04
    -0.10801666      0.01468739     -0.00632841      -0.23102858      -1.69907173      2.19041700        0.05044210    4.21413439e+04
    -0.31633369     -0.18859475     -0.00494468       2.37913544      -3.99057088      0.88239709        0.07440495    3.09083108e+04
    -0.06048736     -0.01608855     -0.00186727       0.29346874      -1.10334024      1.02747934        0.05032192    1.79032975e+04
     0.19583503      0.11753737     -0.00233671      -1.60297835       2.67080426      1.97407869        0.00677964    1.37153591e+04
     0.35461810      0.13279576      0.00589326      -1.66722829       4.45217039      0.37726326        0.07235807    7.78407303e+05
     0.06504970      0.05077494     -0.00087366      -0.85590658       1.09653442     -0.18722732        0.08059701    1.72986285e+04
    -0.38608338     -0.23025753     -0.00658463       2.80158998      -4.69755459      1.03265752        0.02894979    1.80790357e+04
    -0.15388529     -0.04402174     -0.00465580       0.63902854      -2.23383018      1.45384024        0.06641257    1.19329974e+04
     0.04284873      0.41796908      0.00018227      -5.15095145       0.52805754     -0.47996464        0.04265919    4.69178389e+04
    -0.15341900     -0.18025838     -0.00705092       2.44399176      -2.08009630     -0.72156908        0.08891194    3.19229155e+04
     0.05052005     -0.10724249      0.00223311       1.65524834       0.77975841      0.13885603        0.08452256    1.27969192e+04
     0.08505510      0.02274022      0.00131495      -0.37686673       1.40959252      0.83149887        0.05254320    1.08879947e+04
    -0.11910867      0.00139958      0.00429405      -0.02157915      -1.83645265      0.79809105        0.06915055    3.06461097e+04
    -0.02197612     -0.05481031      0.00875409       1.01788152      -0.40811824     -1.42416760        0.08833497    2.84063554e+04
    -0.00109314      0.07524734      0.00824509      -1.30074536      -0.01889630      1.91160607        0.04957170    1.37085253e+04
    -0.02236325      0.05887934      0.00892151      -1.07196889      -0.40714981     -0.64116493        0.03132507    1.70517307e+05
    -0.11449726     -0.09921438     -0.00510569       1.45546286      -1.67966085     -0.26506500        0.07536661    1.17584437e+04
     0.23679770     -0.17678206     -0.00736869       2.31255330       3.09764059     -0.90265436        0.02200663    1.74828675e+04
     0.02739666     -0.06929219     -0.00395447       1.20113627       0.47490380      2.69832884        0.03885311    1.51928953e+05
    -0.06166452     -0.03549718      0.00790170       0.62342699      -1.08299675      0.24207067        0.08657272    1.71095193e+04
    -0.02766721     -0.22148950      0.00944107       3.03218036      -0.37876269     -0.85097508        0.07244223    2.71843057e+04
    -0.05977905      0.06795869      0.00718650      -1.11830925      -0.98370742      0.86392355        0.04038110    1.64912670e+04
    -0.03835828     -0.04694416     -0.00779965       0.86472378      -0.70656962      0.76913578        0.02147445    1.37263282e+04
    -0.08013172      0.01728795      0.00894856      -0.29193687      -1.35316235     -0.18772702        0.03559684    3.86665776e+05
     0.14572515      0.36762866     -0.00153284      -4.58052009       1.81568267      0.84060671        0.02841041    1.68135234e+04
    -0.09303253     -0.29733591     -0.00981379       3.85648477      -1.20664382     -0.82529196        0.01760893    8.70763173e+04
    -0.12430712     -0.04604987     -0.00115213       0.69393468      -1.87320878     -0.49291827        0.07433329    1.29475827e+04
    -0.14387039      0.17700868     -0.00907862      -2.41456813      -1.96253008     -2.01021665        0.02520699    1.26738481e+04
     0.15768466     -0.09821838      0.00087756       1.38746260       2.22750114     -1.32395108        0.04541675    1.03180300e+04
     0.23478955      0.03106190     -0.00322892      -0.42110848       3.18305927      1.80763081        0.03858594    2.81809340e+04
    -0.09605551      0.21904556     -0.00053130      -2.96484009      -1.30013689      1.64142863        0.09820774    1.57440913e+04
     0.20382590      0.07611537      0.00226341      -1.04646101       2.80227067      0.06578865        0.03910922    6.93071140e+04
     0.01131126     -0.10853344      0.00737602       1.70680082       0.17788121      1.66293145        0.00799825    1.88138899e+04
    -0.01105783     -0.03563111      0.00323803       0.77455910      -0.24037829     -0.16007449        0.00898258    2.41030610e+05
    -0.07867851      0.14027918     -0.00131902      -2.03445443      -1.14106630     -0.24341030        0.05907537    1.22499518e+04
    -0.16388662     -0.32498483      0.00638856       4.10795988      -2.07160331      0.05651065        0.05993636    7.13964105e+04
    -0.15590100      0.11946544      0.00811164      -1.67125322      -2.18096594     -0.12492160        0.04187590    4.32583737e+04
     0.01252355     -0.31855208     -0.00760480       4.11624636       0.16182597     -0.21519632        0.04318437    4.22319815e+04
    -0.46538741      0.13779997      0.00063866      -1.65105682      -5.57606098      1.14339811        0.00539326    6.11005663e+04
    -0.06904412      0.04244185     -0.00430976      -0.71890144      -1.16950423      0.15013565        0.05165465    4.05537618e+04
     0.22294313     -0.09692562     -0.00905878       1.30844405       3.00961313      0.71248176        0.05047395    2.63128894e+04
    -0.00130162      0.23564648      0.00337093      -3.19729979      -0.01766062      1.03138053        0.01495493    1.14933602e+04
     0.33923642      0.32036329      0.00725542      -3.86939802       4.09735069      0.38818580        0.01038394    1.03327232e+04
    -0.40993603     -0.24084978     -0.00674195       2.89800240      -4.93251674     -0.97027133        0.01235725    1.13172574e+05
     0.23643409     -0.04614722      0.00624827       0.62388794       3.19647373     -1.35286589        0.01010282    2.56728739e+04
    -0.07420595      0.07160451      0.00706791      -1.14107732      -1.18253332      0.14878063        0.06097082    4.72974068e+04
     0.27497855      0.11296330      0.00828681      -1.47629534       3.59364104     -0.17125630        0.01964827    1.91097577e+04
    -0.03393091      0.05398601     -0.00469430      -0.97922512      -0.61545574      0.08739143        0.02514302    1.13139464e+04
    -0.28673346     -0.01069142      0.00807906       0.14052265      -3.76868187     -0.01605404        0.01735721    1.14146642e+04
     0.20065126      0.32478422     -0.00358674      -4.07183931       2.51557695      2.58357366        0.09578353    3.11244938e+04
    -0.07662248     -0.11761400      0.00104676       1.75166916      -1.14116708     -1.33022626        0.08546175    1.74216889e+04
     0.21827210     -0.00308679     -0.00898985       0.04241492       2.99922777     -1.98994627        0.02304948    1.24769096e+04
    -0.14653363      0.04584725     -0.00912238      -0.67083718      -2.14408087      0.33237683        0.03275663    1.94809724e+04
    -0.09522464      0.12319615      0.00440746      -1.79774762      -1.38957156     -0.37642255        0.02098928    1.06788189e+04
    -0.09810768      0.07061832     -0.00111040      -1.08530895      -1.50778348      0.31606787        0.04918760    2.35933463e+04
     0.20746613      0.18324492     -0.00487415      -2.42242535       2.74262004      0.58388302        0.00196105    1.36296133e+04
     0.30386644     -0.27380914     -0.00619173       3.39096970       3.76321215      1.28410470        0.06713680    4.75247923e+04
    -0.35636058      0.21127831      0.00339907      -2.61048852      -4.40307963     -1.50722582        0.05231581    1.44353957e+04
    -0.06397792      0.05479933     -0.00999197      -0.91870598      -1.07258427     -0.55671790        0.08986389    1.82039259e+04
    -0.18823747     -0.29534279      0.00611782       3.75759578      -2.39491312      0.42876126        0.01643927    1.01163822e+04
    -0.24687483      0.09411422     -0.00841501      -1.25350454      -3.28811856      0.77046360        0.08041092    1.07726398e+04
    -0.06300643     -0.08472711     -0.00617021       1.34267581      -0.99846683      2.19344955        0.07919610    1.63550651e+04
     0.04597583      0.01868817     -0.00227527      -0.36716509       0.90328385      0.95570397        0.01271812    1.90526797e+04
     0.04272916     -0.10095542     -0.00030283       1.58594202       0.67124646     -0.05678860        0.03985592    2.46317760e+04
     0.35723505     -0.14013252     -0.00290010       1.75527362       4.47465922     -0.89043575        0.01701526    1.40596740e+04
    -0.13025055     -0.17638083     -0.00358576       2.42182305      -1.78842443     -0.56428985        0.02547205    3.20545766e+04
     0.24596146     -0.07218643      0.00927832       0.96614616       3.29195822     -0.59270282        0.02632462    6.73496701e+04
     0.06195921      0.08691376      0.00283159      -1.37383436       0.97938106      0.65523363        0.05562364    4.38697467e+04
    -0.25298602      0.03614117     -0.00953134      -0.48395328      -3.38764362      0.25699745        0.04114109    1.04082386e+04
    -0.02529194     -0.01881801     -0.00139648       0.43634760      -0.58646356     -1.32364957        0.09477328    1.90731181e+04
    -0.12047663     -0.06795490      0.00750017       1.01510305      -1.79966699     -0.43590147        0.01263701    1.11592307e+04
    -0.17658024      0.12583148     -0.00397088      -1.73097021      -2.42908312      0.87754755        0.09736921    1.31513980e+04
    -0.03990510      0.06458568     -0.00810887      -1.11371658      -0.68812434      0.35166235        0.02306386    4.30959573e+05
     0.21845824      0.22352387      0.00516770      -2.89762843       2.83196062      0.56864462        0.07728739    1.16424002e+04
    -0.07837892      0.06340823      0.00212028      -1.01593964      -1.25580316      0.38292171        0.03389699    1.97589125e+04
     0.11825076      0.19340608      0.00140625      -2.64094718       1.61470620      1.62643073        0.01430814    2.57714807e+04
    -0.01437165     -0.14583025     -0.00892847       2.15332978      -0.21221184      0.23604306        0.08578892    3.28342873e+04
     0.05259483      0.19877034     -0.00719002      -2.75893730       0.73001753     -0.38602280        0.03088609    2.24241490e+04
     0.05962403      0.02298728      0.00245099      -0.41668262       1.08078429     -0.91575504        0.06588554    1.00976762e+04
    -0.02302254     -0.00786075     -0.00584352       0.20262622      -0.59345107      0.24960946        0.05664437    1.47753416e+04
    -0.31493422     -0.21469428      0.00008140       2.69238939      -3.94945577     -2.44070401        0.04717563    2.05142734e+04
     0.07630005     -0.07931878      0.00089763       1.24491267       1.19753351     -0.18428900        0.04958195    1.09527566e+04
    -0.27478236     -0.14434583     -0.00432986       1.87331845      -3.56612211     -0.20583986        0.07322379    1.53167659e+04
    -0.28162690      0.41172013      0.00896850      -4.90477884      -3.35499180     -1.36447085        0.00877729    1.03398831e+04
     0.03087258     -0.08923388      0.00684928       1.45283764       0.50264370     -0.92826584        0.06681807    1.08435491e+04
    -0.10540556     -0.02726052      0.00444747       0.42892489      -1.65848156      0.80965753        0.08958121    1.64732174e+04
     0.20287634      0.11034047     -0.00844012      -1.50208752       2.76179751      0.23071175        0.00577882    1.15126280e+04
    -0.40793623     -0.17912415     -0.00787740       2.18321267      -4.97203498      0.10178833        0.01406533    2.28240383e+04
     0.32441880     -0.21159347     -0.00014437       2.64606791       4.05699745      0.30634753        0.07166319    3.15030402e+04
    -0.13912447      0.10608983     -0.00678573      -1.51483947      -1.98653562      0.09262759        0.04372816    4.82115520e+04
    -0.08472581      0.28281309      0.00956531      -3.70014327      -1.10849767      1.24286256        0.04035486    1.24711409e+04
     0.04517678      0.05709917     -0.00682960      -0.99624997       0.78823158      0.12342918        0.01369666    1.19876444e+04
     0.26860060      0.37684772     -0.00025064      -4.55910445       3.24953052     -1.45821311        0.05067700    1.11547654e+04
    -0.40500095      0.18203390     -0.00271758      -2.22011938      -4.93946725      1.63012996        0.01265453    2.70318451e+04
    -0.06686291     -0.04585872      0.00278773       0.77669430      -1.13243562      0.37034027        0.04766205    3.32680137e+04
     0.10315886      0.05723261     -0.00741927      -0.88431387       1.59393057     -0.58925373        0.07636153    1.03227968e+04
     0.05710258     -0.02278775     -0.00139367       0.41794356       1.04730191     -1.25340172        0.02582644    1.36705631e+05
     0.00356731     -0.11055729     -0.00450590       1.73320148       0.05592462      0.39591422        0.04807862    1.05424243e+04
    -0.26349835     -0.15948356      0.00775503       2.07236304      -3.42395327     -0.11717200        0.09920160    2.15463084e+04
     0.06583025     -0.12257803     -0.00918829       1.82886860       0.98218975      1.57414679        0.06866504    3.35536594e+04
     0.05030455      0.02773208      0.00827455      -0.51950147       0.94234866     -0.34590728        0.08413568    7.26002526e+04
    -0.12801310      0.01876182      0.00665988      -0.28416819      -1.93889802     -0.83738079        0.04148476    3.41234112e+04
    -0.32071621     -0.34192880     -0.00404859       4.12596958      -3.87000261      0.89579622        0.07678609    4.84756357e+04
     0.10337001     -0.19185822      0.00578581       2.63700835       1.42077609      0.92528189        0.00405092    1.50615042e+04
     0.03122808     -0.14630069     -0.00937573       2.15151809       0.45924441      0.16865137        0.01229112    5.17268659e+04
    -0.01386028      0.08070487      0.00933731      -1.36323740      -0.23412284      0.67635705        0.02030706    1.08614628e+04
     0.44388996     -0.17291500      0.00053190       2.07975869       5.33894703     -0.03768712        0.04019519    8.76182218e+04
     0.22091633      0.21910773     -0.00393438      -2.84245315       2.86591581      0.23386510        0.08457449    2.18396141e+04
     0.08011697     -0.07998256     -0.00274834       1.24728498       1.24938106      1.16499088        0.03462661    5.23902508e+04
     0.04986692     -0.00920764     -0.00867189       0.17960366       0.97270089      0.62531833        0.06546212    1.81092200e+04
     0.02002129      0.04064433      0.00978699      -0.82378602       0.40579475     -0.16927444        0.07093143    2.75589838e+04
    -0.01188355     -0.06701040     -0.00921416       1.19215487      -0.21141535      1.35236255        0.05861824    2.08828707e+04
     0.19388385      0.05015183      0.00309814      -0.69924968       2.70325549     -2.36485537        0.03572420    3.62678400e+04
    -0.33211155      0.22441528     -0.00114528      -2.78942087      -4.12805623      2.05207331        0.05770533    1.08791872e+04
    -0.17217826     -0.01767745      0.00897832       0.25290878      -2.46332995     -1.70595909        0.03422656    1.06354530e+04
    -0.28513222     -0.15826145     -0.00508001       2.03745345      -3.67078430     -0.62709282        0.00838737    1.32385839e+04
     0.14540623     -0.06190884      0.00064174       0.90085060       2.11584166     -0.04091754        0.09928040    1.18757685e+04
    -0.11759802     -0.22126517     -0.00035288       2.97232272      -1.57973019     -0.14648067        0.01271825    7.30277385e+04
    -0.25968660      0.03068969      0.00405733      -0.40943470      -3.46450895      1.00641104        0.00723484    1.27717484e+04
     0.03076531     -0.07817024     -0.00863980       1.31147295       0.51615383     -1.05783662        0.08785307    2.95042721e+05
     0.12804862     -0.04113209     -0.00612422       0.61797265       1.92381525      0.26076682        0.03018347    1.50043550e+04
     0.21872063      0.03052049     -0.00570870      -0.41856574       2.99959044     -0.57821210        0.06502970    1.21995366e+04
     0.05064430     -0.00558433      0.00476302       0.10875576       0.98630592      0.29514098        0.03290057    4.58298339e+04
     0.11534874      0.06932926     -0.00621723      -1.04146960       1.73277787     -0.06477226        0.03914543    2.87456021e+04
     0.07280826     -0.17004454      0.00146984       2.40392666       1.02929345      0.09293565        0.02621130    1.97321853e+04
    -0.09344838      0.48433671     -0.00569512      -5.78354214      -1.11588200     -0.54992483        0.03430440    2.22128393e+04
     0.11224118      0.12285378      0.00723250      -1.77041916       1.61748333     -0.51006395        0.04107004    3.47233990e+04
    -0.28633153      0.11366721      0.00884371      -1.47696583      -3.72052673      0.28727251        0.07204161    1.29227382e+04
    -0.09523588     -0.12112919      0.00036986       1.77114919      -1.39253762      0.94371551        0.05115362    7.33706770e+05
    -0.21697463      0.20132440     -0.00295382      -2.63291125      -2.83758430     -0.59827933        0.09435652    2.86083992e+05
     0.19343487      0.06904476     -0.00531884      -0.95851999       2.68537659     -0.86876754        0.00418804    2.80758836e+04
    -0.29208687     -0.21070628     -0.00900438       2.66819302      -3.69872300      0.61346017        0.05030683    1.24617894e+04
     0.12114630     -0.08525308     -0.00463000       1.25615584       1.78502202     -0.03250389        0.05842248    3.06209275e+04
    -0.15488980      0.13967142      0.00308472      -1.93395709      -2.14467798      0.83049813        0.09201970    1.07697858e+04
     0.04578464      0.21319949      0.00067234      -2.93005011       0.62922888     -0.90579721        0.00491585    1.03129568e+04
    -0.14028537      0.05293153      0.00888083      -0.77807029      -2.06213353     -1.77943893        0.05734996    1.34247300e+04
     0.07193393      0.02255731     -0.00207445      -0.38974019       1.24285844     -0.53300408        0.08536299    1.84500731e+04
     0.02538670     -0.05352324      0.00387727       0.99300023       0.47099158     -0.76635261        0.02419277    7.12198872e+04
     0.01114515     -0.02142544     -0.00021355       0.55398935       0.28817593     -0.07878840        0.08762923    3.57012011e+04
    -0.29720738     -0.18341693      0.00025152       2.33467897      -3.78309588     -0.63684521        0.00190434    3.77756854e+04
    -0.06107114      0.08070062     -0.00464451      -1.29180790      -0.97759071      0.74101695        0.07324546    1.72782714e+04
     0.02906255     -0.08986135     -0.00090098       1.46297415       0.47314851     -0.28815026        0.09331132    1.52085621e+04
    -0.24811651     -0.08877667     -0.00058430       1.18290816      -3.30603797      0.15047450        0.06571977    1.58059878e+04
     0.05668711     -0.10966188      0.00413285       1.67767757       0.86723564      0.15763456        0.04390292    4.49904649e+05
    -0.11925471     -0.12934904      0.00881280       1.84509438      -1.70110423      0.19495509        0.00448810    1.04135003e+04
     0.01731558     -0.07884781     -0.00341357       1.33698377       0.29361176     -0.02412911        0.09201138    7.06021138e+04
    -0.35653063     -0.25414823     -0.00915599       3.10796799      -4.35999808      0.51060069        0.04702962    2.34130985e+04
    -0.28513539      0.17071231     -0.00007410      -2.19093465      -3.65944920     -0.79565513        0.00289967    1.76750040e+04
     0.32968026     -0.08919838      0.00088923       1.13962268       4.21208447      1.39941793        0.06898211    3.54616322e+04
    -0.14209831     -0.03754659     -0.00663119       0.55408604      -2.09698672     -0.23653738        0.04818373    1.92976524e+04
    -0.21872012     -0.16985384      0.00520929       2.24524075      -2.89118761     -1.31154914        0.01243453    7.39038247e+04
     0.01387533      0.07396756      0.00969858      -1.27861121       0.23985036      0.18807336        0.02142718    9.23317088e+04
    -0.01218571     -0.01228578      0.00891549       0.36795492      -0.36495800     -0.85118048        0.00644907    1.71674915e+04
    -0.02383787     -0.01151277     -0.00605788       0.28645793      -0.59312788      0.66533453        0.05742935    1.37752340e+04
     0.08052734      0.18557051      0.00750726      -2.58288932       1.12083110      2.20960558        0.06220295    2.41795179e+04
     0.14964912      0.05880163      0.00408987      -0.85284400       2.17047283     -0.78657209        0.05057423    1.03348184e+05
    -0.14239730     -0.10953940     -0.00092307       1.55664031      -2.02357664      0.33237233        0.08171021    1.26351258e+04
     0.00138287     -0.01603446      0.00081222       0.49652339       0.04282214     -1.75550559        0.08610088    2.60917382e+04
    -0.14979648     -0.02218546      0.00699200       0.32548819      -2.19770025      0.45390523        0.06156244    2.66840731e+04
     0.03707425      0.25222820     -0.00039730      -3.37881291       0.49664138     -0.88571380        0.00127565    3.64673219e+04
    -0.07868329     -0.13599777     -0.00253585       1.98113448      -1.14621122     -0.62483462        0.06952297    1.14975833e+04
     0.22921198      0.12620871     -0.00013505      -1.68359097       3.05762749     -1.10128649        0.04179992    3.43249485e+04
    -0.09365191      0.03583687      0.00158260      -0.57493144      -1.50245893      0.73215123        0.05655575    9.99422289e+04
     0.15857660      0.26196524     -0.00621845      -3.40722769       2.06251253      1.00730436        0.06490806    1.21637673e+04
     0.08122527      0.18596381      0.00801815      -2.58696761       1.12993563      0.02338521        0.03502366    1.30747649e+04
     0.02782725      0.09003896      0.00348374      -1.46665213       0.45328046     -0.86442671        0.09170985    2.60968119e+05
    -0.07667777      0.06615252      0.00266538      -1.05876481      -1.22722035      1.58952304        0.01339749    1.21827488e+04
     0.20618209      0.06864391     -0.00801008      -0.94393337       2.83524294     -0.75041013        0.06715118    6.48681928e+04
    -0.25396586      0.18995176      0.00208348      -2.45658671      -3.28446107     -2.16203230        0.00043596    1.95066791e+04
    -0.14904285     -0.01098342     -0.00758079       0.16155524      -2.19227306      0.45838901        0.09246511    1.32408024e+04
    -0.10645468      0.01121525     -0.00842605      -0.17715950      -1.68159121     -1.10477467        0.01125041    7.24860404e+04
    -0.25488047      0.23109305      0.00054622      -2.94891268      -3.25245721      0.98860879        0.00948842    1.78843591e+04
     0.12409126     -0.19787381     -0.00194429       2.68870422       1.68614881     -0.38113770        0.03330076    2.03943942e+04
     0.09699278      0.12557374      0.00177621      -1.82586458       1.41029235      0.60371324        0.03735663    1.55192999e+04
    -0.17029439     -0.00609807     -0.00821556       0.08749368      -2.44334390      1.40150035        0.02143001    2.42143264e+04
     0.08552218      0.03513609     -0.00138034      -0.57507915       1.39975797     -1.20885886        0.05851217    1.19315886e+04
     0.19553252      0.09375082     -0.00650427      -1.28964195       2.68975719     -0.56593713        0.04429141    1.63177582e+04
    -0.11966834     -0.05990378      0.00974200       0.90092816      -1.79976266     -0.07567107        0.00341756    2.48251066e+05
    -0.45051004     -0.19838529      0.00122300       2.36997487      -5.38193884      1.53755132        0.03196521    1.34327734e+04
     0.12110015     -0.11656959      0.00374874       1.67673284       1.74190030     -0.65838272        0.08104329    2.85852555e+04
    -0.15869431     -0.06039176     -0.00349163       0.86705466      -2.27840105     -0.59450370        0.06897015    1.47479175e+04
     0.18898357     -0.04878733     -0.00810522       0.68325039       2.64665238      0.47814058        0.07248709    4.26873195e+04
     0.37023988      0.11695038      0.00951742      -1.46188717       4.62802186     -0.57722873        0.06981169    1.14885076e+04
     0.24377859      0.17249480     -0.00427482      -2.25264687       3.18355722      0.15252588        0.03109730    2.50770081e+05
     0.15347376      0.04361308     -0.00152384      -0.63347721       2.22919684     -1.55153742        0.00996639    1.81571128e+04
     0.10095750      0.23441694      0.00299728      -3.13963066       1.35216027      2.21432994        0.02724672    1.30495484e+04
    -0.19540312     -0.05183663     -0.00950605       0.72157335      -2.72003974     -1.34770923        0.08317853    1.07847151e+04
    -0.10478035     -0.13608947      0.00620518       1.94975755      -1.50119101     -0.32175270        0.09804708    1.20201023e+04
     0.08552786      0.02518950      0.00073156      -0.41610518       1.41283387     -0.03248104        0.04938470    2.06005560e+04
     0.15396214     -0.05437114     -0.00443566       0.78630673       2.22657569      1.91268813        0.00097004    1.50067488e+04
     0.05675685     -0.08680121     -0.00876784       1.38137626       0.90324280     -1.32484578        0.01400448    5.57396612e+04
    -0.11154132      0.36989775     -0.00675003      -4.62777431      -1.39548847      1.98370414        0.03220806    1.74391832e+04
     0.11284532      0.05946516      0.00790068      -0.90337799       1.71431448      0.75717682        0.05785853    1.32665958e+04
     0.20655604      0.37509337      0.00372048      -4.60629508       2.53658996      0.41709532        0.00750936    2.57051922e+04
     0.12879984      0.13198605     -0.00500197      -1.86689337       1.82182564     -0.98463369        0.09433573    3.33010807e+04
     0.15625923      0.15292506     -0.00868798      -2.10075511       2.14655706      0.57114124        0.03650837    1.19813784e+04
    -0.18632977     -0.02183006      0.00381231       0.30784449      -2.62759670     -0.72348662        0.09125842    1.19895886e+04
     0.00184868      0.07083822      0.00144815      -1.24556790       0.03250585      1.26666125        0.07805218    1.03767240e+04
    -0.08700248      0.10770677     -0.00190961      -1.60858999      -1.29937354     -0.97106203        0.07554373    3.69055433e+04
     0.06100918     -0.00402878     -0.00272777       0.07401649       1.12085612     -0.11315849        0.06067196    2.91686766e+04
    -0.08639793     -0.19731691     -0.00566371       2.71733799      -1.18982391     -0.55527309        0.06267838    1.88638160e+04
     0.15025615     -0.04988735      0.00339223       0.72567479       2.18566623     -0.98752296        0.06380032    6.08749228e+04
     0.17837389      0.22280922      0.00941336      -2.93099219       2.34645801      0.74131982        0.06287214    4.94103984e+04
    -0.07151019      0.06536599     -0.00648570      -1.05748949      -1.15689025      0.53545875        0.05537282    2.37812593e+04
    -0.07655812     -0.02741698      0.00194233       0.46398174      -1.29560498      1.20901020        0.09864140    7.12192721e+04
     0.13010191      0.06811080     -0.00151630      -1.00529697       1.92026914     -1.77987511        0.07322906    1.25593870e+04
     0.39834407      0.01048304     -0.00106623      -0.13043795       4.95649742      1.06417070        0.07769464    1.12460692e+04
    -0.12051684     -0.22064348     -0.00491705       2.96237175      -1.61806576      2.50544891        0.08724628    1.36435348e+04
    -0.09451966     -0.11695154      0.00650270       1.71817008      -1.38861665     -0.45164109        0.02156398    1.05990137e+04
    -0.15196574      0.09538718     -0.00029489      -1.35584146      -2.16005390      1.89514861        0.00838042    2.10907207e+04
    -0.05583885      0.00363847      0.00086812      -0.06872856      -1.05476329     -0.26316127        0.04828944    1.37437464e+05
    -0.40850334      0.24005598     -0.00390478      -2.89047668      -4.91872503     -1.37240974        0.05140807    1.04052870e+04
     0.22975065      0.03491805     -0.00636383      -0.47485881       3.12443319     -0.30563244        0.08291818    1.13751254e+04
    -0.05838745      0.09820375     -0.00828179      -1.52826856      -0.90863851      1.04820397        0.04437836    1.81053490e+04
     0.08934930      0.18117937      0.00428238      -2.52236096       1.24391201     -0.83817648        0.05708530    1.32513986e+05
     0.05260776      0.03743161     -0.00607531      -0.67640495       0.95064446     -0.60033866        0.05270709    1.45559252e+04
     0.42967369     -0.11981059      0.00380151       1.45994563       5.23576599      0.59353943        0.00382028    2.00868741e+04
    -0.06834995     -0.04924025     -0.00219247       0.82550580      -1.14587717      0.00306012        0.06152149    1.04292375e+04
    -0.03008520     -0.22299159     -0.00168450       3.04868196      -0.41131688      0.58462295        0.08280433    1.17214025e+04
    -0.04136677      0.09499670     -0.00061645      -1.51213846      -0.65846793      0.23782954        0.01575005    4.30363371e+05
    -0.19942336      0.15844125     -0.00264583      -2.12277373      -2.67184640      0.47962532        0.05943317    2.24555148e+05
     0.02336987      0.28380662     -0.00798760      -3.73475732       0.30753609     -0.43230119        0.05936105    1.00491462e+04
     0.19295211      0.13464352     -0.00380736      -1.82733364       2.61867699      0.23173094        0.01641850    1.73291207e+05
     0.09154806      0.19151618      0.00327469      -2.64394713       1.26385270     -0.92737301        0.01234636    2.72278314e+04
     0.10744125     -0.34913362      0.00331569       4.41048856       1.35726952      1.28843362        0.09800519    7.10424615e+04
    -0.02371181     -0.04843710     -0.00427551       0.92588753      -0.45325724     -0.63427472        0.03937192    1.81881826e+04
    -0.12090067     -0.03671952     -0.00079795       0.55895721      -1.84039201      1.12884749        0.02274217    2.04265083e+04
    -0.10309489      0.01626896     -0.00613106      -0.25851947      -1.63821441     -0.23360696        0.01713245    1.93782720e+04
     0.42355231     -0.22448337     -0.00579256       2.69656027       5.08783493      0.20199901        0.06676017    2.94286962e+04
     0.12757921      0.06273411     -0.00953906      -0.93193123       1.89522164     -0.49496455        0.06094453    1.16043574e+04
    -0.05003687      0.25702713      0.00793493      -3.42827186      -0.66740031     -1.01599543        0.06435521    1.03058132e+04
    -0.14102656      0.19426588     -0.00578587      -2.62787194      -1.90769339     -1.74476039        0.00880060    1.43853977e+04
     0.01914069     -0.09264435     -0.00544932       1.50765967       0.31148847     -1.05532416        0.08935346    3.30724966e+04
     0.10176911     -0.00478994     -0.00440797       0.07655196       1.62645556     -0.32390885        0.03892664    1.24974211e+04
     0.00662930      0.11296196     -0.00745184      -1.76176143       0.10339094      0.21187918        0.03133694    3.00028301e+04
     0.10432797     -0.10524005      0.00278526       1.55054640       1.53710839      1.01037931        0.04623614    2.51337907e+05
     0.04882160     -0.08798886     -0.00849714       1.41041586       0.78258502     -0.44575746        0.03900661    1.10248929e+04
     0.00416297      0.02592267     -0.00731595      -0.64720967       0.10393659     -0.88196076        0.08635770    2.99290171e+04
    -0.28556232      0.20930841      0.00289513      -2.65814265      -3.62654033     -1.44271479        0.09292610    1.78352538e+04
    -0.37586947      0.23961915     -0.00320679      -2.92026147      -4.58075707      0.48006362        0.03034532    7.11545410e+04
     0.12799716     -0.01762575      0.00415896       0.26703767       1.93921215      1.38319452        0.08639358    1.21267727e+04
     0.05401151      0.11647006      0.00114849      -1.76694958       0.81940049      1.26633027        0.07815231    3.18167045e+04
     0.00476824     -0.01494368     -0.00487958       0.46830153       0.14942589      0.70993275        0.09308077    5.87316789e+04
    -0.12018876      0.20560117      0.00301656      -2.78482299      -1.62793062      0.63854332        0.02457503    1.54245001e+05
    -0.03766834     -0.31188247     -0.00767453       4.03970580      -0.48790493      1.69762378        0.05769592    3.09038334e+04
    -0.06666429      0.03664300      0.00072821      -0.63152140      -1.14892132      0.33208146        0.02745446    1.96929094e+04
    -0.07041271     -0.03777002     -0.00125704       0.64222587      -1.19726874      0.64612968        0.08240945    2.57512123e+04
     0.14499604     -0.25379081     -0.00464253       3.32579075       1.90009437     -0.32078386        0.00053242    7.15389123e+04
     0.07107653     -0.20071835      0.00208010       2.76954146       0.98072449     -1.36204337        0.05648192    2.29834150e+04
     0.02679598     -0.02985166      0.00742667       0.63182025       0.56714568     -0.68384890        0.03392034    1.03101626e+04
     0.20032556      0.07875786      0.00997809      -1.08473736       2.75909765     -0.00915904        0.03226837    1.27614842e+05
    -0.04290975     -0.11259472      0.00215526       1.73164193      -0.65992726      0.06078537        0.06449063    3.15091116e+04
     0.08703376      0.10518875     -0.00190588      -1.57549280       1.30357149      1.92628585        0.08514844    3.02799306e+04
    -0.24249571      0.14173323     -0.00549586      -1.86926579      -3.19818385      0.08127717        0.06091954    1.27148556e+04
    -0.29074286     -0.09162529     -0.00485808       1.19258940      -3.78429198      1.17884344        0.08531730    2.87601457e+04
    -0.11891591      0.08330846     -0.00041090      -1.23237804      -1.75911726     -0.43507724        0.02645971    1.63914477e+04
    -0.41869778     -0.05185626     -0.00265445       0.63857695      -5.15599775     -0.31167589        0.05195019    2.81468651e+04
     0.14685358     -0.00320571      0.00827629       0.04731314       2.16741344     -1.32900764        0.04505365    1.11797686e+04
     0.18621629      0.21180322     -0.00263409      -2.79156695       2.45433117     -0.74232801        0.00116449    2.86752207e+04
    -0.07638016     -0.15097240     -0.00253111       2.16895651      -1.09732146      0.52698139        0.05568121    9.45142825e+05
    -0.29365297      0.22483684     -0.00232931      -2.83428491      -3.70177851      0.00756018        0.06615243    1.05012225e+04
     0.25444815      0.28144065      0.00673240      -3.53223687       3.19346602      0.94293862        0.05919144    3.06771449e+05
     0.03097568      0.04796410      0.00301577      -0.90022157       0.58137180      0.18125395        0.07362799    1.67458994e+04
     0.38877106     -0.12828536      0.00228338       1.58848806       4.81394128     -0.35245373        0.05713395    7.24878865e+04
     0.22851114     -0.21566550     -0.00331714       2.79335017       2.95972990      2.14829686        0.00667503    4.43580211e+04
     0.24443076     -0.16156990      0.00635808       2.11645525       3.20187585     -0.09390357        0.01164455    2.27970160e+04
     0.09140879     -0.00486764     -0.00923272       0.07987109       1.49988748      1.16300097        0.05964746    3.71836670e+04
     0.07800057      0.29097086      0.00741594      -3.79452154       1.01719751     -0.40120921        0.02749792    7.67638838e+04
    -0.20376110      0.26119523      0.00025500      -3.35396170      -2.61646021      0.70959948        0.00796451    1.66694149e+04
    -0.05601435     -0.10071589     -0.00203500       1.56431374      -0.87001186      0.92801566        0.04296027    1.47877112e+04
    -0.42598550      0.04350354     -0.00005665      -0.53424189      -5.23128184      0.20849197        0.05543226    2.94913438e+04
    -0.03693423      0.02079419      0.00334831      -0.43147330      -0.76637438     -2.35448292        0.03287460    4.99419381e+04
    -0.04829149      0.06003664     -0.00974469      -1.03104782      -0.82934081      0.01825246        0.07204337    4.07601413e+04
    -0.15452585     -0.10329390      0.00743104       1.45902428      -2.18267462      1.23046005        0.06437706    4.75817780e+04
    -0.17657589     -0.09080080     -0.00106521       1.26787360      -2.46557188      0.52748083        0.03328184    1.75817215e+04
     0.11822572      0.19012109     -0.00314067      -2.60145235       1.61769834      0.44583888        0.07548725    5.25364255e+04
    -0.02398546      0.00430428     -0.00723509      -0.11087218      -0.61783129     -1.72225693        0.06486950    1.13508275e+04
    -0.41413842     -0.14462231     -0.00121069       1.76794857      -5.06267281     -0.72045507        0.06374454    2.16940543e+04
    -0.03615081     -0.01709096     -0.00007354       0.36215294      -0.76602634      0.41135763        0.05534277    1.00573376e+04
     0.01860639      0.07267026     -0.00192707      -1.25732283       0.32192314      0.41038328        0.00113897    1.47349182e+04
    -0.00107359     -0.02209110      0.00357320       0.59313704      -0.02882556      1.21466678        0.06965072    1.56935839e+04
     0.19307305      0.03082740     -0.00158207      -0.43159762       2.70311056     -0.14486676        0.03760418    1.64530773e+04
    -0.24767917      0.32000358      0.00922835      -3.97076752      -3.07332939      0.40582409        0.09426097    3.21040206e+04
     0.04381475     -0.22802927      0.00198555       3.10143682       0.59592647      0.01637424        0.08179848    1.62515089e+04
    -0.28749175     -0.12204160      0.00614956       1.58225939      -3.72730697     -0.98694274        0.05876945    1.79922999e+04
    -0.00150835      0.02147095     -0.00781288      -0.58333639      -0.04097988     -2.25579133        0.02521820    1.30747785e+04
    -0.06349885     -0.17621198     -0.00205417       2.48561822      -0.89570477      0.43100969        0.02037174    1.58609131e+04
    -0.14769398     -0.06656459     -0.00326305       0.96406890      -2.13908277      0.17394721        0.03403848    1.29031747e+04
     0.04978042     -0.16647876      0.00138965       2.38009047       0.71169387     -0.61817504        0.04765679    1.07812523e+04
    -0.00484135     -0.05130281      0.00722227       0.99539281      -0.09393340     -1.61917306        0.02960655    2.48394198e+04
    -0.18476842     -0.15306489     -0.00843324       2.07071255      -2.49960848      0.62973951        0.05149295    2.95447745e+04
    -0.17458222      0.01299220     -0.00854850      -0.18549309      -2.49255742     -0.26592007        0.01653704    2.58595349e+04
     0.18648975      0.20672255      0.00700635      -2.73025167       2.46303055      0.55687472        0.09777128    1.84794756e+04
    -0.01206788      0.16918841     -0.00574300      -2.42953757      -0.17329417      1.86404853        0.01079246    1.60253309e+04
    -0.06717090      0.03742399      0.00337507      -0.64306556      -1.15421378     -2.14143088        0.09319441    6.88232729e+04
